timestamp_utc,endpoint,strategy,params_json,rows,status,error,elapsed_seconds
2026-07-26T22:32:25.164480Z,sessions,sessions_by_year,"{""year"": 2026}",126,pass,,0.938
2026-07-26T22:32:29.896213Z,weather,weather_by_session_key,"{""session_key"": 11465}",540,pass,,4.572
2026-07-26T22:32:30.875495Z,race_control,race_control_by_session_key,"{""session_key"": 11465}",56,pass,,0.878
2026-07-26T22:32:33.372811Z,intervals,intervals_by_session_key,"{""session_key"": 11465}",0,http_404,"{""detail"":""No results found.""}",2.396
2026-07-26T22:32:36.203800Z,position,position_by_session_key,"{""session_key"": 11465}",415,pass,,2.73
2026-07-26T22:32:37.157779Z,stints,stints_by_session_key,"{""session_key"": 11465}",207,pass,,0.852
2026-07-26T22:32:37.259178Z,pit,skip_non_race_like_session,"{""session_key"": 11465}",0,skipped_not_applicable,pit endpoint is only treated as required for race/sprint-like sessions,0.0
2026-07-26T22:32:38.323607Z,starting_grid,starting_grid_by_session_key,"{""session_key"": 11465}",0,http_404,"{""detail"":""No results found.""}",1.064
2026-07-26T22:32:39.177085Z,drivers,drivers_by_session_key,"{""session_key"": 11465}",22,pass,,0.753
2026-07-26T22:32:40.258902Z,team_radio,team_radio_by_session_key_opportunistic,"{""session_key"": 11465}",0,http_404,"{""detail"":""No results found.""}",0.98
2026-07-26T22:32:45.366269Z,weather,weather_by_session_key,"{""session_key"": 11466}",484,pass,,5.006
2026-07-26T22:32:46.693506Z,race_control,race_control_by_session_key,"{""session_key"": 11466}",67,pass,,1.226
2026-07-26T22:32:47.333768Z,intervals,intervals_by_session_key,"{""session_key"": 11466}",0,http_404,"{""detail"":""No results found.""}",0.539
2026-07-26T22:32:49.127266Z,position,position_by_session_key,"{""session_key"": 11466}",280,pass,,1.693
2026-07-26T22:32:49.825073Z,stints,stints_by_session_key,"{""session_key"": 11466}",233,pass,,0.596
2026-07-26T22:32:49.926486Z,pit,skip_non_race_like_session,"{""session_key"": 11466}",0,skipped_not_applicable,pit endpoint is only treated as required for race/sprint-like sessions,0.0
2026-07-26T22:32:50.479970Z,starting_grid,starting_grid_by_session_key,"{""session_key"": 11466}",0,http_404,"{""detail"":""No results found.""}",0.553
2026-07-26T22:32:51.228999Z,drivers,drivers_by_session_key,"{""session_key"": 11466}",22,pass,,0.648
2026-07-26T22:32:51.908723Z,team_radio,team_radio_by_session_key_opportunistic,"{""session_key"": 11466}",0,http_404,"{""detail"":""No results found.""}",0.578
2026-07-26T22:32:52.618642Z,weather,weather_by_session_key,"{""session_key"": 11467}",528,pass,,0.609
2026-07-26T22:32:53.271348Z,race_control,race_control_by_session_key,"{""session_key"": 11467}",109,pass,,0.551
2026-07-26T22:32:54.253715Z,intervals,intervals_by_session_key,"{""session_key"": 11467}",0,http_404,"{""detail"":""No results found.""}",0.881
2026-07-26T22:32:55.080034Z,position,position_by_session_key,"{""session_key"": 11467}",216,pass,,0.726
2026-07-26T22:32:55.795980Z,stints,stints_by_session_key,"{""session_key"": 11467}",211,pass,,0.615
2026-07-26T22:32:55.897387Z,pit,skip_non_race_like_session,"{""session_key"": 11467}",0,skipped_not_applicable,pit endpoint is only treated as required for race/sprint-like sessions,0.0
2026-07-26T22:32:58.156949Z,starting_grid,starting_grid_by_session_key,"{""session_key"": 11467}",0,http_404,"{""detail"":""No results found.""}",2.259
2026-07-26T22:33:03.184706Z,drivers,drivers_by_session_key,"{""session_key"": 11467}",22,pass,,4.927
2026-07-26T22:33:05.955454Z,team_radio,team_radio_by_session_key_opportunistic,"{""session_key"": 11467}",1,pass,,2.669
2026-07-26T22:33:07.328337Z,weather,weather_by_session_key,"{""session_key"": 11470}",517,pass,,1.271
2026-07-26T22:33:09.253854Z,race_control,race_control_by_session_key,"{""session_key"": 11470}",57,pass,,1.824
2026-07-26T22:33:13.413548Z,intervals,intervals_by_session_key,"{""session_key"": 11470}",0,http_404,"{""detail"":""No results found.""}",4.058
2026-07-26T22:33:22.051666Z,position,position_by_session_key,"{""session_key"": 11470}",429,pass,,8.537
2026-07-26T22:33:25.204285Z,stints,stints_by_session_key,"{""session_key"": 11470}",243,pass,,3.051
2026-07-26T22:33:25.305976Z,pit,skip_non_race_like_session,"{""session_key"": 11470}",0,skipped_not_applicable,pit endpoint is only treated as required for race/sprint-like sessions,0.0
2026-07-26T22:33:34.557323Z,starting_grid,starting_grid_by_session_key,"{""session_key"": 11470}",0,http_404,"{""detail"":""No results found.""}",9.251
2026-07-26T22:33:38.084919Z,drivers,drivers_by_session_key,"{""session_key"": 11470}",22,pass,,3.427
2026-07-26T22:33:39.179324Z,team_radio,team_radio_by_session_key_opportunistic,"{""session_key"": 11470}",0,http_404,"{""detail"":""No results found.""}",0.993
2026-07-26T22:33:40.862325Z,weather,weather_by_session_key,"{""session_key"": 11469}",558,pass,,1.582
2026-07-26T22:33:44.675955Z,race_control,race_control_by_session_key,"{""session_key"": 11469}",51,pass,,3.712
2026-07-26T22:33:46.431462Z,intervals,intervals_by_session_key,"{""session_key"": 11469}",0,http_404,"{""detail"":""No results found.""}",1.654
2026-07-26T22:33:47.443427Z,position,position_by_session_key,"{""session_key"": 11469}",364,pass,,0.911
2026-07-26T22:33:48.332833Z,stints,stints_by_session_key,"{""session_key"": 11469}",265,pass,,0.788
2026-07-26T22:33:48.434338Z,pit,skip_non_race_like_session,"{""session_key"": 11469}",0,skipped_not_applicable,pit endpoint is only treated as required for race/sprint-like sessions,0.0
2026-07-26T22:33:50.246911Z,starting_grid,starting_grid_by_session_key,"{""session_key"": 11469}",0,http_404,"{""detail"":""No results found.""}",1.812
2026-07-26T22:33:56.390298Z,drivers,drivers_by_session_key,"{""session_key"": 11469}",22,pass,,6.042
2026-07-26T22:33:57.008794Z,team_radio,team_radio_by_session_key_opportunistic,"{""session_key"": 11469}",0,http_404,"{""detail"":""No results found.""}",0.517
2026-07-26T22:33:58.013347Z,weather,weather_by_session_key,"{""session_key"": 11468}",559,pass,,0.904
2026-07-26T22:33:58.658824Z,race_control,race_control_by_session_key,"{""session_key"": 11468}",46,pass,,0.544
2026-07-26T22:33:59.828999Z,intervals,intervals_by_session_key,"{""session_key"": 11468}",0,http_404,"{""detail"":""No results found.""}",1.069
2026-07-26T22:34:01.005507Z,position,position_by_session_key,"{""session_key"": 11468}",341,pass,,1.076
2026-07-26T22:34:02.050295Z,stints,stints_by_session_key,"{""session_key"": 11468}",290,pass,,0.943
2026-07-26T22:34:02.151736Z,pit,skip_non_race_like_session,"{""session_key"": 11468}",0,skipped_not_applicable,pit endpoint is only treated as required for race/sprint-like sessions,0.0
2026-07-26T22:34:03.639486Z,starting_grid,starting_grid_by_session_key,"{""session_key"": 11468}",0,http_404,"{""detail"":""No results found.""}",1.488
2026-07-26T22:34:04.575023Z,drivers,drivers_by_session_key,"{""session_key"": 11468}",22,pass,,0.835
2026-07-26T22:34:05.455212Z,team_radio,team_radio_by_session_key_opportunistic,"{""session_key"": 11468}",1,pass,,0.779
2026-07-26T22:34:06.945209Z,weather,weather_by_session_key,"{""session_key"": 11227}",82,pass,,1.389
2026-07-26T22:34:07.580525Z,race_control,race_control_by_session_key,"{""session_key"": 11227}",45,pass,,0.534
2026-07-26T22:34:09.075738Z,intervals,intervals_by_session_key,"{""session_key"": 11227}",0,http_404,"{""detail"":""No results found.""}",1.394
2026-07-26T22:34:09.933000Z,position,position_by_session_key,"{""session_key"": 11227}",717,pass,,0.756
2026-07-26T22:34:10.573699Z,stints,stints_by_session_key,"{""session_key"": 11227}",83,pass,,0.539
2026-07-26T22:34:10.675066Z,pit,skip_non_race_like_session,"{""session_key"": 11227}",0,skipped_not_applicable,pit endpoint is only treated as required for race/sprint-like sessions,0.0
2026-07-26T22:34:12.154442Z,starting_grid,starting_grid_by_session_key,"{""session_key"": 11227}",0,http_404,"{""detail"":""No results found.""}",1.479
2026-07-26T22:34:16.048631Z,drivers,drivers_by_session_key,"{""session_key"": 11227}",22,pass,,3.793
2026-07-26T22:34:17.861704Z,team_radio,team_radio_by_session_key_opportunistic,"{""session_key"": 11227}",0,http_404,"{""detail"":""No results found.""}",1.712
2026-07-26T22:34:18.751534Z,weather,weather_by_session_key,"{""session_key"": 11228}",79,pass,,0.789
2026-07-26T22:34:19.451772Z,race_control,race_control_by_session_key,"{""session_key"": 11228}",45,pass,,0.599
2026-07-26T22:34:23.135132Z,intervals,intervals_by_session_key,"{""session_key"": 11228}",0,http_404,"{""detail"":""No results found.""}",3.582
2026-07-26T22:34:25.588352Z,position,position_by_session_key,"{""session_key"": 11228}",550,pass,,2.352
2026-07-26T22:34:26.519977Z,stints,stints_by_session_key,"{""session_key"": 11228}",86,pass,,0.83
2026-07-26T22:34:26.621304Z,pit,skip_non_race_like_session,"{""session_key"": 11228}",0,skipped_not_applicable,pit endpoint is only treated as required for race/sprint-like sessions,0.0
2026-07-26T22:34:35.035056Z,starting_grid,starting_grid_by_session_key,"{""session_key"": 11228}",0,http_404,"{""detail"":""No results found.""}",8.414
2026-07-26T22:34:38.865418Z,drivers,drivers_by_session_key,"{""session_key"": 11228}",22,pass,,3.729
2026-07-26T22:34:40.740291Z,team_radio,team_radio_by_session_key_opportunistic,"{""session_key"": 11228}",1,pass,,1.773
2026-07-26T22:34:46.268640Z,weather,weather_by_session_key,"{""session_key"": 11229}",90,pass,,5.427
2026-07-26T22:34:47.111109Z,race_control,race_control_by_session_key,"{""session_key"": 11229}",66,pass,,0.741
2026-07-26T22:34:51.555857Z,intervals,intervals_by_session_key,"{""session_key"": 11229}",0,http_404,"{""detail"":""No results found.""}",4.344
2026-07-26T22:34:52.481394Z,position,position_by_session_key,"{""session_key"": 11229}",473,pass,,0.824
2026-07-26T22:34:53.166000Z,stints,stints_by_session_key,"{""session_key"": 11229}",78,pass,,0.583
2026-07-26T22:34:53.267410Z,pit,skip_non_race_like_session,"{""session_key"": 11229}",0,skipped_not_applicable,pit endpoint is only treated as required for race/sprint-like sessions,0.0
2026-07-26T22:34:54.032273Z,starting_grid,starting_grid_by_session_key,"{""session_key"": 11229}",0,http_404,"{""detail"":""No results found.""}",0.765
2026-07-26T22:34:54.726185Z,drivers,drivers_by_session_key,"{""session_key"": 11229}",22,pass,,0.593
2026-07-26T22:34:55.340674Z,team_radio,team_radio_by_session_key_opportunistic,"{""session_key"": 11229}",1,pass,,0.513
2026-07-26T22:34:57.769867Z,weather,weather_by_session_key,"{""session_key"": 11230}",95,pass,,2.328
2026-07-26T22:34:59.317723Z,race_control,race_control_by_session_key,"{""session_key"": 11230}",0,http_429,"{""detail"":""Rate limit exceeded. Max 30 requests/minute."",""error"":""Too Many Requests""}",1.446
2026-07-26T22:35:00.970160Z,intervals,intervals_by_session_key,"{""session_key"": 11230}",0,http_404,"{""detail"":""No results found.""}",1.552
2026-07-26T22:35:03.502620Z,position,position_by_session_key,"{""session_key"": 11230}",1070,pass,,2.431
2026-07-26T22:35:09.880567Z,stints,stints_by_session_key,"{""session_key"": 11230}",99,pass,,6.276
2026-07-26T22:35:09.982177Z,pit,skip_non_race_like_session,"{""session_key"": 11230}",0,skipped_not_applicable,pit endpoint is only treated as required for race/sprint-like sessions,0.0
2026-07-26T22:35:11.347574Z,starting_grid,starting_grid_by_session_key,"{""session_key"": 11230}",22,pass,,1.365
2026-07-26T22:35:13.019870Z,drivers,drivers_by_session_key,"{""session_key"": 11230}",22,pass,,1.571
2026-07-26T22:35:14.064356Z,team_radio,team_radio_by_session_key_opportunistic,"{""session_key"": 11230}",0,http_404,"{""detail"":""No results found.""}",0.943
2026-07-26T22:35:15.694794Z,weather,weather_by_session_key,"{""session_key"": 11234}",148,pass,,1.53
2026-07-26T22:35:21.007250Z,race_control,race_control_by_session_key,"{""session_key"": 11234}",169,pass,,5.211
2026-07-26T22:35:27.640025Z,intervals,intervals_by_session_key,"{""session_key"": 11234}",22276,pass,,6.531
2026-07-26T22:35:32.949940Z,position,position_by_session_key,"{""session_key"": 11234}",531,pass,,5.206
2026-07-26T22:35:34.094145Z,stints,stints_by_session_key,"{""session_key"": 11234}",53,pass,,1.043
2026-07-26T22:35:36.055914Z,pit,pit_by_session_key,"{""session_key"": 11234}",36,pass,,1.86
2026-07-26T22:35:37.837858Z,starting_grid,starting_grid_by_session_key,"{""session_key"": 11234}",0,http_404,"{""detail"":""No results found.""}",1.68
2026-07-26T22:35:38.480278Z,drivers,drivers_by_session_key,"{""session_key"": 11234}",22,pass,,0.542
2026-07-26T22:35:40.005735Z,team_radio,team_radio_by_session_key_opportunistic,"{""session_key"": 11234}",0,http_404,"{""detail"":""No results found.""}",1.424
2026-07-26T22:35:43.627993Z,weather,weather_by_session_key,"{""session_key"": 11235}",84,pass,,3.521
2026-07-26T22:35:49.856720Z,race_control,race_control_by_session_key,"{""session_key"": 11235}",49,pass,,6.127
2026-07-26T22:35:51.234817Z,intervals,intervals_by_session_key,"{""session_key"": 11235}",0,http_404,"{""detail"":""No results found.""}",1.277
2026-07-26T22:35:52.241426Z,position,position_by_session_key,"{""session_key"": 11235}",779,pass,,0.906
2026-07-26T22:35:52.870983Z,stints,stints_by_session_key,"{""session_key"": 11235}",37,pass,,0.528
2026-07-26T22:35:52.972301Z,pit,skip_non_race_like_session,"{""session_key"": 11235}",0,skipped_not_applicable,pit endpoint is only treated as required for race/sprint-like sessions,0.0
2026-07-26T22:35:53.616853Z,starting_grid,starting_grid_by_session_key,"{""session_key"": 11235}",0,http_404,"{""detail"":""No results found.""}",0.644
2026-07-26T22:35:55.117767Z,drivers,drivers_by_session_key,"{""session_key"": 11235}",22,pass,,1.4
2026-07-26T22:35:56.277181Z,team_radio,team_radio_by_session_key_opportunistic,"{""session_key"": 11235}",0,http_404,"{""detail"":""No results found.""}",1.058
2026-07-26T22:35:57.176337Z,weather,weather_by_session_key,"{""session_key"": 11236}",60,pass,,0.798
2026-07-26T22:35:59.614968Z,race_control,race_control_by_session_key,"{""session_key"": 11236}",43,pass,,2.338
2026-07-26T22:36:01.193625Z,intervals,intervals_by_session_key,"{""session_key"": 11236}",0,http_404,"{""detail"":""No results found.""}",1.477
2026-07-26T22:36:03.441318Z,position,position_by_session_key,"{""session_key"": 11236}",1041,pass,,2.147
2026-07-26T22:36:04.104417Z,stints,stints_by_session_key,"{""session_key"": 11236}",24,pass,,0.562
2026-07-26T22:36:05.019011Z,pit,pit_by_session_key,"{""session_key"": 11236}",48,pass,,0.813
2026-07-26T22:36:06.298387Z,starting_grid,starting_grid_by_session_key,"{""session_key"": 11236}",22,pass,,1.178
2026-07-26T22:36:07.032951Z,drivers,drivers_by_session_key,"{""session_key"": 11236}",22,pass,,0.633
2026-07-26T22:36:07.928645Z,team_radio,team_radio_by_session_key_opportunistic,"{""session_key"": 11236}",0,http_404,"{""detail"":""No results found.""}",0.795
2026-07-26T22:36:14.962647Z,weather,weather_by_session_key,"{""session_key"": 11240}",83,pass,,6.933
2026-07-26T22:36:16.212798Z,race_control,race_control_by_session_key,"{""session_key"": 11240}",51,pass,,1.148
2026-07-26T22:36:24.027525Z,intervals,intervals_by_session_key,"{""session_key"": 11240}",9019,pass,,7.713
2026-07-26T22:36:28.154157Z,position,position_by_session_key,"{""session_key"": 11240}",351,pass,,4.024
2026-07-26T22:36:28.952976Z,stints,stints_by_session_key,"{""session_key"": 11240}",22,pass,,0.697
2026-07-26T22:36:30.339796Z,pit,pit_by_session_key,"{""session_key"": 11240}",12,pass,,1.286
2026-07-26T22:36:31.299536Z,starting_grid,starting_grid_by_session_key,"{""session_key"": 11240}",0,http_404,"{""detail"":""No results found.""}",0.858
2026-07-26T22:36:32.091513Z,drivers,drivers_by_session_key,"{""session_key"": 11240}",22,pass,,0.691
2026-07-26T22:36:32.910247Z,team_radio,team_radio_by_session_key_opportunistic,"{""session_key"": 11240}",0,http_404,"{""detail"":""No results found.""}",0.717
2026-07-26T22:36:33.551915Z,weather,weather_by_session_key,"{""session_key"": 11241}",79,pass,,0.541
2026-07-26T22:36:34.815346Z,race_control,race_control_by_session_key,"{""session_key"": 11241}",47,pass,,1.162
2026-07-26T22:36:39.275279Z,intervals,intervals_by_session_key,"{""session_key"": 11241}",0,http_404,"{""detail"":""No results found.""}",4.358
2026-07-26T22:36:44.923674Z,position,position_by_session_key,"{""session_key"": 11241}",922,pass,,5.547
2026-07-26T22:36:46.212101Z,stints,stints_by_session_key,"{""session_key"": 11241}",42,pass,,1.187
2026-07-26T22:36:46.313562Z,pit,skip_non_race_like_session,"{""session_key"": 11241}",0,skipped_not_applicable,pit endpoint is only treated as required for race/sprint-like sessions,0.0
2026-07-26T22:36:46.989966Z,starting_grid,starting_grid_by_session_key,"{""session_key"": 11241}",22,pass,,0.676
2026-07-26T22:36:47.651199Z,drivers,drivers_by_session_key,"{""session_key"": 11241}",22,pass,,0.56
2026-07-26T22:36:49.176418Z,team_radio,team_radio_by_session_key_opportunistic,"{""session_key"": 11241}",0,http_404,"{""detail"":""No results found.""}",1.424
2026-07-26T22:36:50.535178Z,weather,weather_by_session_key,"{""session_key"": 11245}",152,pass,,1.258
2026-07-26T22:36:53.954508Z,race_control,race_control_by_session_key,"{""session_key"": 11245}",88,pass,,3.318
2026-07-26T22:36:58.670959Z,intervals,intervals_by_session_key,"{""session_key"": 11245}",20663,pass,,4.615
2026-07-26T22:37:02.424488Z,position,position_by_session_key,"{""session_key"": 11245}",524,pass,,3.651
2026-07-26T22:37:03.368426Z,stints,stints_by_session_key,"{""session_key"": 11245}",41,pass,,0.842
2026-07-26T22:37:04.000524Z,pit,pit_by_session_key,"{""session_key"": 11245}",19,pass,,0.531
2026-07-26T22:37:06.683118Z,starting_grid,starting_grid_by_session_key,"{""session_key"": 11245}",0,http_404,"{""detail"":""No results found.""}",2.582
2026-07-26T22:37:07.340410Z,drivers,drivers_by_session_key,"{""session_key"": 11245}",22,pass,,0.556
2026-07-26T22:37:08.419032Z,team_radio,team_radio_by_session_key_opportunistic,"{""session_key"": 11245}",0,http_404,"{""detail"":""No results found.""}",0.977
2026-07-26T22:37:09.263064Z,weather,weather_by_session_key,"{""session_key"": 11246}",83,pass,,0.743
2026-07-26T22:37:10.982025Z,race_control,race_control_by_session_key,"{""session_key"": 11246}",68,pass,,1.618
2026-07-26T22:37:11.925863Z,intervals,intervals_by_session_key,"{""session_key"": 11246}",0,http_404,"{""detail"":""No results found.""}",0.842
2026-07-26T22:37:15.285783Z,position,position_by_session_key,"{""session_key"": 11246}",709,pass,,3.259
2026-07-26T22:37:18.306919Z,stints,stints_by_session_key,"{""session_key"": 11246}",94,pass,,2.919
2026-07-26T22:37:18.408544Z,pit,skip_non_race_like_session,"{""session_key"": 11246}",0,skipped_not_applicable,pit endpoint is only treated as required for race/sprint-like sessions,0.0
2026-07-26T22:37:25.086053Z,starting_grid,starting_grid_by_session_key,"{""session_key"": 11246}",0,http_404,"{""detail"":""No results found.""}",6.677
2026-07-26T22:37:32.690674Z,drivers,drivers_by_session_key,"{""session_key"": 11246}",22,pass,,7.503
2026-07-26T22:37:33.555691Z,team_radio,team_radio_by_session_key_opportunistic,"{""session_key"": 11246}",0,http_404,"{""detail"":""No results found.""}",0.763
2026-07-26T22:37:34.978691Z,weather,weather_by_session_key,"{""session_key"": 11247}",85,pass,,1.322
2026-07-26T22:37:41.234980Z,race_control,race_control_by_session_key,"{""session_key"": 11247}",66,pass,,6.155
2026-07-26T22:37:45.984086Z,intervals,intervals_by_session_key,"{""session_key"": 11247}",0,http_404,"{""detail"":""No results found.""}",4.648
2026-07-26T22:37:49.230716Z,position,position_by_session_key,"{""session_key"": 11247}",576,pass,,3.146
2026-07-26T22:37:52.719318Z,stints,stints_by_session_key,"{""session_key"": 11247}",89,pass,,3.387
2026-07-26T22:37:52.820936Z,pit,skip_non_race_like_session,"{""session_key"": 11247}",0,skipped_not_applicable,pit endpoint is only treated as required for race/sprint-like sessions,0.0
2026-07-26T22:37:53.478221Z,starting_grid,starting_grid_by_session_key,"{""session_key"": 11247}",0,http_404,"{""detail"":""No results found.""}",0.657
2026-07-26T22:37:54.129066Z,drivers,drivers_by_session_key,"{""session_key"": 11247}",22,pass,,0.55
2026-07-26T22:37:56.411999Z,team_radio,team_radio_by_session_key_opportunistic,"{""session_key"": 11247}",0,http_404,"{""detail"":""No results found.""}",2.182
2026-07-26T22:37:59.449163Z,weather,weather_by_session_key,"{""session_key"": 11248}",80,pass,,2.936
2026-07-26T22:38:01.028173Z,race_control,race_control_by_session_key,"{""session_key"": 11248}",48,pass,,1.478
2026-07-26T22:38:01.850639Z,intervals,intervals_by_session_key,"{""session_key"": 11248}",0,http_404,"{""detail"":""No results found.""}",0.721
2026-07-26T22:38:04.758772Z,position,position_by_session_key,"{""session_key"": 11248}",516,pass,,2.807
2026-07-26T22:38:05.820108Z,stints,stints_by_session_key,"{""session_key"": 11248}",92,pass,,0.96
2026-07-26T22:38:05.921555Z,pit,skip_non_race_like_session,"{""session_key"": 11248}",0,skipped_not_applicable,pit endpoint is only treated as required for race/sprint-like sessions,0.0
2026-07-26T22:38:07.900304Z,starting_grid,starting_grid_by_session_key,"{""session_key"": 11248}",0,http_404,"{""detail"":""No results found.""}",1.979
2026-07-26T22:38:10.343842Z,drivers,drivers_by_session_key,"{""session_key"": 11248}",22,pass,,2.342
2026-07-26T22:38:12.022099Z,team_radio,team_radio_by_session_key_opportunistic,"{""session_key"": 11248}",0,http_404,"{""detail"":""No results found.""}",1.577
2026-07-26T22:38:13.628920Z,weather,weather_by_session_key,"{""session_key"": 11249}",75,pass,,1.506
2026-07-26T22:38:14.300258Z,race_control,race_control_by_session_key,"{""session_key"": 11249}",26,pass,,0.57
2026-07-26T22:38:16.228905Z,intervals,intervals_by_session_key,"{""session_key"": 11249}",0,http_404,"{""detail"":""No results found.""}",1.827
2026-07-26T22:38:17.328149Z,position,position_by_session_key,"{""session_key"": 11249}",950,pass,,0.998
2026-07-26T22:38:20.582679Z,stints,stints_by_session_key,"{""session_key"": 11249}",98,pass,,3.153
2026-07-26T22:38:20.684450Z,pit,skip_non_race_like_session,"{""session_key"": 11249}",0,skipped_not_applicable,pit endpoint is only treated as required for race/sprint-like sessions,0.0
2026-07-26T22:38:21.983589Z,starting_grid,starting_grid_by_session_key,"{""session_key"": 11249}",22,pass,,1.299
2026-07-26T22:38:26.755500Z,drivers,drivers_by_session_key,"{""session_key"": 11249}",22,pass,,4.67
2026-07-26T22:38:29.419215Z,team_radio,team_radio_by_session_key_opportunistic,"{""session_key"": 11249}",0,http_404,"{""detail"":""No results found.""}",2.562
2026-07-26T22:38:31.229270Z,weather,weather_by_session_key,"{""session_key"": 11253}",156,pass,,1.709
2026-07-26T22:38:36.032887Z,race_control,race_control_by_session_key,"{""session_key"": 11253}",49,pass,,4.702
2026-07-26T22:38:43.930783Z,intervals,intervals_by_session_key,"{""session_key"": 11253}",28324,pass,,7.796
2026-07-26T22:38:47.628275Z,position,position_by_session_key,"{""session_key"": 11253}",445,pass,,3.594
2026-07-26T22:38:48.911841Z,stints,stints_by_session_key,"{""session_key"": 11253}",51,pass,,1.182
2026-07-26T22:38:51.497180Z,pit,pit_by_session_key,"{""session_key"": 11253}",29,pass,,2.484
2026-07-26T22:38:53.274905Z,starting_grid,starting_grid_by_session_key,"{""session_key"": 11253}",0,http_404,"{""detail"":""No results found.""}",1.676
2026-07-26T22:38:56.161601Z,drivers,drivers_by_session_key,"{""session_key"": 11253}",22,pass,,2.786
2026-07-26T22:39:00.102270Z,team_radio,team_radio_by_session_key_opportunistic,"{""session_key"": 11253}",0,http_404,"{""detail"":""No results found.""}",3.839
2026-07-26T22:39:03.802016Z,weather,weather_by_session_key,"{""session_key"": 11254}",0,http_404,"{""detail"":""No results found.""}",3.599
2026-07-26T22:39:04.640760Z,race_control,race_control_by_session_key,"{""session_key"": 11254}",0,http_404,"{""detail"":""No results found.""}",0.738
2026-07-26T22:39:06.217182Z,intervals,intervals_by_session_key,"{""session_key"": 11254}",0,http_404,"{""detail"":""No results found.""}",1.476
2026-07-26T22:39:06.917197Z,position,position_by_session_key,"{""session_key"": 11254}",0,http_404,"{""detail"":""No results found.""}",0.599
2026-07-26T22:39:07.543801Z,position,position_by_meeting_key_fallback,"{""meeting_key"": 1282}",0,http_404,"{""detail"":""No results found.""}",0.526
2026-07-26T22:39:08.794910Z,stints,stints_by_session_key,"{""session_key"": 11254}",0,http_404,"{""detail"":""No results found.""}",1.15
2026-07-26T22:39:08.895777Z,pit,skip_non_race_like_session,"{""session_key"": 11254}",0,skipped_not_applicable,pit endpoint is only treated as required for race/sprint-like sessions,0.0
2026-07-26T22:39:09.494750Z,starting_grid,starting_grid_by_session_key,"{""session_key"": 11254}",0,http_404,"{""detail"":""No results found.""}",0.599
2026-07-26T22:39:10.116774Z,drivers,drivers_by_session_key,"{""session_key"": 11254}",22,pass,,0.521
2026-07-26T22:39:10.747146Z,team_radio,team_radio_by_session_key_opportunistic,"{""session_key"": 11254}",0,http_404,"{""detail"":""No results found.""}",0.529
2026-07-26T22:39:11.348927Z,weather,weather_by_session_key,"{""session_key"": 11255}",0,http_404,"{""detail"":""No results found.""}",0.501
2026-07-26T22:39:12.456302Z,race_control,race_control_by_session_key,"{""session_key"": 11255}",0,http_404,"{""detail"":""No results found.""}",1.007
2026-07-26T22:39:13.372251Z,intervals,intervals_by_session_key,"{""session_key"": 11255}",0,http_404,"{""detail"":""No results found.""}",0.815
2026-07-26T22:39:14.162659Z,position,position_by_session_key,"{""session_key"": 11255}",0,http_404,"{""detail"":""No results found.""}",0.689
2026-07-26T22:39:14.806870Z,position,position_by_meeting_key_fallback,"{""meeting_key"": 1282}",0,http_404,"{""detail"":""No results found.""}",0.543
2026-07-26T22:39:15.433778Z,stints,stints_by_session_key,"{""session_key"": 11255}",0,http_404,"{""detail"":""No results found.""}",0.526
2026-07-26T22:39:15.534565Z,pit,skip_non_race_like_session,"{""session_key"": 11255}",0,skipped_not_applicable,pit endpoint is only treated as required for race/sprint-like sessions,0.0
2026-07-26T22:39:16.077976Z,starting_grid,starting_grid_by_session_key,"{""session_key"": 11255}",0,http_404,"{""detail"":""No results found.""}",0.543
2026-07-26T22:39:16.728431Z,drivers,drivers_by_session_key,"{""session_key"": 11255}",22,pass,,0.549
2026-07-26T22:39:17.333093Z,team_radio,team_radio_by_session_key_opportunistic,"{""session_key"": 11255}",0,http_404,"{""detail"":""No results found.""}",0.503
2026-07-26T22:39:18.426590Z,weather,weather_by_session_key,"{""session_key"": 11256}",0,http_404,"{""detail"":""No results found.""}",0.993
2026-07-26T22:39:25.787243Z,race_control,race_control_by_session_key,"{""session_key"": 11256}",0,http_404,"{""detail"":""No results found.""}",7.26
2026-07-26T22:39:27.550891Z,intervals,intervals_by_session_key,"{""session_key"": 11256}",0,http_404,"{""detail"":""No results found.""}",1.663
2026-07-26T22:39:28.660040Z,position,position_by_session_key,"{""session_key"": 11256}",0,http_404,"{""detail"":""No results found.""}",1.008
2026-07-26T22:39:30.280391Z,position,position_by_meeting_key_fallback,"{""meeting_key"": 1282}",0,http_404,"{""detail"":""No results found.""}",1.52
2026-07-26T22:39:30.992778Z,stints,stints_by_session_key,"{""session_key"": 11256}",0,http_404,"{""detail"":""No results found.""}",0.612
2026-07-26T22:39:31.093903Z,pit,skip_non_race_like_session,"{""session_key"": 11256}",0,skipped_not_applicable,pit endpoint is only treated as required for race/sprint-like sessions,0.0
2026-07-26T22:39:33.830401Z,starting_grid,starting_grid_by_session_key,"{""session_key"": 11256}",0,http_404,"{""detail"":""No results found.""}",2.736
2026-07-26T22:39:38.936345Z,drivers,drivers_by_session_key,"{""session_key"": 11256}",22,pass,,5.005
2026-07-26T22:39:39.960567Z,team_radio,team_radio_by_session_key_opportunistic,"{""session_key"": 11256}",0,http_404,"{""detail"":""No results found.""}",0.923
2026-07-26T22:39:40.596808Z,weather,weather_by_session_key,"{""session_key"": 11257}",0,http_404,"{""detail"":""No results found.""}",0.535
2026-07-26T22:39:42.212017Z,race_control,race_control_by_session_key,"{""session_key"": 11257}",0,http_404,"{""detail"":""No results found.""}",1.514
2026-07-26T22:39:43.274019Z,intervals,intervals_by_session_key,"{""session_key"": 11257}",0,http_404,"{""detail"":""No results found.""}",0.961
2026-07-26T22:39:44.308952Z,position,position_by_session_key,"{""session_key"": 11257}",0,http_429,"{""detail"":""Rate limit exceeded. Max 30 requests/minute."",""error"":""Too Many Requests""}",0.934
2026-07-26T22:39:45.033128Z,position,position_by_meeting_key_fallback,"{""meeting_key"": 1282}",0,http_429,"{""detail"":""Rate limit exceeded. Max 30 requests/minute."",""error"":""Too Many Requests""}",0.623
2026-07-26T22:39:45.659872Z,stints,stints_by_session_key,"{""session_key"": 11257}",0,http_429,"{""detail"":""Rate limit exceeded. Max 30 requests/minute."",""error"":""Too Many Requests""}",0.526
2026-07-26T22:39:45.760708Z,pit,skip_non_race_like_session,"{""session_key"": 11257}",0,skipped_not_applicable,pit endpoint is only treated as required for race/sprint-like sessions,0.0
2026-07-26T22:39:46.460149Z,starting_grid,starting_grid_by_session_key,"{""session_key"": 11257}",0,http_429,"{""detail"":""Rate limit exceeded. Max 30 requests/minute."",""error"":""Too Many Requests""}",0.699
2026-07-26T22:39:50.447026Z,drivers,drivers_by_session_key,"{""session_key"": 11257}",0,http_429,"{""detail"":""Rate limit exceeded. Max 30 requests/minute."",""error"":""Too Many Requests""}",3.886
2026-07-26T22:39:51.637742Z,drivers,drivers_by_observed_driver_number,"{""driver_number"": 1, ""session_key"": 11257}",0,http_429,"{""detail"":""Rate limit exceeded. Max 30 requests/minute."",""error"":""Too Many Requests""}",1.072
2026-07-26T22:39:52.883927Z,drivers,drivers_by_observed_driver_number,"{""driver_number"": 3, ""session_key"": 11257}",0,http_429,"{""detail"":""Rate limit exceeded. Max 30 requests/minute."",""error"":""Too Many Requests""}",1.145
2026-07-26T22:39:53.509591Z,drivers,drivers_by_observed_driver_number,"{""driver_number"": 5, ""session_key"": 11257}",0,http_429,"{""detail"":""Rate limit exceeded. Max 30 requests/minute."",""error"":""Too Many Requests""}",0.525
2026-07-26T22:39:54.309096Z,drivers,drivers_by_observed_driver_number,"{""driver_number"": 6, ""session_key"": 11257}",0,http_429,"{""detail"":""Rate limit exceeded. Max 30 requests/minute."",""error"":""Too Many Requests""}",0.699
2026-07-26T22:39:55.222285Z,drivers,drivers_by_observed_driver_number,"{""driver_number"": 10, ""session_key"": 11257}",0,http_429,"{""detail"":""Rate limit exceeded. Max 30 requests/minute."",""error"":""Too Many Requests""}",0.812
2026-07-26T22:39:59.715266Z,drivers,drivers_by_observed_driver_number,"{""driver_number"": 11, ""session_key"": 11257}",0,http_429,"{""detail"":""Rate limit exceeded. Max 30 requests/minute."",""error"":""Too Many Requests""}",4.392
2026-07-26T22:40:00.823020Z,drivers,drivers_by_observed_driver_number,"{""driver_number"": 12, ""session_key"": 11257}",1,pass,,1.006
2026-07-26T22:40:01.868386Z,drivers,drivers_by_observed_driver_number,"{""driver_number"": 14, ""session_key"": 11257}",1,pass,,0.945
2026-07-26T22:40:03.694389Z,drivers,drivers_by_observed_driver_number,"{""driver_number"": 16, ""session_key"": 11257}",1,pass,,1.725
2026-07-26T22:40:05.089928Z,drivers,drivers_by_observed_driver_number,"{""driver_number"": 18, ""session_key"": 11257}",1,pass,,1.294
2026-07-26T22:40:08.156615Z,drivers,drivers_by_observed_driver_number,"{""driver_number"": 23, ""session_key"": 11257}",1,pass,,2.966
2026-07-26T22:40:09.474311Z,drivers,drivers_by_observed_driver_number,"{""driver_number"": 27, ""session_key"": 11257}",1,pass,,1.217
2026-07-26T22:40:10.473901Z,drivers,drivers_by_observed_driver_number,"{""driver_number"": 30, ""session_key"": 11257}",1,pass,,0.899
2026-07-26T22:40:11.401513Z,drivers,drivers_by_observed_driver_number,"{""driver_number"": 31, ""session_key"": 11257}",1,pass,,0.827
2026-07-26T22:40:12.292395Z,drivers,drivers_by_observed_driver_number,"{""driver_number"": 34, ""session_key"": 11257}",0,http_404,"{""detail"":""No results found.""}",0.79
2026-07-26T22:40:15.122875Z,drivers,drivers_by_observed_driver_number,"{""driver_number"": 41, ""session_key"": 11257}",1,pass,,2.73
2026-07-26T22:40:18.042645Z,drivers,drivers_by_observed_driver_number,"{""driver_number"": 43, ""session_key"": 11257}",1,pass,,2.819
2026-07-26T22:40:20.436189Z,drivers,drivers_by_observed_driver_number,"{""driver_number"": 44, ""session_key"": 11257}",1,pass,,2.292
2026-07-26T22:40:22.893297Z,drivers,drivers_by_observed_driver_number,"{""driver_number"": 55, ""session_key"": 11257}",1,pass,,2.356
2026-07-26T22:40:24.164180Z,drivers,drivers_by_observed_driver_number,"{""driver_number"": 63, ""session_key"": 11257}",1,pass,,1.17
2026-07-26T22:40:25.602095Z,drivers,drivers_by_observed_driver_number,"{""driver_number"": 77, ""session_key"": 11257}",1,pass,,1.337
2026-07-26T22:40:28.997089Z,drivers,drivers_by_observed_driver_number,"{""driver_number"": 81, ""session_key"": 11257}",1,pass,,3.294
2026-07-26T22:40:33.597694Z,drivers,drivers_by_observed_driver_number,"{""driver_number"": 87, ""session_key"": 11257}",1,pass,,4.5
2026-07-26T22:40:37.751877Z,drivers,drivers_by_observed_driver_number,"{""driver_number"": 241, ""session_key"": 11257}",0,http_404,"{""detail"":""No results found.""}",4.053
2026-07-26T22:40:39.890238Z,drivers,drivers_by_observed_driver_number,"{""driver_number"": 243, ""session_key"": 11257}",0,http_404,"{""detail"":""No results found.""}",2.037
2026-07-26T22:40:45.285849Z,drivers,drivers_by_observed_driver_number,"{""driver_number"": 247, ""session_key"": 11257}",0,http_404,"{""detail"":""No results found.""}",5.295
2026-07-26T22:40:46.355760Z,team_radio,team_radio_by_session_key_opportunistic,"{""session_key"": 11257}",0,http_404,"{""detail"":""No results found.""}",0.966
2026-07-26T22:40:50.567141Z,weather,weather_by_session_key,"{""session_key"": 11261}",0,http_404,"{""detail"":""No results found.""}",4.11
2026-07-26T22:40:51.358484Z,race_control,race_control_by_session_key,"{""session_key"": 11261}",0,http_404,"{""detail"":""No results found.""}",0.69
2026-07-26T22:40:52.018036Z,intervals,intervals_by_session_key,"{""session_key"": 11261}",0,http_404,"{""detail"":""No results found.""}",0.559
2026-07-26T22:40:52.658511Z,position,position_by_session_key,"{""session_key"": 11261}",0,http_404,"{""detail"":""No results found.""}",0.539
2026-07-26T22:40:53.266265Z,position,position_by_meeting_key_fallback,"{""meeting_key"": 1282}",0,http_404,"{""detail"":""No results found.""}",0.507
2026-07-26T22:40:54.501851Z,stints,stints_by_session_key,"{""session_key"": 11261}",0,http_404,"{""detail"":""No results found.""}",1.135
2026-07-26T22:40:56.471472Z,pit,pit_by_session_key,"{""session_key"": 11261}",0,http_404,"{""detail"":""No results found.""}",1.869
2026-07-26T22:40:58.423213Z,starting_grid,starting_grid_by_session_key,"{""session_key"": 11261}",0,http_404,"{""detail"":""No results found.""}",1.851
2026-07-26T22:41:01.141489Z,drivers,drivers_by_session_key,"{""session_key"": 11261}",22,pass,,2.617
2026-07-26T22:41:05.202714Z,team_radio,team_radio_by_session_key_opportunistic,"{""session_key"": 11261}",0,http_404,"{""detail"":""No results found.""}",3.96
2026-07-26T22:41:07.892156Z,weather,weather_by_session_key,"{""session_key"": 11262}",0,http_404,"{""detail"":""No results found.""}",2.588
2026-07-26T22:41:09.764050Z,race_control,race_control_by_session_key,"{""session_key"": 11262}",0,http_404,"{""detail"":""No results found.""}",1.771
2026-07-26T22:41:12.673976Z,intervals,intervals_by_session_key,"{""session_key"": 11262}",0,http_404,"{""detail"":""No results found.""}",2.809
2026-07-26T22:41:15.580064Z,position,position_by_session_key,"{""session_key"": 11262}",0,http_404,"{""detail"":""No results found.""}",2.805
2026-07-26T22:41:17.432655Z,position,position_by_meeting_key_fallback,"{""meeting_key"": 1283}",0,http_404,"{""detail"":""No results found.""}",1.751
2026-07-26T22:41:18.852015Z,stints,stints_by_session_key,"{""session_key"": 11262}",0,http_404,"{""detail"":""No results found.""}",1.318
2026-07-26T22:41:18.953008Z,pit,skip_non_race_like_session,"{""session_key"": 11262}",0,skipped_not_applicable,pit endpoint is only treated as required for race/sprint-like sessions,0.0
2026-07-26T22:41:24.080115Z,starting_grid,starting_grid_by_session_key,"{""session_key"": 11262}",0,http_404,"{""detail"":""No results found.""}",5.127
2026-07-26T22:41:28.615833Z,drivers,drivers_by_session_key,"{""session_key"": 11262}",22,pass,,4.435
2026-07-26T22:41:33.100022Z,team_radio,team_radio_by_session_key_opportunistic,"{""session_key"": 11262}",0,http_404,"{""detail"":""No results found.""}",4.383
2026-07-26T22:41:37.240803Z,weather,weather_by_session_key,"{""session_key"": 11263}",0,http_404,"{""detail"":""No results found.""}",4.04
2026-07-26T22:41:38.350163Z,race_control,race_control_by_session_key,"{""session_key"": 11263}",0,http_404,"{""detail"":""No results found.""}",1.008
2026-07-26T22:41:38.993886Z,intervals,intervals_by_session_key,"{""session_key"": 11263}",0,http_404,"{""detail"":""No results found.""}",0.543
2026-07-26T22:41:39.599837Z,position,position_by_session_key,"{""session_key"": 11263}",0,http_404,"{""detail"":""No results found.""}",0.505
2026-07-26T22:41:40.193085Z,position,position_by_meeting_key_fallback,"{""meeting_key"": 1283}",0,http_404,"{""detail"":""No results found.""}",0.493
2026-07-26T22:41:40.830514Z,stints,stints_by_session_key,"{""session_key"": 11263}",0,http_404,"{""detail"":""No results found.""}",0.537
2026-07-26T22:41:40.931248Z,pit,skip_non_race_like_session,"{""session_key"": 11263}",0,skipped_not_applicable,pit endpoint is only treated as required for race/sprint-like sessions,0.0
2026-07-26T22:41:42.471076Z,starting_grid,starting_grid_by_session_key,"{""session_key"": 11263}",0,http_404,"{""detail"":""No results found.""}",1.54
2026-07-26T22:41:46.583677Z,drivers,drivers_by_session_key,"{""session_key"": 11263}",22,pass,,4.012
2026-07-26T22:41:47.222809Z,team_radio,team_radio_by_session_key_opportunistic,"{""session_key"": 11263}",0,http_404,"{""detail"":""No results found.""}",0.538
2026-07-26T22:41:47.850618Z,weather,weather_by_session_key,"{""session_key"": 11264}",0,http_404,"{""detail"":""No results found.""}",0.527
2026-07-26T22:41:52.964119Z,race_control,race_control_by_session_key,"{""session_key"": 11264}",0,http_404,"{""detail"":""No results found.""}",5.013
2026-07-26T22:41:53.785839Z,intervals,intervals_by_session_key,"{""session_key"": 11264}",0,http_404,"{""detail"":""No results found.""}",0.721
2026-07-26T22:41:54.621504Z,position,position_by_session_key,"{""session_key"": 11264}",0,http_404,"{""detail"":""No results found.""}",0.735
2026-07-26T22:41:55.358953Z,position,position_by_meeting_key_fallback,"{""meeting_key"": 1283}",0,http_404,"{""detail"":""No results found.""}",0.637
2026-07-26T22:42:00.685451Z,stints,stints_by_session_key,"{""session_key"": 11264}",0,http_404,"{""detail"":""No results found.""}",5.226
2026-07-26T22:42:00.786658Z,pit,skip_non_race_like_session,"{""session_key"": 11264}",0,skipped_not_applicable,pit endpoint is only treated as required for race/sprint-like sessions,0.0
2026-07-26T22:42:03.793038Z,starting_grid,starting_grid_by_session_key,"{""session_key"": 11264}",0,http_404,"{""detail"":""No results found.""}",3.006
2026-07-26T22:42:06.546815Z,drivers,drivers_by_session_key,"{""session_key"": 11264}",22,pass,,2.653
2026-07-26T22:42:09.781700Z,team_radio,team_radio_by_session_key_opportunistic,"{""session_key"": 11264}",0,http_404,"{""detail"":""No results found.""}",3.133
2026-07-26T22:42:15.513462Z,weather,weather_by_session_key,"{""session_key"": 11265}",0,http_404,"{""detail"":""No results found.""}",5.631
2026-07-26T22:42:18.882311Z,race_control,race_control_by_session_key,"{""session_key"": 11265}",0,http_404,"{""detail"":""No results found.""}",3.268
2026-07-26T22:42:20.537794Z,intervals,intervals_by_session_key,"{""session_key"": 11265}",0,http_404,"{""detail"":""No results found.""}",1.554
2026-07-26T22:42:27.909702Z,position,position_by_session_key,"{""session_key"": 11265}",0,http_404,"{""detail"":""No results found.""}",7.271
2026-07-26T22:42:29.833774Z,position,position_by_meeting_key_fallback,"{""meeting_key"": 1283}",0,http_404,"{""detail"":""No results found.""}",1.823
2026-07-26T22:42:32.804172Z,stints,stints_by_session_key,"{""session_key"": 11265}",0,http_404,"{""detail"":""No results found.""}",2.87
2026-07-26T22:42:32.905255Z,pit,skip_non_race_like_session,"{""session_key"": 11265}",0,skipped_not_applicable,pit endpoint is only treated as required for race/sprint-like sessions,0.0
2026-07-26T22:42:34.478228Z,starting_grid,starting_grid_by_session_key,"{""session_key"": 11265}",0,http_404,"{""detail"":""No results found.""}",1.573
2026-07-26T22:42:41.095929Z,drivers,drivers_by_session_key,"{""session_key"": 11265}",22,pass,,6.517
2026-07-26T22:42:47.349555Z,team_radio,team_radio_by_session_key_opportunistic,"{""session_key"": 11265}",0,http_404,"{""detail"":""No results found.""}",6.152
2026-07-26T22:42:50.545469Z,weather,weather_by_session_key,"{""session_key"": 11269}",0,http_404,"{""detail"":""No results found.""}",3.095
2026-07-26T22:42:52.683598Z,race_control,race_control_by_session_key,"{""session_key"": 11269}",0,http_404,"{""detail"":""No results found.""}",2.037
2026-07-26T22:42:54.550147Z,intervals,intervals_by_session_key,"{""session_key"": 11269}",0,http_404,"{""detail"":""No results found.""}",1.765
2026-07-26T22:42:56.571844Z,position,position_by_session_key,"{""session_key"": 11269}",0,http_404,"{""detail"":""No results found.""}",1.921
2026-07-26T22:42:58.325452Z,position,position_by_meeting_key_fallback,"{""meeting_key"": 1283}",0,http_404,"{""detail"":""No results found.""}",1.653
2026-07-26T22:43:02.853654Z,stints,stints_by_session_key,"{""session_key"": 11269}",0,http_404,"{""detail"":""No results found.""}",4.427
2026-07-26T22:43:05.754603Z,pit,pit_by_session_key,"{""session_key"": 11269}",0,http_404,"{""detail"":""No results found.""}",2.8
2026-07-26T22:43:09.690990Z,starting_grid,starting_grid_by_session_key,"{""session_key"": 11269}",0,http_404,"{""detail"":""No results found.""}",3.835
2026-07-26T22:43:10.622299Z,drivers,drivers_by_session_key,"{""session_key"": 11269}",22,pass,,0.83
2026-07-26T22:43:12.838282Z,team_radio,team_radio_by_session_key_opportunistic,"{""session_key"": 11269}",0,http_404,"{""detail"":""No results found.""}",2.115
2026-07-26T22:43:15.322636Z,weather,weather_by_session_key,"{""session_key"": 11270}",101,pass,,2.383
2026-07-26T22:43:18.016291Z,race_control,race_control_by_session_key,"{""session_key"": 11270}",56,pass,,2.592
2026-07-26T22:43:20.778193Z,intervals,intervals_by_session_key,"{""session_key"": 11270}",0,http_404,"{""detail"":""No results found.""}",2.66
2026-07-26T22:43:21.775756Z,position,position_by_session_key,"{""session_key"": 11270}",670,pass,,0.897
2026-07-26T22:43:28.087473Z,stints,stints_by_session_key,"{""session_key"": 11270}",110,pass,,6.21
2026-07-26T22:43:28.189112Z,pit,skip_non_race_like_session,"{""session_key"": 11270}",0,skipped_not_applicable,pit endpoint is only treated as required for race/sprint-like sessions,0.0
2026-07-26T22:43:31.548430Z,starting_grid,starting_grid_by_session_key,"{""session_key"": 11270}",0,http_404,"{""detail"":""No results found.""}",3.359
2026-07-26T22:43:33.831834Z,drivers,drivers_by_session_key,"{""session_key"": 11270}",22,pass,,2.182
2026-07-26T22:43:36.830667Z,team_radio,team_radio_by_session_key_opportunistic,"{""session_key"": 11270}",0,http_404,"{""detail"":""No results found.""}",2.897
2026-07-26T22:43:39.633249Z,weather,weather_by_session_key,"{""session_key"": 11271}",59,pass,,2.701
2026-07-26T22:43:40.585714Z,race_control,race_control_by_session_key,"{""session_key"": 11271}",49,pass,,0.851
2026-07-26T22:43:41.243609Z,intervals,intervals_by_session_key,"{""session_key"": 11271}",0,http_404,"{""detail"":""No results found.""}",0.557
2026-07-26T22:43:42.652815Z,position,position_by_session_key,"{""session_key"": 11271}",941,pass,,1.309
2026-07-26T22:43:46.623172Z,stints,stints_by_session_key,"{""session_key"": 11271}",59,pass,,3.869
2026-07-26T22:43:47.866355Z,pit,pit_by_session_key,"{""session_key"": 11271}",59,pass,,1.142
2026-07-26T22:43:48.492201Z,starting_grid,starting_grid_by_session_key,"{""session_key"": 11271}",22,pass,,0.524
2026-07-26T22:43:50.917552Z,drivers,drivers_by_session_key,"{""session_key"": 11271}",22,pass,,2.324
2026-07-26T22:43:51.882741Z,team_radio,team_radio_by_session_key_opportunistic,"{""session_key"": 11271}",0,http_404,"{""detail"":""No results found.""}",0.864
2026-07-26T22:43:52.922810Z,weather,weather_by_session_key,"{""session_key"": 11275}",80,pass,,0.939
2026-07-26T22:43:53.560551Z,race_control,race_control_by_session_key,"{""session_key"": 11275}",84,pass,,0.536
2026-07-26T22:43:56.562931Z,intervals,intervals_by_session_key,"{""session_key"": 11275}",9347,pass,,2.901
2026-07-26T22:43:58.349176Z,position,position_by_session_key,"{""session_key"": 11275}",164,pass,,1.684
2026-07-26T22:43:58.978791Z,stints,stints_by_session_key,"{""session_key"": 11275}",23,pass,,0.528
2026-07-26T22:43:59.625394Z,pit,pit_by_session_key,"{""session_key"": 11275}",1,pass,,0.545
2026-07-26T22:44:00.268269Z,starting_grid,starting_grid_by_session_key,"{""session_key"": 11275}",0,http_404,"{""detail"":""No results found.""}",0.542
2026-07-26T22:44:02.963171Z,drivers,drivers_by_session_key,"{""session_key"": 11275}",22,pass,,2.594
2026-07-26T22:44:04.752109Z,team_radio,team_radio_by_session_key_opportunistic,"{""session_key"": 11275}",0,http_404,"{""detail"":""No results found.""}",1.687
2026-07-26T22:44:07.892617Z,weather,weather_by_session_key,"{""session_key"": 11276}",81,pass,,3.039
2026-07-26T22:44:08.876400Z,race_control,race_control_by_session_key,"{""session_key"": 11276}",66,pass,,0.882
2026-07-26T22:44:09.727512Z,intervals,intervals_by_session_key,"{""session_key"": 11276}",0,http_404,"{""detail"":""No results found.""}",0.75
2026-07-26T22:44:11.283293Z,position,position_by_session_key,"{""session_key"": 11276}",981,pass,,1.455
2026-07-26T22:44:14.376456Z,stints,stints_by_session_key,"{""session_key"": 11276}",104,pass,,2.991
2026-07-26T22:44:14.478050Z,pit,skip_non_race_like_session,"{""session_key"": 11276}",0,skipped_not_applicable,pit endpoint is only treated as required for race/sprint-like sessions,0.0
2026-07-26T22:44:25.140156Z,starting_grid,starting_grid_by_session_key,"{""session_key"": 11276}",22,pass,,10.662
2026-07-26T22:44:27.303977Z,drivers,drivers_by_session_key,"{""session_key"": 11276}",22,pass,,2.062
2026-07-26T22:44:31.254893Z,team_radio,team_radio_by_session_key_opportunistic,"{""session_key"": 11276}",0,http_404,"{""detail"":""No results found.""}",3.849
2026-07-26T22:44:35.910330Z,weather,weather_by_session_key,"{""session_key"": 11280}",168,pass,,4.554
2026-07-26T22:44:40.285870Z,race_control,race_control_by_session_key,"{""session_key"": 11280}",178,pass,,4.274
2026-07-26T22:44:45.312825Z,intervals,intervals_by_session_key,"{""session_key"": 11280}",25483,pass,,4.925
2026-07-26T22:44:46.389816Z,position,position_by_session_key,"{""session_key"": 11280}",550,pass,,0.974
2026-07-26T22:44:50.465920Z,stints,stints_by_session_key,"{""session_key"": 11280}",44,pass,,3.975
2026-07-26T22:44:52.019760Z,pit,pit_by_session_key,"{""session_key"": 11280}",22,pass,,1.452
2026-07-26T22:44:53.956079Z,starting_grid,starting_grid_by_session_key,"{""session_key"": 11280}",0,http_404,"{""detail"":""No results found.""}",1.835
2026-07-26T22:44:54.842317Z,drivers,drivers_by_session_key,"{""session_key"": 11280}",22,pass,,0.785
2026-07-26T22:44:56.122259Z,team_radio,team_radio_by_session_key_opportunistic,"{""session_key"": 11280}",0,http_404,"{""detail"":""No results found.""}",1.179
2026-07-26T22:44:56.824677Z,weather,weather_by_session_key,"{""session_key"": 11281}",102,pass,,0.602
2026-07-26T22:44:57.898793Z,race_control,race_control_by_session_key,"{""session_key"": 11281}",106,pass,,0.973
2026-07-26T22:44:59.688575Z,intervals,intervals_by_session_key,"{""session_key"": 11281}",0,http_404,"{""detail"":""No results found.""}",1.688
2026-07-26T22:45:00.793005Z,position,position_by_session_key,"{""session_key"": 11281}",843,pass,,1.003
2026-07-26T22:45:02.740890Z,stints,stints_by_session_key,"{""session_key"": 11281}",109,pass,,1.846
2026-07-26T22:45:02.842574Z,pit,skip_non_race_like_session,"{""session_key"": 11281}",0,skipped_not_applicable,pit endpoint is only treated as required for race/sprint-like sessions,0.0
2026-07-26T22:45:04.484002Z,starting_grid,starting_grid_by_session_key,"{""session_key"": 11281}",0,http_404,"{""detail"":""No results found.""}",1.641
2026-07-26T22:45:05.993684Z,drivers,drivers_by_session_key,"{""session_key"": 11281}",22,pass,,1.409
2026-07-26T22:45:06.824677Z,team_radio,team_radio_by_session_key_opportunistic,"{""session_key"": 11281}",0,http_404,"{""detail"":""No results found.""}",0.73
2026-07-26T22:45:08.364824Z,weather,weather_by_session_key,"{""session_key"": 11282}",77,pass,,1.439
2026-07-26T22:45:10.963854Z,race_control,race_control_by_session_key,"{""session_key"": 11282}",65,pass,,2.498
2026-07-26T22:45:17.430699Z,intervals,intervals_by_session_key,"{""session_key"": 11282}",0,http_404,"{""detail"":""No results found.""}",6.365
2026-07-26T22:45:18.683695Z,position,position_by_session_key,"{""session_key"": 11282}",1035,pass,,1.152
2026-07-26T22:45:27.741748Z,stints,stints_by_session_key,"{""session_key"": 11282}",56,pass,,8.957
2026-07-26T22:45:28.522792Z,pit,pit_by_session_key,"{""session_key"": 11282}",56,pass,,0.679
2026-07-26T22:45:29.824682Z,starting_grid,starting_grid_by_session_key,"{""session_key"": 11282}",22,pass,,1.201
2026-07-26T22:45:31.089661Z,drivers,drivers_by_session_key,"{""session_key"": 11282}",22,pass,,1.164
2026-07-26T22:45:34.031402Z,team_radio,team_radio_by_session_key_opportunistic,"{""session_key"": 11282}",0,http_404,"{""detail"":""No results found.""}",2.84
2026-07-26T22:45:35.764564Z,weather,weather_by_session_key,"{""session_key"": 11286}",76,pass,,1.632
2026-07-26T22:45:40.477393Z,race_control,race_control_by_session_key,"{""session_key"": 11286}",71,pass,,4.611
2026-07-26T22:45:46.469870Z,intervals,intervals_by_session_key,"{""session_key"": 11286}",9131,pass,,5.891
2026-07-26T22:45:52.463795Z,position,position_by_session_key,"{""session_key"": 11286}",200,pass,,5.891
2026-07-26T22:45:54.530611Z,stints,stints_by_session_key,"{""session_key"": 11286}",28,pass,,1.965
2026-07-26T22:45:55.394488Z,pit,pit_by_session_key,"{""session_key"": 11286}",6,pass,,0.762
2026-07-26T22:45:56.324012Z,starting_grid,starting_grid_by_session_key,"{""session_key"": 11286}",0,http_404,"{""detail"":""No results found.""}",0.828
2026-07-26T22:45:57.643881Z,drivers,drivers_by_session_key,"{""session_key"": 11286}",22,pass,,1.219
2026-07-26T22:46:00.272259Z,team_radio,team_radio_by_session_key_opportunistic,"{""session_key"": 11286}",13,pass,,2.527
2026-07-26T22:46:04.575816Z,weather,weather_by_session_key,"{""session_key"": 11287}",76,pass,,4.202
2026-07-26T22:46:05.630200Z,race_control,race_control_by_session_key,"{""session_key"": 11287}",60,pass,,0.953
2026-07-26T22:46:07.883431Z,intervals,intervals_by_session_key,"{""session_key"": 11287}",0,http_404,"{""detail"":""No results found.""}",2.152
2026-07-26T22:46:14.512928Z,position,position_by_session_key,"{""session_key"": 11287}",1449,pass,,6.528
2026-07-26T22:46:19.099815Z,stints,stints_by_session_key,"{""session_key"": 11287}",91,pass,,4.485
2026-07-26T22:46:19.201530Z,pit,skip_non_race_like_session,"{""session_key"": 11287}",0,skipped_not_applicable,pit endpoint is only treated as required for race/sprint-like sessions,0.0
2026-07-26T22:46:25.531932Z,starting_grid,starting_grid_by_session_key,"{""session_key"": 11287}",22,pass,,6.33
2026-07-26T22:46:26.496038Z,drivers,drivers_by_session_key,"{""session_key"": 11287}",22,pass,,0.862
2026-07-26T22:46:27.689513Z,team_radio,team_radio_by_session_key_opportunistic,"{""session_key"": 11287}",19,pass,,1.092
2026-07-26T22:46:29.477882Z,weather,weather_by_session_key,"{""session_key"": 11291}",160,pass,,1.687
2026-07-26T22:46:32.202695Z,race_control,race_control_by_session_key,"{""session_key"": 11291}",287,pass,,2.623
2026-07-26T22:46:37.610498Z,intervals,intervals_by_session_key,"{""session_key"": 11291}",22532,pass,,5.306
2026-07-26T22:46:39.445444Z,position,position_by_session_key,"{""session_key"": 11291}",470,pass,,1.732
2026-07-26T22:46:40.604458Z,stints,stints_by_session_key,"{""session_key"": 11291}",56,pass,,1.057
2026-07-26T22:46:41.563295Z,pit,pit_by_session_key,"{""session_key"": 11291}",34,pass,,0.857
2026-07-26T22:46:42.654891Z,starting_grid,starting_grid_by_session_key,"{""session_key"": 11291}",0,http_404,"{""detail"":""No results found.""}",0.99
2026-07-26T22:46:43.366794Z,drivers,drivers_by_session_key,"{""session_key"": 11291}",22,pass,,0.611
2026-07-26T22:46:44.098406Z,team_radio,team_radio_by_session_key_opportunistic,"{""session_key"": 11291}",33,pass,,0.63
2026-07-26T22:46:45.702938Z,weather,weather_by_session_key,"{""session_key"": 11292}",80,pass,,1.503
2026-07-26T22:46:49.432181Z,race_control,race_control_by_session_key,"{""session_key"": 11292}",130,pass,,3.628
2026-07-26T22:46:50.462012Z,intervals,intervals_by_session_key,"{""session_key"": 11292}",0,http_404,"{""detail"":""No results found.""}",0.928
2026-07-26T22:46:51.123895Z,position,position_by_session_key,"{""session_key"": 11292}",1015,pass,,0.561
2026-07-26T22:46:52.817388Z,stints,stints_by_session_key,"{""session_key"": 11292}",81,pass,,1.592
2026-07-26T22:46:52.918934Z,pit,skip_non_race_like_session,"{""session_key"": 11292}",0,skipped_not_applicable,pit endpoint is only treated as required for race/sprint-like sessions,0.0
2026-07-26T22:46:54.029568Z,starting_grid,starting_grid_by_session_key,"{""session_key"": 11292}",0,http_404,"{""detail"":""No results found.""}",1.111
2026-07-26T22:46:56.618622Z,drivers,drivers_by_session_key,"{""session_key"": 11292}",22,pass,,2.488
2026-07-26T22:47:02.918071Z,team_radio,team_radio_by_session_key_opportunistic,"{""session_key"": 11292}",0,http_404,"{""detail"":""No results found.""}",6.198
2026-07-26T22:47:05.081225Z,weather,weather_by_session_key,"{""session_key"": 11293}",80,pass,,2.062
2026-07-26T22:47:07.817645Z,race_control,race_control_by_session_key,"{""session_key"": 11293}",110,pass,,2.635
2026-07-26T22:47:12.567091Z,intervals,intervals_by_session_key,"{""session_key"": 11293}",0,http_404,"{""detail"":""No results found.""}",4.648
2026-07-26T22:47:17.180081Z,position,position_by_session_key,"{""session_key"": 11293}",816,pass,,4.512
2026-07-26T22:47:20.110319Z,stints,stints_by_session_key,"{""session_key"": 11293}",91,pass,,2.828
2026-07-26T22:47:20.212059Z,pit,skip_non_race_like_session,"{""session_key"": 11293}",0,skipped_not_applicable,pit endpoint is only treated as required for race/sprint-like sessions,0.0
2026-07-26T22:47:20.881695Z,starting_grid,starting_grid_by_session_key,"{""session_key"": 11293}",0,http_404,"{""detail"":""No results found.""}",0.67
2026-07-26T22:47:21.499148Z,drivers,drivers_by_session_key,"{""session_key"": 11293}",22,pass,,0.517
2026-07-26T22:47:22.804414Z,team_radio,team_radio_by_session_key_opportunistic,"{""session_key"": 11293}",0,http_404,"{""detail"":""No results found.""}",1.204
2026-07-26T22:47:23.469263Z,weather,weather_by_session_key,"{""session_key"": 11294}",79,pass,,0.564
2026-07-26T22:47:24.164145Z,race_control,race_control_by_session_key,"{""session_key"": 11294}",73,pass,,0.593
2026-07-26T22:47:30.944706Z,intervals,intervals_by_session_key,"{""session_key"": 11294}",0,http_404,"{""detail"":""No results found.""}",6.679
2026-07-26T22:47:35.228479Z,position,position_by_session_key,"{""session_key"": 11294}",592,pass,,4.183
2026-07-26T22:47:36.349048Z,stints,stints_by_session_key,"{""session_key"": 11294}",82,pass,,1.019
2026-07-26T22:47:36.450429Z,pit,skip_non_race_like_session,"{""session_key"": 11294}",0,skipped_not_applicable,pit endpoint is only treated as required for race/sprint-like sessions,0.0
2026-07-26T22:47:43.268848Z,starting_grid,starting_grid_by_session_key,"{""session_key"": 11294}",0,http_404,"{""detail"":""No results found.""}",6.818
2026-07-26T22:47:44.093807Z,drivers,drivers_by_session_key,"{""session_key"": 11294}",22,pass,,0.724
2026-07-26T22:47:44.772104Z,team_radio,team_radio_by_session_key_opportunistic,"{""session_key"": 11294}",22,pass,,0.577
2026-07-26T22:47:45.392030Z,weather,weather_by_session_key,"{""session_key"": 11295}",84,pass,,0.519
2026-07-26T22:47:48.284112Z,race_control,race_control_by_session_key,"{""session_key"": 11295}",73,pass,,2.791
2026-07-26T22:47:48.894509Z,intervals,intervals_by_session_key,"{""session_key"": 11295}",0,http_404,"{""detail"":""No results found.""}",0.509
2026-07-26T22:47:49.837899Z,position,position_by_session_key,"{""session_key"": 11295}",1616,pass,,0.843
2026-07-26T22:47:50.439793Z,stints,stints_by_session_key,"{""session_key"": 11295}",100,pass,,0.5
2026-07-26T22:47:50.540948Z,pit,skip_non_race_like_session,"{""session_key"": 11295}",0,skipped_not_applicable,pit endpoint is only treated as required for race/sprint-like sessions,0.0
2026-07-26T22:47:51.065052Z,starting_grid,starting_grid_by_session_key,"{""session_key"": 11295}",22,pass,,0.524
2026-07-26T22:47:51.757632Z,drivers,drivers_by_session_key,"{""session_key"": 11295}",22,pass,,0.591
2026-07-26T22:47:52.364138Z,team_radio,team_radio_by_session_key_opportunistic,"{""session_key"": 11295}",18,pass,,0.505
2026-07-26T22:47:52.975710Z,weather,weather_by_session_key,"{""session_key"": 11299}",208,pass,,0.51
2026-07-26T22:47:53.918399Z,race_control,race_control_by_session_key,"{""session_key"": 11299}",269,pass,,0.842
2026-07-26T22:47:59.604963Z,intervals,intervals_by_session_key,"{""session_key"": 11299}",29916,pass,,5.585
2026-07-26T22:48:00.251721Z,position,position_by_session_key,"{""session_key"": 11299}",291,pass,,0.541
2026-07-26T22:48:03.772610Z,stints,stints_by_session_key,"{""session_key"": 11299}",108,pass,,3.42
2026-07-26T22:48:05.948989Z,pit,pit_by_session_key,"{""session_key"": 11299}",86,pass,,2.075
2026-07-26T22:48:06.944496Z,starting_grid,starting_grid_by_session_key,"{""session_key"": 11299}",0,http_404,"{""detail"":""No results found.""}",0.894
2026-07-26T22:48:07.712023Z,drivers,drivers_by_session_key,"{""session_key"": 11299}",22,pass,,0.667
2026-07-26T22:48:08.334549Z,team_radio,team_radio_by_session_key_opportunistic,"{""session_key"": 11299}",36,pass,,0.521
2026-07-26T22:48:09.011875Z,weather,weather_by_session_key,"{""session_key"": 11300}",84,pass,,0.576
2026-07-26T22:48:10.940895Z,race_control,race_control_by_session_key,"{""session_key"": 11300}",25,pass,,1.828
2026-07-26T22:48:15.572328Z,intervals,intervals_by_session_key,"{""session_key"": 11300}",0,http_404,"{""detail"":""No results found.""}",4.53
2026-07-26T22:48:16.825869Z,position,position_by_session_key,"{""session_key"": 11300}",612,pass,,1.152
2026-07-26T22:48:17.502283Z,stints,stints_by_session_key,"{""session_key"": 11300}",115,pass,,0.575
2026-07-26T22:48:17.603669Z,pit,skip_non_race_like_session,"{""session_key"": 11300}",0,skipped_not_applicable,pit endpoint is only treated as required for race/sprint-like sessions,0.0
2026-07-26T22:48:20.454788Z,starting_grid,starting_grid_by_session_key,"{""session_key"": 11300}",0,http_404,"{""detail"":""No results found.""}",2.851
2026-07-26T22:48:26.732183Z,drivers,drivers_by_session_key,"{""session_key"": 11300}",21,pass,,6.176
2026-07-26T22:48:36.874014Z,team_radio,team_radio_by_session_key_opportunistic,"{""session_key"": 11300}",6,pass,,10.04
2026-07-26T22:48:38.930192Z,weather,weather_by_session_key,"{""session_key"": 11301}",85,pass,,1.954
2026-07-26T22:48:39.737042Z,race_control,race_control_by_session_key,"{""session_key"": 11301}",52,pass,,0.705
2026-07-26T22:48:40.545239Z,intervals,intervals_by_session_key,"{""session_key"": 11301}",0,http_404,"{""detail"":""No results found.""}",0.707
2026-07-26T22:48:47.049408Z,position,position_by_session_key,"{""session_key"": 11301}",424,pass,,6.404
2026-07-26T22:48:47.737478Z,stints,stints_by_session_key,"{""session_key"": 11301}",118,pass,,0.586
2026-07-26T22:48:47.838705Z,pit,skip_non_race_like_session,"{""session_key"": 11301}",0,skipped_not_applicable,pit endpoint is only treated as required for race/sprint-like sessions,0.0
2026-07-26T22:48:48.486015Z,starting_grid,starting_grid_by_session_key,"{""session_key"": 11301}",0,http_404,"{""detail"":""No results found.""}",0.647
2026-07-26T22:48:52.056661Z,drivers,drivers_by_session_key,"{""session_key"": 11301}",22,pass,,3.47
2026-07-26T22:48:53.008586Z,team_radio,team_radio_by_session_key_opportunistic,"{""session_key"": 11301}",6,pass,,0.85
2026-07-26T22:48:54.361947Z,weather,weather_by_session_key,"{""session_key"": 11302}",81,pass,,1.252
2026-07-26T22:48:57.666792Z,race_control,race_control_by_session_key,"{""session_key"": 11302}",44,pass,,3.204
2026-07-26T22:48:59.105668Z,intervals,intervals_by_session_key,"{""session_key"": 11302}",0,http_404,"{""detail"":""No results found.""}",1.337
2026-07-26T22:49:01.233650Z,position,position_by_session_key,"{""session_key"": 11302}",465,pass,,2.027
2026-07-26T22:49:08.669543Z,stints,stints_by_session_key,"{""session_key"": 11302}",105,pass,,7.334
2026-07-26T22:49:08.771231Z,pit,skip_non_race_like_session,"{""session_key"": 11302}",0,skipped_not_applicable,pit endpoint is only treated as required for race/sprint-like sessions,0.0
2026-07-26T22:49:10.053675Z,starting_grid,starting_grid_by_session_key,"{""session_key"": 11302}",0,http_404,"{""detail"":""No results found.""}",1.282
2026-07-26T22:49:12.148091Z,drivers,drivers_by_session_key,"{""session_key"": 11302}",22,pass,,1.994
2026-07-26T22:49:13.102532Z,team_radio,team_radio_by_session_key_opportunistic,"{""session_key"": 11302}",8,pass,,0.853
2026-07-26T22:49:14.281583Z,weather,weather_by_session_key,"{""session_key"": 11303}",88,pass,,1.078
2026-07-26T22:49:17.418816Z,race_control,race_control_by_session_key,"{""session_key"": 11303}",50,pass,,3.036
2026-07-26T22:49:19.670114Z,intervals,intervals_by_session_key,"{""session_key"": 11303}",0,http_404,"{""detail"":""No results found.""}",2.15
2026-07-26T22:49:21.420163Z,position,position_by_session_key,"{""session_key"": 11303}",1116,pass,,1.649
2026-07-26T22:49:23.516932Z,stints,stints_by_session_key,"{""session_key"": 11303}",89,pass,,1.995
2026-07-26T22:49:23.618766Z,pit,skip_non_race_like_session,"{""session_key"": 11303}",0,skipped_not_applicable,pit endpoint is only treated as required for race/sprint-like sessions,0.0
2026-07-26T22:49:24.125352Z,starting_grid,starting_grid_by_session_key,"{""session_key"": 11303}",22,pass,,0.507
2026-07-26T22:49:24.720722Z,drivers,drivers_by_session_key,"{""session_key"": 11303}",22,pass,,0.494
2026-07-26T22:49:25.347456Z,team_radio,team_radio_by_session_key_opportunistic,"{""session_key"": 11303}",8,pass,,0.526
2026-07-26T22:49:32.069251Z,weather,weather_by_session_key,"{""session_key"": 11307}",150,pass,,6.62
2026-07-26T22:49:33.501624Z,race_control,race_control_by_session_key,"{""session_key"": 11307}",179,pass,,1.331
2026-07-26T22:49:37.688996Z,intervals,intervals_by_session_key,"{""session_key"": 11307}",25022,pass,,4.086
2026-07-26T22:49:39.065276Z,position,position_by_session_key,"{""session_key"": 11307}",613,pass,,1.272
2026-07-26T22:49:39.695627Z,stints,stints_by_session_key,"{""session_key"": 11307}",70,pass,,0.529
2026-07-26T22:49:40.471100Z,pit,pit_by_session_key,"{""session_key"": 11307}",48,pass,,0.674
2026-07-26T22:49:41.675899Z,starting_grid,starting_grid_by_session_key,"{""session_key"": 11307}",0,http_404,"{""detail"":""No results found.""}",1.104
2026-07-26T22:49:42.509312Z,drivers,drivers_by_session_key,"{""session_key"": 11307}",22,pass,,0.732
2026-07-26T22:49:43.370337Z,team_radio,team_radio_by_session_key_opportunistic,"{""session_key"": 11307}",40,pass,,0.76
2026-07-26T22:49:44.004966Z,weather,weather_by_session_key,"{""session_key"": 11308}",77,pass,,0.533
2026-07-26T22:49:44.661535Z,race_control,race_control_by_session_key,"{""session_key"": 11308}",55,pass,,0.555
2026-07-26T22:49:49.181238Z,intervals,intervals_by_session_key,"{""session_key"": 11308}",0,http_404,"{""detail"":""No results found.""}",4.418
2026-07-26T22:49:51.740300Z,position,position_by_session_key,"{""session_key"": 11308}",640,pass,,2.458
2026-07-26T22:49:52.523561Z,stints,stints_by_session_key,"{""session_key"": 11308}",99,pass,,0.682
2026-07-26T22:49:52.625065Z,pit,skip_non_race_like_session,"{""session_key"": 11308}",0,skipped_not_applicable,pit endpoint is only treated as required for race/sprint-like sessions,0.0
2026-07-26T22:49:53.192259Z,starting_grid,starting_grid_by_session_key,"{""session_key"": 11308}",0,http_404,"{""detail"":""No results found.""}",0.567
2026-07-26T22:49:53.825568Z,drivers,drivers_by_session_key,"{""session_key"": 11308}",22,pass,,0.533
2026-07-26T22:49:54.474352Z,team_radio,team_radio_by_session_key_opportunistic,"{""session_key"": 11308}",13,pass,,0.548
2026-07-26T22:49:58.415150Z,weather,weather_by_session_key,"{""session_key"": 11309}",81,pass,,3.839
2026-07-26T22:50:06.305744Z,race_control,race_control_by_session_key,"{""session_key"": 11309}",53,pass,,7.789
2026-07-26T22:50:07.925553Z,intervals,intervals_by_session_key,"{""session_key"": 11309}",0,http_404,"{""detail"":""No results found.""}",1.518
2026-07-26T22:50:08.940188Z,position,position_by_session_key,"{""session_key"": 11309}",509,pass,,0.914
2026-07-26T22:50:10.374638Z,stints,stints_by_session_key,"{""session_key"": 11309}",109,pass,,1.333
2026-07-26T22:50:10.476154Z,pit,skip_non_race_like_session,"{""session_key"": 11309}",0,skipped_not_applicable,pit endpoint is only treated as required for race/sprint-like sessions,0.0
2026-07-26T22:50:11.153823Z,starting_grid,starting_grid_by_session_key,"{""session_key"": 11309}",0,http_404,"{""detail"":""No results found.""}",0.678
2026-07-26T22:50:11.766544Z,drivers,drivers_by_session_key,"{""session_key"": 11309}",22,pass,,0.512
2026-07-26T22:50:12.963985Z,team_radio,team_radio_by_session_key_opportunistic,"{""session_key"": 11309}",0,http_404,"{""detail"":""No results found.""}",1.096
2026-07-26T22:50:14.986684Z,weather,weather_by_session_key,"{""session_key"": 11310}",81,pass,,1.922
2026-07-26T22:50:15.759435Z,race_control,race_control_by_session_key,"{""session_key"": 11310}",21,pass,,0.671
2026-07-26T22:50:17.163823Z,intervals,intervals_by_session_key,"{""session_key"": 11310}",0,http_404,"{""detail"":""No results found.""}",1.303
2026-07-26T22:50:18.060914Z,position,position_by_session_key,"{""session_key"": 11310}",475,pass,,0.796
2026-07-26T22:50:18.830575Z,stints,stints_by_session_key,"{""session_key"": 11310}",116,pass,,0.668
2026-07-26T22:50:18.931774Z,pit,skip_non_race_like_session,"{""session_key"": 11310}",0,skipped_not_applicable,pit endpoint is only treated as required for race/sprint-like sessions,0.0
2026-07-26T22:50:19.480516Z,starting_grid,starting_grid_by_session_key,"{""session_key"": 11310}",0,http_404,"{""detail"":""No results found.""}",0.549
2026-07-26T22:50:20.213892Z,drivers,drivers_by_session_key,"{""session_key"": 11310}",22,pass,,0.633
2026-07-26T22:50:21.263072Z,team_radio,team_radio_by_session_key_opportunistic,"{""session_key"": 11310}",12,pass,,0.948
2026-07-26T22:50:22.292870Z,weather,weather_by_session_key,"{""session_key"": 11311}",80,pass,,0.928
2026-07-26T22:50:25.725036Z,race_control,race_control_by_session_key,"{""session_key"": 11311}",55,pass,,3.331
2026-07-26T22:50:27.228002Z,intervals,intervals_by_session_key,"{""session_key"": 11311}",0,http_404,"{""detail"":""No results found.""}",1.401
2026-07-26T22:50:29.781576Z,position,position_by_session_key,"{""session_key"": 11311}",982,pass,,2.453
2026-07-26T22:50:30.733755Z,stints,stints_by_session_key,"{""session_key"": 11311}",99,pass,,0.851
2026-07-26T22:50:30.835150Z,pit,skip_non_race_like_session,"{""session_key"": 11311}",0,skipped_not_applicable,pit endpoint is only treated as required for race/sprint-like sessions,0.0
2026-07-26T22:50:31.475201Z,starting_grid,starting_grid_by_session_key,"{""session_key"": 11311}",22,pass,,0.64
2026-07-26T22:50:36.087552Z,drivers,drivers_by_session_key,"{""session_key"": 11311}",22,pass,,4.511
2026-07-26T22:50:37.107426Z,team_radio,team_radio_by_session_key_opportunistic,"{""session_key"": 11311}",12,pass,,0.918
2026-07-26T22:50:43.747580Z,weather,weather_by_session_key,"{""session_key"": 11315}",149,pass,,6.539
2026-07-26T22:50:45.321385Z,race_control,race_control_by_session_key,"{""session_key"": 11315}",213,pass,,1.472
2026-07-26T22:50:50.361533Z,intervals,intervals_by_session_key,"{""session_key"": 11315}",26312,pass,,4.939
2026-07-26T22:50:51.024272Z,position,position_by_session_key,"{""session_key"": 11315}",499,pass,,0.559
2026-07-26T22:50:51.916468Z,stints,stints_by_session_key,"{""session_key"": 11315}",63,pass,,0.791
2026-07-26T22:50:52.555134Z,pit,pit_by_session_key,"{""session_key"": 11315}",41,pass,,0.537
2026-07-26T22:50:56.131136Z,starting_grid,starting_grid_by_session_key,"{""session_key"": 11315}",0,http_404,"{""detail"":""No results found.""}",3.474
2026-07-26T22:50:57.837184Z,drivers,drivers_by_session_key,"{""session_key"": 11315}",0,http_429,"{""detail"":""Rate limit exceeded. Max 30 requests/minute."",""error"":""Too Many Requests""}",1.605
2026-07-26T22:51:00.054587Z,drivers,drivers_by_observed_driver_number,"{""driver_number"": 1, ""session_key"": 11315}",0,http_429,"{""detail"":""Rate limit exceeded. Max 30 requests/minute."",""error"":""Too Many Requests""}",2.079
2026-07-26T22:51:01.310895Z,drivers,drivers_by_observed_driver_number,"{""driver_number"": 3, ""session_key"": 11315}",2,pass,,1.155
2026-07-26T22:51:02.432224Z,drivers,drivers_by_observed_driver_number,"{""driver_number"": 5, ""session_key"": 11315}",2,pass,,1.02
2026-07-26T22:51:03.310266Z,drivers,drivers_by_observed_driver_number,"{""driver_number"": 6, ""session_key"": 11315}",2,pass,,0.777
2026-07-26T22:51:04.088830Z,drivers,drivers_by_observed_driver_number,"{""driver_number"": 10, ""session_key"": 11315}",2,pass,,0.678
2026-07-26T22:51:05.429825Z,drivers,drivers_by_observed_driver_number,"{""driver_number"": 11, ""session_key"": 11315}",2,pass,,1.24
2026-07-26T22:51:07.140851Z,drivers,drivers_by_observed_driver_number,"{""driver_number"": 12, ""session_key"": 11315}",2,pass,,1.61
2026-07-26T22:51:11.127857Z,drivers,drivers_by_observed_driver_number,"{""driver_number"": 14, ""session_key"": 11315}",2,pass,,3.886
2026-07-26T22:51:12.144566Z,drivers,drivers_by_observed_driver_number,"{""driver_number"": 16, ""session_key"": 11315}",2,pass,,0.916
2026-07-26T22:51:13.732714Z,drivers,drivers_by_observed_driver_number,"{""driver_number"": 18, ""session_key"": 11315}",2,pass,,1.487
2026-07-26T22:51:15.083777Z,drivers,drivers_by_observed_driver_number,"{""driver_number"": 23, ""session_key"": 11315}",2,pass,,1.25
2026-07-26T22:51:15.767924Z,drivers,drivers_by_observed_driver_number,"{""driver_number"": 25, ""session_key"": 11315}",0,http_404,"{""detail"":""No results found.""}",0.583
2026-07-26T22:51:16.624792Z,drivers,drivers_by_observed_driver_number,"{""driver_number"": 27, ""session_key"": 11315}",2,pass,,0.756
2026-07-26T22:51:17.364750Z,drivers,drivers_by_observed_driver_number,"{""driver_number"": 30, ""session_key"": 11315}",2,pass,,0.639
2026-07-26T22:51:18.220556Z,drivers,drivers_by_observed_driver_number,"{""driver_number"": 31, ""session_key"": 11315}",2,pass,,0.755
2026-07-26T22:51:23.087634Z,drivers,drivers_by_observed_driver_number,"{""driver_number"": 34, ""session_key"": 11315}",0,http_404,"{""detail"":""No results found.""}",4.766
2026-07-26T22:51:23.966606Z,drivers,drivers_by_observed_driver_number,"{""driver_number"": 36, ""session_key"": 11315}",0,http_404,"{""detail"":""No results found.""}",0.778
2026-07-26T22:51:24.666933Z,drivers,drivers_by_observed_driver_number,"{""driver_number"": 38, ""session_key"": 11315}",0,http_404,"{""detail"":""No results found.""}",0.6
2026-07-26T22:51:25.314673Z,drivers,drivers_by_observed_driver_number,"{""driver_number"": 41, ""session_key"": 11315}",2,pass,,0.547
2026-07-26T22:51:26.726920Z,drivers,drivers_by_observed_driver_number,"{""driver_number"": 43, ""session_key"": 11315}",1,pass,,1.311
2026-07-26T22:51:28.501871Z,drivers,drivers_by_observed_driver_number,"{""driver_number"": 44, ""session_key"": 11315}",2,pass,,1.674
2026-07-26T22:51:32.452456Z,drivers,drivers_by_observed_driver_number,"{""driver_number"": 46, ""session_key"": 11315}",0,http_404,"{""detail"":""No results found.""}",3.849
2026-07-26T22:51:33.249288Z,drivers,drivers_by_observed_driver_number,"{""driver_number"": 50, ""session_key"": 11315}",0,http_404,"{""detail"":""No results found.""}",0.696
2026-07-26T22:51:34.180850Z,drivers,drivers_by_observed_driver_number,"{""driver_number"": 55, ""session_key"": 11315}",2,pass,,0.831
2026-07-26T22:51:40.659800Z,drivers,drivers_by_observed_driver_number,"{""driver_number"": 63, ""session_key"": 11315}",2,pass,,6.378
2026-07-26T22:51:43.007333Z,drivers,drivers_by_observed_driver_number,"{""driver_number"": 67, ""session_key"": 11315}",0,http_404,"{""detail"":""No results found.""}",2.246
2026-07-26T22:51:44.579258Z,drivers,drivers_by_observed_driver_number,"{""driver_number"": 72, ""session_key"": 11315}",0,http_404,"{""detail"":""No results found.""}",1.471
2026-07-26T22:51:48.766678Z,drivers,drivers_by_observed_driver_number,"{""driver_number"": 77, ""session_key"": 11315}",1,pass,,4.086
2026-07-26T22:51:50.018630Z,drivers,drivers_by_observed_driver_number,"{""driver_number"": 81, ""session_key"": 11315}",2,pass,,1.151
2026-07-26T22:51:50.638563Z,drivers,drivers_by_observed_driver_number,"{""driver_number"": 87, ""session_key"": 11315}",2,pass,,0.519
2026-07-26T22:51:51.347178Z,drivers,drivers_by_observed_driver_number,"{""driver_number"": 90, ""session_key"": 11315}",0,http_404,"{""detail"":""No results found.""}",0.608
2026-07-26T22:51:52.117053Z,drivers,drivers_by_observed_driver_number,"{""driver_number"": 97, ""session_key"": 11315}",0,http_429,"{""detail"":""Rate limit exceeded. Max 30 requests/minute."",""error"":""Too Many Requests""}",0.669
2026-07-26T22:51:55.190518Z,drivers,drivers_by_observed_driver_number,"{""driver_number"": 241, ""session_key"": 11315}",0,http_429,"{""detail"":""Rate limit exceeded. Max 30 requests/minute."",""error"":""Too Many Requests""}",2.973
2026-07-26T22:51:57.900802Z,drivers,drivers_by_observed_driver_number,"{""driver_number"": 243, ""session_key"": 11315}",0,http_429,"{""detail"":""Rate limit exceeded. Max 30 requests/minute."",""error"":""Too Many Requests""}",2.609
2026-07-26T22:52:04.733414Z,drivers,drivers_by_observed_driver_number,"{""driver_number"": 247, ""session_key"": 11315}",0,http_404,"{""detail"":""No results found.""}",6.732
2026-07-26T22:52:08.930339Z,team_radio,team_radio_by_session_key_opportunistic,"{""session_key"": 11315}",23,pass,,4.092
2026-07-26T22:52:11.456479Z,weather,weather_by_session_key,"{""session_key"": 11316}",84,pass,,2.424
2026-07-26T22:52:13.748573Z,race_control,race_control_by_session_key,"{""session_key"": 11316}",36,pass,,2.19
2026-07-26T22:52:14.884695Z,intervals,intervals_by_session_key,"{""session_key"": 11316}",0,http_404,"{""detail"":""No results found.""}",1.034
2026-07-26T22:52:17.555773Z,position,position_by_session_key,"{""session_key"": 11316}",788,pass,,2.57
2026-07-26T22:52:18.241870Z,stints,stints_by_session_key,"{""session_key"": 11316}",92,pass,,0.584
2026-07-26T22:52:18.343224Z,pit,skip_non_race_like_session,"{""session_key"": 11316}",0,skipped_not_applicable,pit endpoint is only treated as required for race/sprint-like sessions,0.0
2026-07-26T22:52:18.978024Z,starting_grid,starting_grid_by_session_key,"{""session_key"": 11316}",0,http_404,"{""detail"":""No results found.""}",0.635
2026-07-26T22:52:19.679920Z,drivers,drivers_by_session_key,"{""session_key"": 11316}",22,pass,,0.601
2026-07-26T22:52:20.345010Z,team_radio,team_radio_by_session_key_opportunistic,"{""session_key"": 11316}",9,pass,,0.564
2026-07-26T22:52:21.391735Z,weather,weather_by_session_key,"{""session_key"": 11317}",60,pass,,0.945
2026-07-26T22:52:22.018402Z,race_control,race_control_by_session_key,"{""session_key"": 11317}",64,pass,,0.525
2026-07-26T22:52:22.791600Z,intervals,intervals_by_session_key,"{""session_key"": 11317}",0,http_404,"{""detail"":""No results found.""}",0.672
2026-07-26T22:52:23.497518Z,position,position_by_session_key,"{""session_key"": 11317}",839,pass,,0.605
2026-07-26T22:52:24.098672Z,stints,stints_by_session_key,"{""session_key"": 11317}",63,pass,,0.5
2026-07-26T22:52:24.757425Z,pit,pit_by_session_key,"{""session_key"": 11317}",63,pass,,0.558
2026-07-26T22:52:27.128281Z,starting_grid,starting_grid_by_session_key,"{""session_key"": 11317}",22,pass,,2.27
2026-07-26T22:52:27.754880Z,drivers,drivers_by_session_key,"{""session_key"": 11317}",22,pass,,0.525
2026-07-26T22:52:29.708924Z,team_radio,team_radio_by_session_key_opportunistic,"{""session_key"": 11317}",7,pass,,1.853
2026-07-26T22:52:31.316726Z,weather,weather_by_session_key,"{""session_key"": 11321}",79,pass,,1.506
2026-07-26T22:52:35.887844Z,race_control,race_control_by_session_key,"{""session_key"": 11321}",95,pass,,4.469
2026-07-26T22:52:41.720688Z,intervals,intervals_by_session_key,"{""session_key"": 11321}",9414,pass,,5.731
2026-07-26T22:52:46.885379Z,position,position_by_session_key,"{""session_key"": 11321}",196,pass,,5.062
2026-07-26T22:52:48.954048Z,stints,stints_by_session_key,"{""session_key"": 11321}",22,pass,,1.967
2026-07-26T22:52:53.175573Z,pit,pit_by_session_key,"{""session_key"": 11321}",2,pass,,4.12
2026-07-26T22:52:55.494523Z,starting_grid,starting_grid_by_session_key,"{""session_key"": 11321}",0,http_404,"{""detail"":""No results found.""}",2.217
2026-07-26T22:52:56.704668Z,drivers,drivers_by_session_key,"{""session_key"": 11321}",22,pass,,1.109
2026-07-26T22:52:59.033970Z,team_radio,team_radio_by_session_key_opportunistic,"{""session_key"": 11321}",4,pass,,2.228
2026-07-26T22:53:00.134497Z,weather,weather_by_session_key,"{""session_key"": 11322}",84,pass,,0.999
2026-07-26T22:53:01.530398Z,race_control,race_control_by_session_key,"{""session_key"": 11322}",70,pass,,1.295
2026-07-26T22:53:02.941573Z,intervals,intervals_by_session_key,"{""session_key"": 11322}",0,http_404,"{""detail"":""No results found.""}",1.309
2026-07-26T22:53:04.333815Z,position,position_by_session_key,"{""session_key"": 11322}",968,pass,,1.291
2026-07-26T22:53:06.366984Z,stints,stints_by_session_key,"{""session_key"": 11322}",104,pass,,1.932
2026-07-26T22:53:06.468658Z,pit,skip_non_race_like_session,"{""session_key"": 11322}",0,skipped_not_applicable,pit endpoint is only treated as required for race/sprint-like sessions,0.0
2026-07-26T22:53:10.724675Z,starting_grid,starting_grid_by_session_key,"{""session_key"": 11322}",22,pass,,4.256
2026-07-26T22:53:11.871514Z,drivers,drivers_by_session_key,"{""session_key"": 11322}",22,pass,,1.045
2026-07-26T22:53:14.201730Z,team_radio,team_radio_by_session_key_opportunistic,"{""session_key"": 11322}",12,pass,,2.229
2026-07-26T22:53:15.401889Z,weather,weather_by_session_key,"{""session_key"": 11326}",156,pass,,1.098
2026-07-26T22:53:17.233146Z,race_control,race_control_by_session_key,"{""session_key"": 11326}",250,pass,,1.73
2026-07-26T22:53:23.677497Z,intervals,intervals_by_session_key,"{""session_key"": 11326}",0,http_422,"{""detail"":""Failed to retrieve information. You're likely asking for too much data at once.""}",6.343
2026-07-26T22:53:24.503378Z,position,position_by_session_key,"{""session_key"": 11326}",467,pass,,0.725
2026-07-26T22:53:25.121351Z,stints,stints_by_session_key,"{""session_key"": 11326}",73,pass,,0.517
2026-07-26T22:53:25.745555Z,pit,pit_by_session_key,"{""session_key"": 11326}",51,pass,,0.523
2026-07-26T22:53:26.391099Z,starting_grid,starting_grid_by_session_key,"{""session_key"": 11326}",0,http_404,"{""detail"":""No results found.""}",0.544
2026-07-26T22:53:27.155114Z,drivers,drivers_by_session_key,"{""session_key"": 11326}",22,pass,,0.663
2026-07-26T22:53:27.758338Z,team_radio,team_radio_by_session_key_opportunistic,"{""session_key"": 11326}",20,pass,,0.502
2026-07-26T22:53:31.185735Z,weather,weather_by_session_key,"{""session_key"": 11327}",81,pass,,3.326
2026-07-26T22:53:37.376294Z,race_control,race_control_by_session_key,"{""session_key"": 11327}",87,pass,,6.089
2026-07-26T22:53:39.847638Z,intervals,intervals_by_session_key,"{""session_key"": 11327}",0,http_404,"{""detail"":""No results found.""}",2.37
2026-07-26T22:53:40.541755Z,position,position_by_session_key,"{""session_key"": 11327}",600,pass,,0.593
2026-07-26T22:53:42.843648Z,stints,stints_by_session_key,"{""session_key"": 11327}",84,pass,,2.2
2026-07-26T22:53:42.945272Z,pit,skip_non_race_like_session,"{""session_key"": 11327}",0,skipped_not_applicable,pit endpoint is only treated as required for race/sprint-like sessions,0.0
2026-07-26T22:53:43.767299Z,starting_grid,starting_grid_by_session_key,"{""session_key"": 11327}",0,http_404,"{""detail"":""No results found.""}",0.822
2026-07-26T22:53:44.391098Z,drivers,drivers_by_session_key,"{""session_key"": 11327}",22,pass,,0.523
2026-07-26T22:53:45.013305Z,team_radio,team_radio_by_session_key_opportunistic,"{""session_key"": 11327}",4,pass,,0.521
2026-07-26T22:53:46.405186Z,weather,weather_by_session_key,"{""session_key"": 11328}",83,pass,,1.29
2026-07-26T22:53:47.200163Z,race_control,race_control_by_session_key,"{""session_key"": 11328}",89,pass,,0.694
2026-07-26T22:53:47.856099Z,intervals,intervals_by_session_key,"{""session_key"": 11328}",0,http_404,"{""detail"":""No results found.""}",0.555
2026-07-26T22:53:48.894945Z,position,position_by_session_key,"{""session_key"": 11328}",464,pass,,0.938
2026-07-26T22:53:53.938651Z,stints,stints_by_session_key,"{""session_key"": 11328}",97,pass,,4.942
2026-07-26T22:53:54.040340Z,pit,skip_non_race_like_session,"{""session_key"": 11328}",0,skipped_not_applicable,pit endpoint is only treated as required for race/sprint-like sessions,0.0
2026-07-26T22:53:56.697006Z,starting_grid,starting_grid_by_session_key,"{""session_key"": 11328}",0,http_404,"{""detail"":""No results found.""}",2.657
2026-07-26T22:53:57.600869Z,drivers,drivers_by_session_key,"{""session_key"": 11328}",0,http_429,"{""detail"":""Rate limit exceeded. Max 30 requests/minute."",""error"":""Too Many Requests""}",0.803
2026-07-26T22:53:58.973180Z,drivers,drivers_by_observed_driver_number,"{""driver_number"": 1, ""session_key"": 11328}",0,http_429,"{""detail"":""Rate limit exceeded. Max 30 requests/minute."",""error"":""Too Many Requests""}",1.231
2026-07-26T22:53:59.821467Z,drivers,drivers_by_observed_driver_number,"{""driver_number"": 3, ""session_key"": 11328}",0,http_429,"{""detail"":""Rate limit exceeded. Max 30 requests/minute."",""error"":""Too Many Requests""}",0.747
2026-07-26T22:54:05.432814Z,drivers,drivers_by_observed_driver_number,"{""driver_number"": 5, ""session_key"": 11328}",1,pass,,5.511
2026-07-26T22:54:06.501060Z,drivers,drivers_by_observed_driver_number,"{""driver_number"": 6, ""session_key"": 11328}",1,pass,,0.967
2026-07-26T22:54:07.431652Z,drivers,drivers_by_observed_driver_number,"{""driver_number"": 10, ""session_key"": 11328}",1,pass,,0.83
2026-07-26T22:54:08.046245Z,drivers,drivers_by_observed_driver_number,"{""driver_number"": 11, ""session_key"": 11328}",1,pass,,0.514
2026-07-26T22:54:12.669308Z,drivers,drivers_by_observed_driver_number,"{""driver_number"": 12, ""session_key"": 11328}",1,pass,,4.522
2026-07-26T22:54:17.793140Z,drivers,drivers_by_observed_driver_number,"{""driver_number"": 14, ""session_key"": 11328}",1,pass,,5.023
2026-07-26T22:54:18.594752Z,drivers,drivers_by_observed_driver_number,"{""driver_number"": 16, ""session_key"": 11328}",1,pass,,0.7
2026-07-26T22:54:21.409476Z,drivers,drivers_by_observed_driver_number,"{""driver_number"": 18, ""session_key"": 11328}",1,pass,,2.714
2026-07-26T22:54:22.654126Z,drivers,drivers_by_observed_driver_number,"{""driver_number"": 23, ""session_key"": 11328}",1,pass,,1.143
2026-07-26T22:54:23.277750Z,drivers,drivers_by_observed_driver_number,"{""driver_number"": 25, ""session_key"": 11328}",0,http_404,"{""detail"":""No results found.""}",0.523
2026-07-26T22:54:23.920290Z,drivers,drivers_by_observed_driver_number,"{""driver_number"": 27, ""session_key"": 11328}",1,pass,,0.542
2026-07-26T22:54:24.559526Z,drivers,drivers_by_observed_driver_number,"{""driver_number"": 30, ""session_key"": 11328}",1,pass,,0.539
2026-07-26T22:54:25.162520Z,drivers,drivers_by_observed_driver_number,"{""driver_number"": 31, ""session_key"": 11328}",1,pass,,0.502
2026-07-26T22:54:25.962943Z,drivers,drivers_by_observed_driver_number,"{""driver_number"": 34, ""session_key"": 11328}",0,http_404,"{""detail"":""No results found.""}",0.7
2026-07-26T22:54:26.631959Z,drivers,drivers_by_observed_driver_number,"{""driver_number"": 36, ""session_key"": 11328}",0,http_404,"{""detail"":""No results found.""}",0.568
2026-07-26T22:54:27.273856Z,drivers,drivers_by_observed_driver_number,"{""driver_number"": 38, ""session_key"": 11328}",0,http_404,"{""detail"":""No results found.""}",0.541
2026-07-26T22:54:27.902579Z,drivers,drivers_by_observed_driver_number,"{""driver_number"": 41, ""session_key"": 11328}",1,pass,,0.528
2026-07-26T22:54:28.754699Z,drivers,drivers_by_observed_driver_number,"{""driver_number"": 43, ""session_key"": 11328}",1,pass,,0.751
2026-07-26T22:54:29.399593Z,drivers,drivers_by_observed_driver_number,"{""driver_number"": 44, ""session_key"": 11328}",1,pass,,0.544
2026-07-26T22:54:31.594983Z,drivers,drivers_by_observed_driver_number,"{""driver_number"": 46, ""session_key"": 11328}",0,http_404,"{""detail"":""No results found.""}",2.095
2026-07-26T22:54:32.274779Z,drivers,drivers_by_observed_driver_number,"{""driver_number"": 50, ""session_key"": 11328}",0,http_404,"{""detail"":""No results found.""}",0.579
2026-07-26T22:54:32.906316Z,drivers,drivers_by_observed_driver_number,"{""driver_number"": 55, ""session_key"": 11328}",1,pass,,0.531
2026-07-26T22:54:33.845225Z,drivers,drivers_by_observed_driver_number,"{""driver_number"": 63, ""session_key"": 11328}",1,pass,,0.838
2026-07-26T22:54:37.596815Z,drivers,drivers_by_observed_driver_number,"{""driver_number"": 67, ""session_key"": 11328}",0,http_404,"{""detail"":""No results found.""}",3.651
2026-07-26T22:54:38.326987Z,drivers,drivers_by_observed_driver_number,"{""driver_number"": 72, ""session_key"": 11328}",0,http_404,"{""detail"":""No results found.""}",0.629
2026-07-26T22:54:40.492325Z,drivers,drivers_by_observed_driver_number,"{""driver_number"": 77, ""session_key"": 11328}",1,pass,,2.065
2026-07-26T22:54:45.211517Z,drivers,drivers_by_observed_driver_number,"{""driver_number"": 81, ""session_key"": 11328}",1,pass,,4.618
2026-07-26T22:54:45.831957Z,drivers,drivers_by_observed_driver_number,"{""driver_number"": 87, ""session_key"": 11328}",1,pass,,0.519
2026-07-26T22:54:46.658743Z,drivers,drivers_by_observed_driver_number,"{""driver_number"": 90, ""session_key"": 11328}",0,http_404,"{""detail"":""No results found.""}",0.726
2026-07-26T22:54:47.550964Z,drivers,drivers_by_observed_driver_number,"{""driver_number"": 97, ""session_key"": 11328}",0,http_404,"{""detail"":""No results found.""}",0.791
2026-07-26T22:54:48.147954Z,drivers,drivers_by_observed_driver_number,"{""driver_number"": 241, ""session_key"": 11328}",0,http_429,"{""detail"":""Rate limit exceeded. Max 30 requests/minute."",""error"":""Too Many Requests""}",0.496
2026-07-26T22:54:48.828476Z,drivers,drivers_by_observed_driver_number,"{""driver_number"": 243, ""session_key"": 11328}",0,http_429,"{""detail"":""Rate limit exceeded. Max 30 requests/minute."",""error"":""Too Many Requests""}",0.58
2026-07-26T22:54:49.436274Z,drivers,drivers_by_observed_driver_number,"{""driver_number"": 247, ""session_key"": 11328}",0,http_429,"{""detail"":""Rate limit exceeded. Max 30 requests/minute."",""error"":""Too Many Requests""}",0.507
2026-07-26T22:54:53.547700Z,team_radio,team_radio_by_session_key_opportunistic,"{""session_key"": 11328}",0,http_429,"{""detail"":""Rate limit exceeded. Max 30 requests/minute."",""error"":""Too Many Requests""}",4.007
2026-07-26T22:54:54.446616Z,weather,weather_by_session_key,"{""session_key"": 11329}",0,http_429,"{""detail"":""Rate limit exceeded. Max 30 requests/minute."",""error"":""Too Many Requests""}",0.798
2026-07-26T22:54:55.142806Z,race_control,race_control_by_session_key,"{""session_key"": 11329}",0,http_429,"{""detail"":""Rate limit exceeded. Max 30 requests/minute."",""error"":""Too Many Requests""}",0.595
2026-07-26T22:54:55.754751Z,intervals,intervals_by_session_key,"{""session_key"": 11329}",0,http_429,"{""detail"":""Rate limit exceeded. Max 30 requests/minute."",""error"":""Too Many Requests""}",0.511
2026-07-26T22:54:58.124765Z,position,position_by_session_key,"{""session_key"": 11329}",0,http_429,"{""detail"":""Rate limit exceeded. Max 30 requests/minute."",""error"":""Too Many Requests""}",2.269
2026-07-26T22:54:59.589986Z,position,position_by_meeting_key_fallback,"{""meeting_key"": 1290}",0,http_429,"{""detail"":""Rate limit exceeded. Max 30 requests/minute."",""error"":""Too Many Requests""}",1.364
2026-07-26T22:55:00.242958Z,stints,stints_by_session_key,"{""session_key"": 11329}",82,pass,,0.552
2026-07-26T22:55:00.344253Z,pit,skip_non_race_like_session,"{""session_key"": 11329}",0,skipped_not_applicable,pit endpoint is only treated as required for race/sprint-like sessions,0.0
2026-07-26T22:55:04.588020Z,starting_grid,starting_grid_by_session_key,"{""session_key"": 11329}",0,http_404,"{""detail"":""No results found.""}",4.244
2026-07-26T22:55:07.095856Z,drivers,drivers_by_session_key,"{""session_key"": 11329}",22,pass,,2.407
2026-07-26T22:55:11.373526Z,team_radio,team_radio_by_session_key_opportunistic,"{""session_key"": 11329}",10,pass,,4.176
2026-07-26T22:55:13.758503Z,weather,weather_by_session_key,"{""session_key"": 11330}",88,pass,,2.283
2026-07-26T22:55:16.529966Z,race_control,race_control_by_session_key,"{""session_key"": 11330}",65,pass,,2.67
2026-07-26T22:55:17.456601Z,intervals,intervals_by_session_key,"{""session_key"": 11330}",0,http_404,"{""detail"":""No results found.""}",0.825
2026-07-26T22:55:18.873037Z,position,position_by_session_key,"{""session_key"": 11330}",1064,pass,,1.316
2026-07-26T22:55:19.885717Z,stints,stints_by_session_key,"{""session_key"": 11330}",90,pass,,0.911
2026-07-26T22:55:19.987163Z,pit,skip_non_race_like_session,"{""session_key"": 11330}",0,skipped_not_applicable,pit endpoint is only treated as required for race/sprint-like sessions,0.0
2026-07-26T22:55:20.645765Z,starting_grid,starting_grid_by_session_key,"{""session_key"": 11330}",22,pass,,0.659
2026-07-26T22:55:21.257908Z,drivers,drivers_by_session_key,"{""session_key"": 11330}",22,pass,,0.511
2026-07-26T22:55:22.127258Z,team_radio,team_radio_by_session_key_opportunistic,"{""session_key"": 11330}",5,pass,,0.768
2026-07-26T22:55:22.833472Z,weather,weather_by_session_key,"{""session_key"": 11334}",146,pass,,0.605
2026-07-26T22:55:23.499785Z,race_control,race_control_by_session_key,"{""session_key"": 11334}",151,pass,,0.565
2026-07-26T22:55:30.068660Z,intervals,intervals_by_session_key,"{""session_key"": 11334}",23116,pass,,6.468
2026-07-26T22:55:30.975581Z,position,position_by_session_key,"{""session_key"": 11334}",443,pass,,0.803
2026-07-26T22:55:31.602516Z,stints,stints_by_session_key,"{""session_key"": 11334}",51,pass,,0.525
2026-07-26T22:55:32.381041Z,pit,pit_by_session_key,"{""session_key"": 11334}",28,pass,,0.677
2026-07-26T22:55:34.083985Z,starting_grid,starting_grid_by_session_key,"{""session_key"": 11334}",0,http_404,"{""detail"":""No results found.""}",1.601
2026-07-26T22:55:35.957879Z,drivers,drivers_by_session_key,"{""session_key"": 11334}",22,pass,,1.773
2026-07-26T22:55:36.842163Z,team_radio,team_radio_by_session_key_opportunistic,"{""session_key"": 11334}",29,pass,,0.783
2026-07-26T22:55:41.205111Z,weather,weather_by_session_key,"{""session_key"": 11335}",79,pass,,4.261
2026-07-26T22:55:42.683761Z,race_control,race_control_by_session_key,"{""session_key"": 11335}",57,pass,,1.377
2026-07-26T22:55:44.088453Z,intervals,intervals_by_session_key,"{""session_key"": 11335}",0,http_404,"{""detail"":""No results found.""}",1.303
2026-07-26T22:55:56.757518Z,position,position_by_session_key,"{""session_key"": 11335}",734,pass,,12.568
2026-07-26T22:56:01.912832Z,stints,stints_by_session_key,"{""session_key"": 11335}",106,pass,,5.054
2026-07-26T22:56:02.014712Z,pit,skip_non_race_like_session,"{""session_key"": 11335}",0,skipped_not_applicable,pit endpoint is only treated as required for race/sprint-like sessions,0.0
2026-07-26T22:56:05.081412Z,starting_grid,starting_grid_by_session_key,"{""session_key"": 11335}",0,http_404,"{""detail"":""No results found.""}",3.067
2026-07-26T22:56:06.772885Z,drivers,drivers_by_session_key,"{""session_key"": 11335}",22,pass,,1.59
2026-07-26T22:56:08.747962Z,team_radio,team_radio_by_session_key_opportunistic,"{""session_key"": 11335}",15,pass,,1.874
2026-07-26T22:56:13.403606Z,weather,weather_by_session_key,"{""session_key"": 11336}",82,pass,,4.554
2026-07-26T22:56:14.330836Z,race_control,race_control_by_session_key,"{""session_key"": 11336}",72,pass,,0.825
2026-07-26T22:56:14.984840Z,intervals,intervals_by_session_key,"{""session_key"": 11336}",0,http_404,"{""detail"":""No results found.""}",0.553
2026-07-26T22:56:18.267711Z,position,position_by_session_key,"{""session_key"": 11336}",608,pass,,3.182
2026-07-26T22:56:25.041004Z,stints,stints_by_session_key,"{""session_key"": 11336}",93,pass,,6.672
2026-07-26T22:56:25.142907Z,pit,skip_non_race_like_session,"{""session_key"": 11336}",0,skipped_not_applicable,pit endpoint is only treated as required for race/sprint-like sessions,0.0
2026-07-26T22:56:29.422052Z,starting_grid,starting_grid_by_session_key,"{""session_key"": 11336}",0,http_404,"{""detail"":""No results found.""}",4.279
2026-07-26T22:56:31.112848Z,drivers,drivers_by_session_key,"{""session_key"": 11336}",22,pass,,1.59
2026-07-26T22:56:34.652345Z,team_radio,team_radio_by_session_key_opportunistic,"{""session_key"": 11336}",7,pass,,3.438
2026-07-26T22:56:35.881918Z,weather,weather_by_session_key,"{""session_key"": 11337}",80,pass,,1.128
2026-07-26T22:56:39.446457Z,race_control,race_control_by_session_key,"{""session_key"": 11337}",67,pass,,3.463
2026-07-26T22:56:40.495888Z,intervals,intervals_by_session_key,"{""session_key"": 11337}",0,http_404,"{""detail"":""No results found.""}",0.948
2026-07-26T22:56:43.558170Z,position,position_by_session_key,"{""session_key"": 11337}",513,pass,,2.962
2026-07-26T22:56:44.279251Z,stints,stints_by_session_key,"{""session_key"": 11337}",89,pass,,0.619
2026-07-26T22:56:44.380556Z,pit,skip_non_race_like_session,"{""session_key"": 11337}",0,skipped_not_applicable,pit endpoint is only treated as required for race/sprint-like sessions,0.0
2026-07-26T22:56:45.005834Z,starting_grid,starting_grid_by_session_key,"{""session_key"": 11337}",0,http_404,"{""detail"":""No results found.""}",0.625
2026-07-26T22:56:46.194577Z,drivers,drivers_by_session_key,"{""session_key"": 11337}",22,pass,,1.088
2026-07-26T22:56:50.477633Z,team_radio,team_radio_by_session_key_opportunistic,"{""session_key"": 11337}",7,pass,,4.182
2026-07-26T22:56:51.275663Z,weather,weather_by_session_key,"{""session_key"": 11338}",76,pass,,0.696
2026-07-26T22:56:53.862382Z,race_control,race_control_by_session_key,"{""session_key"": 11338}",48,pass,,2.485
2026-07-26T22:56:55.633003Z,intervals,intervals_by_session_key,"{""session_key"": 11338}",0,http_404,"{""detail"":""No results found.""}",1.669
2026-07-26T22:56:56.691861Z,position,position_by_session_key,"{""session_key"": 11338}",1016,pass,,0.958
2026-07-26T22:56:58.887177Z,stints,stints_by_session_key,"{""session_key"": 11338}",98,pass,,2.094
2026-07-26T22:56:58.989024Z,pit,skip_non_race_like_session,"{""session_key"": 11338}",0,skipped_not_applicable,pit endpoint is only treated as required for race/sprint-like sessions,0.0
2026-07-26T22:56:59.677380Z,starting_grid,starting_grid_by_session_key,"{""session_key"": 11338}",22,pass,,0.688
2026-07-26T22:57:00.605769Z,drivers,drivers_by_session_key,"{""session_key"": 11338}",22,pass,,0.827
2026-07-26T22:57:05.838838Z,team_radio,team_radio_by_session_key_opportunistic,"{""session_key"": 11338}",17,pass,,5.131
2026-07-26T22:57:06.688392Z,weather,weather_by_session_key,"{""session_key"": 11342}",156,pass,,0.748
2026-07-26T22:57:07.891226Z,race_control,race_control_by_session_key,"{""session_key"": 11342}",80,pass,,1.101
2026-07-26T22:57:14.909521Z,intervals,intervals_by_session_key,"{""session_key"": 11342}",0,http_422,"{""detail"":""Failed to retrieve information. You're likely asking for too much data at once.""}",6.916
2026-07-26T22:57:16.280217Z,position,position_by_session_key,"{""session_key"": 11342}",536,pass,,1.269
2026-07-26T22:57:18.974057Z,stints,stints_by_session_key,"{""session_key"": 11342}",67,pass,,2.592
2026-07-26T22:57:20.207182Z,pit,pit_by_session_key,"{""session_key"": 11342}",44,pass,,1.131
2026-07-26T22:57:24.825731Z,starting_grid,starting_grid_by_session_key,"{""session_key"": 11342}",0,http_404,"{""detail"":""No results found.""}",4.517
2026-07-26T22:57:25.441426Z,drivers,drivers_by_session_key,"{""session_key"": 11342}",22,pass,,0.514
2026-07-26T22:57:27.076305Z,team_radio,team_radio_by_session_key_opportunistic,"{""session_key"": 11342}",36,pass,,1.533
