lane,meeting_key,session_key,session_name,session_type,applicable,rows,status
weather,1304,11465,Day 1,Practice,True,540,pass
race_control,1304,11465,Day 1,Practice,True,56,pass
intervals,1304,11465,Day 1,Practice,True,0,zero_rows
position,1304,11465,Day 1,Practice,True,415,pass
stints,1304,11465,Day 1,Practice,True,207,pass
pit,1304,11465,Day 1,Practice,False,0,skipped_not_applicable
starting_grid,1304,11465,Day 1,Practice,True,0,zero_rows
drivers,1304,11465,Day 1,Practice,True,22,pass
team_radio,1304,11465,Day 1,Practice,True,0,zero_rows
weather,1304,11466,Day 2,Practice,True,484,pass
race_control,1304,11466,Day 2,Practice,True,67,pass
intervals,1304,11466,Day 2,Practice,True,0,zero_rows
position,1304,11466,Day 2,Practice,True,280,pass
stints,1304,11466,Day 2,Practice,True,233,pass
pit,1304,11466,Day 2,Practice,False,0,skipped_not_applicable
starting_grid,1304,11466,Day 2,Practice,True,0,zero_rows
drivers,1304,11466,Day 2,Practice,True,22,pass
team_radio,1304,11466,Day 2,Practice,True,0,zero_rows
weather,1304,11467,Day 3,Practice,True,528,pass
race_control,1304,11467,Day 3,Practice,True,109,pass
intervals,1304,11467,Day 3,Practice,True,0,zero_rows
position,1304,11467,Day 3,Practice,True,216,pass
stints,1304,11467,Day 3,Practice,True,211,pass
pit,1304,11467,Day 3,Practice,False,0,skipped_not_applicable
starting_grid,1304,11467,Day 3,Practice,True,0,zero_rows
drivers,1304,11467,Day 3,Practice,True,22,pass
team_radio,1304,11467,Day 3,Practice,True,1,pass
weather,1305,11470,Day 1,Practice,True,517,pass
race_control,1305,11470,Day 1,Practice,True,57,pass
intervals,1305,11470,Day 1,Practice,True,0,zero_rows
position,1305,11470,Day 1,Practice,True,429,pass
stints,1305,11470,Day 1,Practice,True,0,zero_rows
pit,1305,11470,Day 1,Practice,False,0,skipped_not_applicable
starting_grid,1305,11470,Day 1,Practice,True,0,zero_rows
drivers,1305,11470,Day 1,Practice,True,0,zero_rows
team_radio,1305,11470,Day 1,Practice,True,0,zero_rows
weather,1305,11469,Day 2,Practice,True,0,zero_rows
race_control,1305,11469,Day 2,Practice,True,0,zero_rows
intervals,1305,11469,Day 2,Practice,True,0,zero_rows
position,1305,11469,Day 2,Practice,True,0,zero_rows
stints,1305,11469,Day 2,Practice,True,0,zero_rows
pit,1305,11469,Day 2,Practice,False,0,skipped_not_applicable
starting_grid,1305,11469,Day 2,Practice,True,0,zero_rows
drivers,1305,11469,Day 2,Practice,True,20,pass
team_radio,1305,11469,Day 2,Practice,True,0,zero_rows
weather,1305,11468,Day 3,Practice,True,559,pass
race_control,1305,11468,Day 3,Practice,True,46,pass
intervals,1305,11468,Day 3,Practice,True,0,zero_rows
position,1305,11468,Day 3,Practice,True,341,pass
stints,1305,11468,Day 3,Practice,True,290,pass
pit,1305,11468,Day 3,Practice,False,0,skipped_not_applicable
starting_grid,1305,11468,Day 3,Practice,True,0,zero_rows
drivers,1305,11468,Day 3,Practice,True,0,zero_rows
team_radio,1305,11468,Day 3,Practice,True,0,zero_rows
weather,1279,11227,Practice 1,Practice,True,0,zero_rows
race_control,1279,11227,Practice 1,Practice,True,0,zero_rows
intervals,1279,11227,Practice 1,Practice,True,0,zero_rows
position,1279,11227,Practice 1,Practice,True,0,zero_rows
stints,1279,11227,Practice 1,Practice,True,0,zero_rows
pit,1279,11227,Practice 1,Practice,False,0,skipped_not_applicable
starting_grid,1279,11227,Practice 1,Practice,True,0,zero_rows
drivers,1279,11227,Practice 1,Practice,True,0,zero_rows
team_radio,1279,11227,Practice 1,Practice,True,0,zero_rows
weather,1279,11228,Practice 2,Practice,True,0,zero_rows
race_control,1279,11228,Practice 2,Practice,True,0,zero_rows
intervals,1279,11228,Practice 2,Practice,True,0,zero_rows
position,1279,11228,Practice 2,Practice,True,0,zero_rows
stints,1279,11228,Practice 2,Practice,True,0,zero_rows
pit,1279,11228,Practice 2,Practice,False,0,skipped_not_applicable
starting_grid,1279,11228,Practice 2,Practice,True,0,zero_rows
drivers,1279,11228,Practice 2,Practice,True,0,zero_rows
team_radio,1279,11228,Practice 2,Practice,True,0,zero_rows
weather,1279,11229,Practice 3,Practice,True,0,zero_rows
race_control,1279,11229,Practice 3,Practice,True,0,zero_rows
intervals,1279,11229,Practice 3,Practice,True,0,zero_rows
position,1279,11229,Practice 3,Practice,True,0,zero_rows
stints,1279,11229,Practice 3,Practice,True,0,zero_rows
pit,1279,11229,Practice 3,Practice,False,0,skipped_not_applicable
starting_grid,1279,11229,Practice 3,Practice,True,0,zero_rows
drivers,1279,11229,Practice 3,Practice,True,9,pass
team_radio,1279,11229,Practice 3,Practice,True,1,pass
weather,1279,11230,Qualifying,Qualifying,True,95,pass
race_control,1279,11230,Qualifying,Qualifying,True,109,pass
intervals,1279,11230,Qualifying,Qualifying,True,0,zero_rows
position,1279,11230,Qualifying,Qualifying,True,1070,pass
stints,1279,11230,Qualifying,Qualifying,True,99,pass
pit,1279,11230,Qualifying,Qualifying,False,0,skipped_not_applicable
starting_grid,1279,11230,Qualifying,Qualifying,True,22,pass
drivers,1279,11230,Qualifying,Qualifying,True,22,pass
team_radio,1279,11230,Qualifying,Qualifying,True,0,zero_rows
weather,1279,11234,Race,Race,True,148,pass
race_control,1279,11234,Race,Race,True,169,pass
intervals,1279,11234,Race,Race,True,22276,pass
position,1279,11234,Race,Race,True,531,pass
stints,1279,11234,Race,Race,True,53,pass
pit,1279,11234,Race,Race,True,36,pass
starting_grid,1279,11234,Race,Race,True,0,zero_rows
drivers,1279,11234,Race,Race,True,22,pass
team_radio,1279,11234,Race,Race,True,0,zero_rows
weather,1280,11235,Practice 1,Practice,True,0,zero_rows
race_control,1280,11235,Practice 1,Practice,True,0,zero_rows
intervals,1280,11235,Practice 1,Practice,True,0,zero_rows
position,1280,11235,Practice 1,Practice,True,0,zero_rows
stints,1280,11235,Practice 1,Practice,True,0,zero_rows
pit,1280,11235,Practice 1,Practice,False,0,skipped_not_applicable
starting_grid,1280,11235,Practice 1,Practice,True,0,zero_rows
drivers,1280,11235,Practice 1,Practice,True,0,zero_rows
team_radio,1280,11235,Practice 1,Practice,True,0,zero_rows
weather,1280,11236,Sprint Qualifying,Qualifying,True,0,zero_rows
race_control,1280,11236,Sprint Qualifying,Qualifying,True,0,zero_rows
intervals,1280,11236,Sprint Qualifying,Qualifying,True,0,zero_rows
position,1280,11236,Sprint Qualifying,Qualifying,True,0,zero_rows
stints,1280,11236,Sprint Qualifying,Qualifying,True,0,zero_rows
pit,1280,11236,Sprint Qualifying,Qualifying,True,0,zero_rows
starting_grid,1280,11236,Sprint Qualifying,Qualifying,True,0,zero_rows
drivers,1280,11236,Sprint Qualifying,Qualifying,True,0,zero_rows
team_radio,1280,11236,Sprint Qualifying,Qualifying,True,0,zero_rows
weather,1280,11240,Sprint,Race,True,0,zero_rows
race_control,1280,11240,Sprint,Race,True,0,zero_rows
intervals,1280,11240,Sprint,Race,True,0,zero_rows
position,1280,11240,Sprint,Race,True,0,zero_rows
stints,1280,11240,Sprint,Race,True,0,zero_rows
pit,1280,11240,Sprint,Race,True,0,zero_rows
starting_grid,1280,11240,Sprint,Race,True,0,zero_rows
drivers,1280,11240,Sprint,Race,True,0,zero_rows
team_radio,1280,11240,Sprint,Race,True,0,zero_rows
weather,1280,11241,Qualifying,Qualifying,True,0,zero_rows
race_control,1280,11241,Qualifying,Qualifying,True,0,zero_rows
intervals,1280,11241,Qualifying,Qualifying,True,0,zero_rows
position,1280,11241,Qualifying,Qualifying,True,0,zero_rows
stints,1280,11241,Qualifying,Qualifying,True,0,zero_rows
pit,1280,11241,Qualifying,Qualifying,False,0,skipped_not_applicable
starting_grid,1280,11241,Qualifying,Qualifying,True,0,zero_rows
drivers,1280,11241,Qualifying,Qualifying,True,21,pass
team_radio,1280,11241,Qualifying,Qualifying,True,0,zero_rows
weather,1280,11245,Race,Race,True,152,pass
race_control,1280,11245,Race,Race,True,88,pass
intervals,1280,11245,Race,Race,True,20663,pass
position,1280,11245,Race,Race,True,524,pass
stints,1280,11245,Race,Race,True,41,pass
pit,1280,11245,Race,Race,True,0,zero_rows
starting_grid,1280,11245,Race,Race,True,0,zero_rows
drivers,1280,11245,Race,Race,True,0,zero_rows
team_radio,1280,11245,Race,Race,True,0,zero_rows
weather,1281,11246,Practice 1,Practice,True,0,zero_rows
race_control,1281,11246,Practice 1,Practice,True,0,zero_rows
intervals,1281,11246,Practice 1,Practice,True,0,zero_rows
position,1281,11246,Practice 1,Practice,True,0,zero_rows
stints,1281,11246,Practice 1,Practice,True,0,zero_rows
pit,1281,11246,Practice 1,Practice,False,0,skipped_not_applicable
starting_grid,1281,11246,Practice 1,Practice,True,0,zero_rows
drivers,1281,11246,Practice 1,Practice,True,0,zero_rows
team_radio,1281,11246,Practice 1,Practice,True,0,zero_rows
weather,1281,11247,Practice 2,Practice,True,0,zero_rows
race_control,1281,11247,Practice 2,Practice,True,0,zero_rows
intervals,1281,11247,Practice 2,Practice,True,0,zero_rows
position,1281,11247,Practice 2,Practice,True,0,zero_rows
stints,1281,11247,Practice 2,Practice,True,0,zero_rows
pit,1281,11247,Practice 2,Practice,False,0,skipped_not_applicable
starting_grid,1281,11247,Practice 2,Practice,True,0,zero_rows
drivers,1281,11247,Practice 2,Practice,True,0,zero_rows
team_radio,1281,11247,Practice 2,Practice,True,0,zero_rows
weather,1281,11248,Practice 3,Practice,True,0,zero_rows
race_control,1281,11248,Practice 3,Practice,True,0,zero_rows
intervals,1281,11248,Practice 3,Practice,True,0,zero_rows
position,1281,11248,Practice 3,Practice,True,0,zero_rows
stints,1281,11248,Practice 3,Practice,True,0,zero_rows
pit,1281,11248,Practice 3,Practice,False,0,skipped_not_applicable
starting_grid,1281,11248,Practice 3,Practice,True,0,zero_rows
drivers,1281,11248,Practice 3,Practice,True,22,pass
team_radio,1281,11248,Practice 3,Practice,True,0,zero_rows
weather,1281,11249,Qualifying,Qualifying,True,75,pass
race_control,1281,11249,Qualifying,Qualifying,True,26,pass
intervals,1281,11249,Qualifying,Qualifying,True,0,zero_rows
position,1281,11249,Qualifying,Qualifying,True,950,pass
stints,1281,11249,Qualifying,Qualifying,True,98,pass
pit,1281,11249,Qualifying,Qualifying,False,0,skipped_not_applicable
starting_grid,1281,11249,Qualifying,Qualifying,True,22,pass
drivers,1281,11249,Qualifying,Qualifying,True,22,pass
team_radio,1281,11249,Qualifying,Qualifying,True,0,zero_rows
weather,1281,11253,Race,Race,True,156,pass
race_control,1281,11253,Race,Race,True,49,pass
intervals,1281,11253,Race,Race,True,28324,pass
position,1281,11253,Race,Race,True,445,pass
stints,1281,11253,Race,Race,True,51,pass
pit,1281,11253,Race,Race,True,29,pass
starting_grid,1281,11253,Race,Race,True,0,zero_rows
drivers,1281,11253,Race,Race,True,22,pass
team_radio,1281,11253,Race,Race,True,0,zero_rows
weather,1282,11254,Practice 1,Practice,True,0,zero_rows
race_control,1282,11254,Practice 1,Practice,True,0,zero_rows
intervals,1282,11254,Practice 1,Practice,True,0,zero_rows
position,1282,11254,Practice 1,Practice,True,0,zero_rows
stints,1282,11254,Practice 1,Practice,True,0,zero_rows
pit,1282,11254,Practice 1,Practice,False,0,skipped_not_applicable
starting_grid,1282,11254,Practice 1,Practice,True,0,zero_rows
drivers,1282,11254,Practice 1,Practice,True,22,pass
team_radio,1282,11254,Practice 1,Practice,True,0,zero_rows
weather,1282,11255,Practice 2,Practice,True,0,zero_rows
race_control,1282,11255,Practice 2,Practice,True,0,zero_rows
intervals,1282,11255,Practice 2,Practice,True,0,zero_rows
position,1282,11255,Practice 2,Practice,True,0,zero_rows
stints,1282,11255,Practice 2,Practice,True,0,zero_rows
pit,1282,11255,Practice 2,Practice,False,0,skipped_not_applicable
starting_grid,1282,11255,Practice 2,Practice,True,0,zero_rows
drivers,1282,11255,Practice 2,Practice,True,0,zero_rows
team_radio,1282,11255,Practice 2,Practice,True,0,zero_rows
weather,1282,11256,Practice 3,Practice,True,0,zero_rows
race_control,1282,11256,Practice 3,Practice,True,0,zero_rows
intervals,1282,11256,Practice 3,Practice,True,0,zero_rows
position,1282,11256,Practice 3,Practice,True,0,zero_rows
stints,1282,11256,Practice 3,Practice,True,0,zero_rows
pit,1282,11256,Practice 3,Practice,False,0,skipped_not_applicable
starting_grid,1282,11256,Practice 3,Practice,True,0,zero_rows
drivers,1282,11256,Practice 3,Practice,True,0,zero_rows
team_radio,1282,11256,Practice 3,Practice,True,0,zero_rows
weather,1282,11257,Qualifying,Qualifying,True,0,zero_rows
race_control,1282,11257,Qualifying,Qualifying,True,0,zero_rows
intervals,1282,11257,Qualifying,Qualifying,True,0,zero_rows
position,1282,11257,Qualifying,Qualifying,True,0,zero_rows
stints,1282,11257,Qualifying,Qualifying,True,0,zero_rows
pit,1282,11257,Qualifying,Qualifying,False,0,skipped_not_applicable
starting_grid,1282,11257,Qualifying,Qualifying,True,0,zero_rows
drivers,1282,11257,Qualifying,Qualifying,True,0,zero_rows
team_radio,1282,11257,Qualifying,Qualifying,True,0,zero_rows
weather,1282,11261,Race,Race,True,0,zero_rows
race_control,1282,11261,Race,Race,True,0,zero_rows
intervals,1282,11261,Race,Race,True,0,zero_rows
position,1282,11261,Race,Race,True,0,zero_rows
stints,1282,11261,Race,Race,True,0,zero_rows
pit,1282,11261,Race,Race,True,0,zero_rows
starting_grid,1282,11261,Race,Race,True,0,zero_rows
drivers,1282,11261,Race,Race,True,20,pass
team_radio,1282,11261,Race,Race,True,0,zero_rows
weather,1283,11262,Practice 1,Practice,True,0,zero_rows
race_control,1283,11262,Practice 1,Practice,True,0,zero_rows
intervals,1283,11262,Practice 1,Practice,True,0,zero_rows
position,1283,11262,Practice 1,Practice,True,0,zero_rows
stints,1283,11262,Practice 1,Practice,True,0,zero_rows
pit,1283,11262,Practice 1,Practice,False,0,skipped_not_applicable
starting_grid,1283,11262,Practice 1,Practice,True,0,zero_rows
drivers,1283,11262,Practice 1,Practice,True,0,zero_rows
team_radio,1283,11262,Practice 1,Practice,True,0,zero_rows
weather,1283,11263,Practice 2,Practice,True,0,zero_rows
race_control,1283,11263,Practice 2,Practice,True,0,zero_rows
intervals,1283,11263,Practice 2,Practice,True,0,zero_rows
position,1283,11263,Practice 2,Practice,True,0,zero_rows
stints,1283,11263,Practice 2,Practice,True,0,zero_rows
pit,1283,11263,Practice 2,Practice,False,0,skipped_not_applicable
starting_grid,1283,11263,Practice 2,Practice,True,0,zero_rows
drivers,1283,11263,Practice 2,Practice,True,0,zero_rows
team_radio,1283,11263,Practice 2,Practice,True,0,zero_rows
weather,1283,11264,Practice 3,Practice,True,0,zero_rows
race_control,1283,11264,Practice 3,Practice,True,0,zero_rows
intervals,1283,11264,Practice 3,Practice,True,0,zero_rows
position,1283,11264,Practice 3,Practice,True,0,zero_rows
stints,1283,11264,Practice 3,Practice,True,0,zero_rows
pit,1283,11264,Practice 3,Practice,False,0,skipped_not_applicable
starting_grid,1283,11264,Practice 3,Practice,True,0,zero_rows
drivers,1283,11264,Practice 3,Practice,True,0,zero_rows
team_radio,1283,11264,Practice 3,Practice,True,0,zero_rows
weather,1283,11265,Qualifying,Qualifying,True,0,zero_rows
race_control,1283,11265,Qualifying,Qualifying,True,0,zero_rows
intervals,1283,11265,Qualifying,Qualifying,True,0,zero_rows
position,1283,11265,Qualifying,Qualifying,True,0,zero_rows
stints,1283,11265,Qualifying,Qualifying,True,0,zero_rows
pit,1283,11265,Qualifying,Qualifying,False,0,skipped_not_applicable
starting_grid,1283,11265,Qualifying,Qualifying,True,0,zero_rows
drivers,1283,11265,Qualifying,Qualifying,True,10,pass
team_radio,1283,11265,Qualifying,Qualifying,True,0,zero_rows
weather,1283,11269,Race,Race,True,0,zero_rows
race_control,1283,11269,Race,Race,True,0,zero_rows
intervals,1283,11269,Race,Race,True,0,zero_rows
position,1283,11269,Race,Race,True,0,zero_rows
stints,1283,11269,Race,Race,True,0,zero_rows
pit,1283,11269,Race,Race,True,0,zero_rows
starting_grid,1283,11269,Race,Race,True,0,zero_rows
drivers,1283,11269,Race,Race,True,22,pass
team_radio,1283,11269,Race,Race,True,0,zero_rows
weather,1284,11270,Practice 1,Practice,True,101,pass
race_control,1284,11270,Practice 1,Practice,True,56,pass
intervals,1284,11270,Practice 1,Practice,True,0,zero_rows
position,1284,11270,Practice 1,Practice,True,670,pass
stints,1284,11270,Practice 1,Practice,True,110,pass
pit,1284,11270,Practice 1,Practice,False,0,skipped_not_applicable
starting_grid,1284,11270,Practice 1,Practice,True,0,zero_rows
drivers,1284,11270,Practice 1,Practice,True,0,zero_rows
team_radio,1284,11270,Practice 1,Practice,True,0,zero_rows
weather,1284,11271,Sprint Qualifying,Qualifying,True,0,zero_rows
race_control,1284,11271,Sprint Qualifying,Qualifying,True,0,zero_rows
intervals,1284,11271,Sprint Qualifying,Qualifying,True,0,zero_rows
position,1284,11271,Sprint Qualifying,Qualifying,True,0,zero_rows
stints,1284,11271,Sprint Qualifying,Qualifying,True,0,zero_rows
pit,1284,11271,Sprint Qualifying,Qualifying,True,0,zero_rows
starting_grid,1284,11271,Sprint Qualifying,Qualifying,True,0,zero_rows
drivers,1284,11271,Sprint Qualifying,Qualifying,True,0,zero_rows
team_radio,1284,11271,Sprint Qualifying,Qualifying,True,0,zero_rows
weather,1284,11275,Sprint,Race,True,0,zero_rows
race_control,1284,11275,Sprint,Race,True,0,zero_rows
intervals,1284,11275,Sprint,Race,True,0,zero_rows
position,1284,11275,Sprint,Race,True,0,zero_rows
stints,1284,11275,Sprint,Race,True,0,zero_rows
pit,1284,11275,Sprint,Race,True,0,zero_rows
starting_grid,1284,11275,Sprint,Race,True,0,zero_rows
drivers,1284,11275,Sprint,Race,True,0,zero_rows
team_radio,1284,11275,Sprint,Race,True,0,zero_rows
weather,1284,11276,Qualifying,Qualifying,True,0,zero_rows
race_control,1284,11276,Qualifying,Qualifying,True,0,zero_rows
intervals,1284,11276,Qualifying,Qualifying,True,0,zero_rows
position,1284,11276,Qualifying,Qualifying,True,0,zero_rows
stints,1284,11276,Qualifying,Qualifying,True,0,zero_rows
pit,1284,11276,Qualifying,Qualifying,False,0,skipped_not_applicable
starting_grid,1284,11276,Qualifying,Qualifying,True,0,zero_rows
drivers,1284,11276,Qualifying,Qualifying,True,12,pass
team_radio,1284,11276,Qualifying,Qualifying,True,0,zero_rows
weather,1284,11280,Race,Race,True,168,pass
race_control,1284,11280,Race,Race,True,178,pass
intervals,1284,11280,Race,Race,True,25483,pass
position,1284,11280,Race,Race,True,550,pass
stints,1284,11280,Race,Race,True,44,pass
pit,1284,11280,Race,Race,True,22,pass
starting_grid,1284,11280,Race,Race,True,0,zero_rows
drivers,1284,11280,Race,Race,True,22,pass
team_radio,1284,11280,Race,Race,True,0,zero_rows
weather,1285,11281,Practice 1,Practice,True,102,pass
race_control,1285,11281,Practice 1,Practice,True,106,pass
intervals,1285,11281,Practice 1,Practice,True,0,zero_rows
position,1285,11281,Practice 1,Practice,True,843,pass
stints,1285,11281,Practice 1,Practice,True,109,pass
pit,1285,11281,Practice 1,Practice,False,0,skipped_not_applicable
starting_grid,1285,11281,Practice 1,Practice,True,0,zero_rows
drivers,1285,11281,Practice 1,Practice,True,0,zero_rows
team_radio,1285,11281,Practice 1,Practice,True,0,zero_rows
weather,1285,11282,Sprint Qualifying,Qualifying,True,0,zero_rows
race_control,1285,11282,Sprint Qualifying,Qualifying,True,0,zero_rows
intervals,1285,11282,Sprint Qualifying,Qualifying,True,0,zero_rows
position,1285,11282,Sprint Qualifying,Qualifying,True,0,zero_rows
stints,1285,11282,Sprint Qualifying,Qualifying,True,0,zero_rows
pit,1285,11282,Sprint Qualifying,Qualifying,True,0,zero_rows
starting_grid,1285,11282,Sprint Qualifying,Qualifying,True,0,zero_rows
drivers,1285,11282,Sprint Qualifying,Qualifying,True,0,zero_rows
team_radio,1285,11282,Sprint Qualifying,Qualifying,True,0,zero_rows
weather,1285,11286,Sprint,Race,True,0,zero_rows
race_control,1285,11286,Sprint,Race,True,0,zero_rows
intervals,1285,11286,Sprint,Race,True,0,zero_rows
position,1285,11286,Sprint,Race,True,0,zero_rows
stints,1285,11286,Sprint,Race,True,0,zero_rows
pit,1285,11286,Sprint,Race,True,0,zero_rows
starting_grid,1285,11286,Sprint,Race,True,0,zero_rows
drivers,1285,11286,Sprint,Race,True,0,zero_rows
team_radio,1285,11286,Sprint,Race,True,0,zero_rows
weather,1285,11287,Qualifying,Qualifying,True,0,zero_rows
race_control,1285,11287,Qualifying,Qualifying,True,0,zero_rows
intervals,1285,11287,Qualifying,Qualifying,True,0,zero_rows
position,1285,11287,Qualifying,Qualifying,True,0,zero_rows
stints,1285,11287,Qualifying,Qualifying,True,0,zero_rows
pit,1285,11287,Qualifying,Qualifying,False,0,skipped_not_applicable
starting_grid,1285,11287,Qualifying,Qualifying,True,22,pass
drivers,1285,11287,Qualifying,Qualifying,True,22,pass
team_radio,1285,11287,Qualifying,Qualifying,True,19,pass
weather,1285,11291,Race,Race,True,160,pass
race_control,1285,11291,Race,Race,True,287,pass
intervals,1285,11291,Race,Race,True,22532,pass
position,1285,11291,Race,Race,True,470,pass
stints,1285,11291,Race,Race,True,56,pass
pit,1285,11291,Race,Race,True,34,pass
starting_grid,1285,11291,Race,Race,True,0,zero_rows
drivers,1285,11291,Race,Race,True,22,pass
team_radio,1285,11291,Race,Race,True,33,pass
weather,1286,11292,Practice 1,Practice,True,80,pass
race_control,1286,11292,Practice 1,Practice,True,130,pass
intervals,1286,11292,Practice 1,Practice,True,0,zero_rows
position,1286,11292,Practice 1,Practice,True,1015,pass
stints,1286,11292,Practice 1,Practice,True,81,pass
pit,1286,11292,Practice 1,Practice,False,0,skipped_not_applicable
starting_grid,1286,11292,Practice 1,Practice,True,0,zero_rows
drivers,1286,11292,Practice 1,Practice,True,22,pass
team_radio,1286,11292,Practice 1,Practice,True,0,zero_rows
weather,1286,11293,Practice 2,Practice,True,80,pass
race_control,1286,11293,Practice 2,Practice,True,110,pass
intervals,1286,11293,Practice 2,Practice,True,0,zero_rows
position,1286,11293,Practice 2,Practice,True,816,pass
stints,1286,11293,Practice 2,Practice,True,91,pass
pit,1286,11293,Practice 2,Practice,False,0,skipped_not_applicable
starting_grid,1286,11293,Practice 2,Practice,True,0,zero_rows
drivers,1286,11293,Practice 2,Practice,True,22,pass
team_radio,1286,11293,Practice 2,Practice,True,0,zero_rows
weather,1286,11294,Practice 3,Practice,True,79,pass
race_control,1286,11294,Practice 3,Practice,True,73,pass
intervals,1286,11294,Practice 3,Practice,True,0,zero_rows
position,1286,11294,Practice 3,Practice,True,0,zero_rows
stints,1286,11294,Practice 3,Practice,True,0,zero_rows
pit,1286,11294,Practice 3,Practice,False,0,skipped_not_applicable
starting_grid,1286,11294,Practice 3,Practice,True,0,zero_rows
drivers,1286,11294,Practice 3,Practice,True,0,zero_rows
team_radio,1286,11294,Practice 3,Practice,True,0,zero_rows
weather,1286,11295,Qualifying,Qualifying,True,0,zero_rows
race_control,1286,11295,Qualifying,Qualifying,True,0,zero_rows
intervals,1286,11295,Qualifying,Qualifying,True,0,zero_rows
position,1286,11295,Qualifying,Qualifying,True,0,zero_rows
stints,1286,11295,Qualifying,Qualifying,True,0,zero_rows
pit,1286,11295,Qualifying,Qualifying,False,0,skipped_not_applicable
starting_grid,1286,11295,Qualifying,Qualifying,True,0,zero_rows
drivers,1286,11295,Qualifying,Qualifying,True,0,zero_rows
team_radio,1286,11295,Qualifying,Qualifying,True,0,zero_rows
weather,1286,11299,Race,Race,True,0,zero_rows
race_control,1286,11299,Race,Race,True,0,zero_rows
intervals,1286,11299,Race,Race,True,0,zero_rows
position,1286,11299,Race,Race,True,0,zero_rows
stints,1286,11299,Race,Race,True,0,zero_rows
pit,1286,11299,Race,Race,True,0,zero_rows
starting_grid,1286,11299,Race,Race,True,0,zero_rows
drivers,1286,11299,Race,Race,True,0,zero_rows
team_radio,1286,11299,Race,Race,True,0,zero_rows
weather,1287,11300,Practice 1,Practice,True,0,zero_rows
race_control,1287,11300,Practice 1,Practice,True,0,zero_rows
intervals,1287,11300,Practice 1,Practice,True,0,zero_rows
position,1287,11300,Practice 1,Practice,True,0,zero_rows
stints,1287,11300,Practice 1,Practice,True,0,zero_rows
pit,1287,11300,Practice 1,Practice,False,0,skipped_not_applicable
starting_grid,1287,11300,Practice 1,Practice,True,0,zero_rows
drivers,1287,11300,Practice 1,Practice,True,13,pass
team_radio,1287,11300,Practice 1,Practice,True,6,pass
weather,1287,11301,Practice 2,Practice,True,85,pass
race_control,1287,11301,Practice 2,Practice,True,52,pass
intervals,1287,11301,Practice 2,Practice,True,0,zero_rows
position,1287,11301,Practice 2,Practice,True,424,pass
stints,1287,11301,Practice 2,Practice,True,118,pass
pit,1287,11301,Practice 2,Practice,False,0,skipped_not_applicable
starting_grid,1287,11301,Practice 2,Practice,True,0,zero_rows
drivers,1287,11301,Practice 2,Practice,True,22,pass
team_radio,1287,11301,Practice 2,Practice,True,0,zero_rows
weather,1287,11302,Practice 3,Practice,True,0,zero_rows
race_control,1287,11302,Practice 3,Practice,True,0,zero_rows
intervals,1287,11302,Practice 3,Practice,True,0,zero_rows
position,1287,11302,Practice 3,Practice,True,0,zero_rows
stints,1287,11302,Practice 3,Practice,True,0,zero_rows
pit,1287,11302,Practice 3,Practice,False,0,skipped_not_applicable
starting_grid,1287,11302,Practice 3,Practice,True,0,zero_rows
drivers,1287,11302,Practice 3,Practice,True,0,zero_rows
team_radio,1287,11302,Practice 3,Practice,True,0,zero_rows
weather,1287,11303,Qualifying,Qualifying,True,0,zero_rows
race_control,1287,11303,Qualifying,Qualifying,True,0,zero_rows
intervals,1287,11303,Qualifying,Qualifying,True,0,zero_rows
position,1287,11303,Qualifying,Qualifying,True,0,zero_rows
stints,1287,11303,Qualifying,Qualifying,True,0,zero_rows
pit,1287,11303,Qualifying,Qualifying,False,0,skipped_not_applicable
starting_grid,1287,11303,Qualifying,Qualifying,True,0,zero_rows
drivers,1287,11303,Qualifying,Qualifying,True,0,zero_rows
team_radio,1287,11303,Qualifying,Qualifying,True,0,zero_rows
weather,1287,11307,Race,Race,True,0,zero_rows
race_control,1287,11307,Race,Race,True,0,zero_rows
intervals,1287,11307,Race,Race,True,0,zero_rows
position,1287,11307,Race,Race,True,0,zero_rows
stints,1287,11307,Race,Race,True,0,zero_rows
pit,1287,11307,Race,Race,True,0,zero_rows
starting_grid,1287,11307,Race,Race,True,0,zero_rows
drivers,1287,11307,Race,Race,True,0,zero_rows
team_radio,1287,11307,Race,Race,True,0,zero_rows
weather,1288,11308,Practice 1,Practice,True,0,zero_rows
race_control,1288,11308,Practice 1,Practice,True,0,zero_rows
intervals,1288,11308,Practice 1,Practice,True,0,zero_rows
position,1288,11308,Practice 1,Practice,True,0,zero_rows
stints,1288,11308,Practice 1,Practice,True,0,zero_rows
pit,1288,11308,Practice 1,Practice,False,0,skipped_not_applicable
starting_grid,1288,11308,Practice 1,Practice,True,0,zero_rows
drivers,1288,11308,Practice 1,Practice,True,22,pass
team_radio,1288,11308,Practice 1,Practice,True,13,pass
weather,1288,11309,Practice 2,Practice,True,81,pass
race_control,1288,11309,Practice 2,Practice,True,53,pass
intervals,1288,11309,Practice 2,Practice,True,0,zero_rows
position,1288,11309,Practice 2,Practice,True,509,pass
stints,1288,11309,Practice 2,Practice,True,109,pass
pit,1288,11309,Practice 2,Practice,False,0,skipped_not_applicable
starting_grid,1288,11309,Practice 2,Practice,True,0,zero_rows
drivers,1288,11309,Practice 2,Practice,True,22,pass
team_radio,1288,11309,Practice 2,Practice,True,0,zero_rows
weather,1288,11310,Practice 3,Practice,True,81,pass
race_control,1288,11310,Practice 3,Practice,True,21,pass
intervals,1288,11310,Practice 3,Practice,True,0,zero_rows
position,1288,11310,Practice 3,Practice,True,475,pass
stints,1288,11310,Practice 3,Practice,True,116,pass
pit,1288,11310,Practice 3,Practice,False,0,skipped_not_applicable
starting_grid,1288,11310,Practice 3,Practice,True,0,zero_rows
drivers,1288,11310,Practice 3,Practice,True,22,pass
team_radio,1288,11310,Practice 3,Practice,True,12,pass
weather,1288,11311,Qualifying,Qualifying,True,80,pass
race_control,1288,11311,Qualifying,Qualifying,True,55,pass
intervals,1288,11311,Qualifying,Qualifying,True,0,zero_rows
position,1288,11311,Qualifying,Qualifying,True,982,pass
stints,1288,11311,Qualifying,Qualifying,True,99,pass
pit,1288,11311,Qualifying,Qualifying,False,0,skipped_not_applicable
starting_grid,1288,11311,Qualifying,Qualifying,True,22,pass
drivers,1288,11311,Qualifying,Qualifying,True,22,pass
team_radio,1288,11311,Qualifying,Qualifying,True,12,pass
weather,1288,11315,Race,Race,True,149,pass
race_control,1288,11315,Race,Race,True,213,pass
intervals,1288,11315,Race,Race,True,26312,pass
position,1288,11315,Race,Race,True,0,zero_rows
stints,1288,11315,Race,Race,True,0,zero_rows
pit,1288,11315,Race,Race,True,0,zero_rows
starting_grid,1288,11315,Race,Race,True,0,zero_rows
drivers,1288,11315,Race,Race,True,0,zero_rows
team_radio,1288,11315,Race,Race,True,0,zero_rows
weather,1289,11316,Practice 1,Practice,True,0,zero_rows
race_control,1289,11316,Practice 1,Practice,True,0,zero_rows
intervals,1289,11316,Practice 1,Practice,True,0,zero_rows
position,1289,11316,Practice 1,Practice,True,0,zero_rows
stints,1289,11316,Practice 1,Practice,True,0,zero_rows
pit,1289,11316,Practice 1,Practice,False,0,skipped_not_applicable
starting_grid,1289,11316,Practice 1,Practice,True,0,zero_rows
drivers,1289,11316,Practice 1,Practice,True,0,zero_rows
team_radio,1289,11316,Practice 1,Practice,True,0,zero_rows
weather,1289,11317,Sprint Qualifying,Qualifying,True,0,zero_rows
race_control,1289,11317,Sprint Qualifying,Qualifying,True,0,zero_rows
intervals,1289,11317,Sprint Qualifying,Qualifying,True,0,zero_rows
position,1289,11317,Sprint Qualifying,Qualifying,True,0,zero_rows
stints,1289,11317,Sprint Qualifying,Qualifying,True,0,zero_rows
pit,1289,11317,Sprint Qualifying,Qualifying,True,0,zero_rows
starting_grid,1289,11317,Sprint Qualifying,Qualifying,True,0,zero_rows
drivers,1289,11317,Sprint Qualifying,Qualifying,True,3,pass
team_radio,1289,11317,Sprint Qualifying,Qualifying,True,7,pass
weather,1289,11321,Sprint,Race,True,79,pass
race_control,1289,11321,Sprint,Race,True,95,pass
intervals,1289,11321,Sprint,Race,True,9414,pass
position,1289,11321,Sprint,Race,True,196,pass
stints,1289,11321,Sprint,Race,True,22,pass
pit,1289,11321,Sprint,Race,True,2,pass
starting_grid,1289,11321,Sprint,Race,True,0,zero_rows
drivers,1289,11321,Sprint,Race,True,22,pass
team_radio,1289,11321,Sprint,Race,True,4,pass
weather,1289,11322,Qualifying,Qualifying,True,84,pass
race_control,1289,11322,Qualifying,Qualifying,True,70,pass
intervals,1289,11322,Qualifying,Qualifying,True,0,zero_rows
position,1289,11322,Qualifying,Qualifying,True,968,pass
stints,1289,11322,Qualifying,Qualifying,True,104,pass
pit,1289,11322,Qualifying,Qualifying,False,0,skipped_not_applicable
starting_grid,1289,11322,Qualifying,Qualifying,True,22,pass
drivers,1289,11322,Qualifying,Qualifying,True,22,pass
team_radio,1289,11322,Qualifying,Qualifying,True,12,pass
weather,1289,11326,Race,Race,True,156,pass
race_control,1289,11326,Race,Race,True,250,pass
intervals,1289,11326,Race,Race,True,28253,pass
position,1289,11326,Race,Race,True,0,zero_rows
stints,1289,11326,Race,Race,True,0,zero_rows
pit,1289,11326,Race,Race,True,0,zero_rows
starting_grid,1289,11326,Race,Race,True,0,zero_rows
drivers,1289,11326,Race,Race,True,0,zero_rows
team_radio,1289,11326,Race,Race,True,0,zero_rows
weather,1290,11327,Practice 1,Practice,True,0,zero_rows
race_control,1290,11327,Practice 1,Practice,True,0,zero_rows
intervals,1290,11327,Practice 1,Practice,True,0,zero_rows
position,1290,11327,Practice 1,Practice,True,0,zero_rows
stints,1290,11327,Practice 1,Practice,True,0,zero_rows
pit,1290,11327,Practice 1,Practice,False,0,skipped_not_applicable
starting_grid,1290,11327,Practice 1,Practice,True,0,zero_rows
drivers,1290,11327,Practice 1,Practice,True,0,zero_rows
team_radio,1290,11327,Practice 1,Practice,True,0,zero_rows
weather,1290,11328,Practice 2,Practice,True,0,zero_rows
race_control,1290,11328,Practice 2,Practice,True,0,zero_rows
intervals,1290,11328,Practice 2,Practice,True,0,zero_rows
position,1290,11328,Practice 2,Practice,True,0,zero_rows
stints,1290,11328,Practice 2,Practice,True,0,zero_rows
pit,1290,11328,Practice 2,Practice,False,0,skipped_not_applicable
starting_grid,1290,11328,Practice 2,Practice,True,0,zero_rows
drivers,1290,11328,Practice 2,Practice,True,8,pass
team_radio,1290,11328,Practice 2,Practice,True,4,pass
weather,1290,11329,Practice 3,Practice,True,85,pass
race_control,1290,11329,Practice 3,Practice,True,82,pass
intervals,1290,11329,Practice 3,Practice,True,0,zero_rows
position,1290,11329,Practice 3,Practice,True,485,pass
stints,1290,11329,Practice 3,Practice,True,82,pass
pit,1290,11329,Practice 3,Practice,False,0,skipped_not_applicable
starting_grid,1290,11329,Practice 3,Practice,True,0,zero_rows
drivers,1290,11329,Practice 3,Practice,True,22,pass
team_radio,1290,11329,Practice 3,Practice,True,10,pass
weather,1290,11330,Qualifying,Qualifying,True,88,pass
race_control,1290,11330,Qualifying,Qualifying,True,65,pass
intervals,1290,11330,Qualifying,Qualifying,True,0,zero_rows
position,1290,11330,Qualifying,Qualifying,True,0,zero_rows
stints,1290,11330,Qualifying,Qualifying,True,0,zero_rows
pit,1290,11330,Qualifying,Qualifying,False,0,skipped_not_applicable
starting_grid,1290,11330,Qualifying,Qualifying,True,0,zero_rows
drivers,1290,11330,Qualifying,Qualifying,True,0,zero_rows
team_radio,1290,11330,Qualifying,Qualifying,True,0,zero_rows
weather,1290,11334,Race,Race,True,0,zero_rows
race_control,1290,11334,Race,Race,True,0,zero_rows
intervals,1290,11334,Race,Race,True,0,zero_rows
position,1290,11334,Race,Race,True,0,zero_rows
stints,1290,11334,Race,Race,True,0,zero_rows
pit,1290,11334,Race,Race,True,0,zero_rows
starting_grid,1290,11334,Race,Race,True,0,zero_rows
drivers,1290,11334,Race,Race,True,0,zero_rows
team_radio,1290,11334,Race,Race,True,0,zero_rows
weather,1291,11335,Practice 1,Practice,True,0,zero_rows
race_control,1291,11335,Practice 1,Practice,True,0,zero_rows
intervals,1291,11335,Practice 1,Practice,True,0,zero_rows
position,1291,11335,Practice 1,Practice,True,0,zero_rows
stints,1291,11335,Practice 1,Practice,True,0,zero_rows
pit,1291,11335,Practice 1,Practice,False,0,skipped_not_applicable
starting_grid,1291,11335,Practice 1,Practice,True,0,zero_rows
drivers,1291,11335,Practice 1,Practice,True,0,zero_rows
team_radio,1291,11335,Practice 1,Practice,True,15,pass
weather,1291,11336,Practice 2,Practice,True,82,pass
race_control,1291,11336,Practice 2,Practice,True,72,pass
intervals,1291,11336,Practice 2,Practice,True,0,zero_rows
position,1291,11336,Practice 2,Practice,True,608,pass
stints,1291,11336,Practice 2,Practice,True,93,pass
pit,1291,11336,Practice 2,Practice,False,0,skipped_not_applicable
starting_grid,1291,11336,Practice 2,Practice,True,0,zero_rows
drivers,1291,11336,Practice 2,Practice,True,22,pass
team_radio,1291,11336,Practice 2,Practice,True,7,pass
weather,1291,11337,Practice 3,Practice,True,80,pass
race_control,1291,11337,Practice 3,Practice,True,67,pass
intervals,1291,11337,Practice 3,Practice,True,0,zero_rows
position,1291,11337,Practice 3,Practice,True,513,pass
stints,1291,11337,Practice 3,Practice,True,89,pass
pit,1291,11337,Practice 3,Practice,False,0,skipped_not_applicable
starting_grid,1291,11337,Practice 3,Practice,True,0,zero_rows
drivers,1291,11337,Practice 3,Practice,True,22,pass
team_radio,1291,11337,Practice 3,Practice,True,7,pass
weather,1291,11338,Qualifying,Qualifying,True,76,pass
race_control,1291,11338,Qualifying,Qualifying,True,48,pass
intervals,1291,11338,Qualifying,Qualifying,True,0,zero_rows
position,1291,11338,Qualifying,Qualifying,True,1016,pass
stints,1291,11338,Qualifying,Qualifying,True,98,pass
pit,1291,11338,Qualifying,Qualifying,False,0,skipped_not_applicable
starting_grid,1291,11338,Qualifying,Qualifying,True,22,pass
drivers,1291,11338,Qualifying,Qualifying,True,22,pass
team_radio,1291,11338,Qualifying,Qualifying,True,17,pass
