meeting_key,session_key,driver_number,date,recording_url,source_closure_retrieved_utc
1304,11467,44,2026-02-13T09:20:32.825000+00:00,https://livetiming.formula1.com/static/2026/2026-02-13_Pre-Season_Testing/2026-02-13_Day_3/TeamRadio/HAM_44_20260213_122007.mp3,2026-07-26T19:39:20.393711Z
1305,11468,44,2026-02-20T06:48:12.023000+00:00,https://livetiming.formula1.com/static/2026/2026-02-20_Pre-Season_Testing/2026-02-20_Day_3/TeamRadio/HAM_44_20260213_122007.mp3,2026-07-26T19:41:47.120151Z
1279,11228,14,2026-03-06T04:52:47.522000+00:00,https://livetiming.formula1.com/static/2026/2026-03-08_Australian_Grand_Prix/2026-03-06_Practice_2/TeamRadio/ALO_14_20260306_155235.mp3,2026-07-26T19:42:46.341264Z
1279,11229,63,2026-03-07T01:42:48.712000+00:00,https://livetiming.formula1.com/static/2026/2026-03-08_Australian_Grand_Prix/2026-03-07_Practice_3/TeamRadio/RUS_63_20260307_124200.mp3,2026-07-26T19:43:15.591506Z
1285,11286,81,2026-05-23T15:21:59.100000+00:00,https://livetiming.formula1.com/static/2026/2026-05-24_Canadian_Grand_Prix/2026-05-23_Sprint/TeamRadio/PIA_81_20260523_112143.mp3,2026-07-26T19:58:37.186895Z
1285,11286,63,2026-05-23T15:22:29.185000+00:00,https://livetiming.formula1.com/static/2026/2026-05-24_Canadian_Grand_Prix/2026-05-23_Sprint/TeamRadio/RUS_63_20260523_112210.mp3,2026-07-26T19:58:37.186895Z
1285,11286,1,2026-05-23T15:38:13.358000+00:00,https://livetiming.formula1.com/static/2026/2026-05-24_Canadian_Grand_Prix/2026-05-23_Sprint/TeamRadio/NOR_1_20260523_113742.mp3,2026-07-26T19:58:37.186895Z
1285,11286,6,2026-05-23T16:09:42.866000+00:00,https://livetiming.formula1.com/static/2026/2026-05-24_Canadian_Grand_Prix/2026-05-23_Sprint/TeamRadio/HAD_6_20260523_120904.mp3,2026-07-26T19:58:37.186895Z
1285,11286,12,2026-05-23T16:10:43.800000+00:00,https://livetiming.formula1.com/static/2026/2026-05-24_Canadian_Grand_Prix/2026-05-23_Sprint/TeamRadio/ANT_12_20260523_121028.mp3,2026-07-26T19:58:37.186895Z
1285,11286,3,2026-05-23T16:11:14.700000+00:00,https://livetiming.formula1.com/static/2026/2026-05-24_Canadian_Grand_Prix/2026-05-23_Sprint/TeamRadio/VER_3_20260523_121056.mp3,2026-07-26T19:58:37.186895Z
1285,11286,12,2026-05-23T16:11:46.940000+00:00,https://livetiming.formula1.com/static/2026/2026-05-24_Canadian_Grand_Prix/2026-05-23_Sprint/TeamRadio/ANT_12_20260523_121125.mp3,2026-07-26T19:58:37.186895Z
1285,11286,12,2026-05-23T16:12:17.045000+00:00,https://livetiming.formula1.com/static/2026/2026-05-24_Canadian_Grand_Prix/2026-05-23_Sprint/TeamRadio/ANT_12_20260523_121159.mp3,2026-07-26T19:58:37.186895Z
1285,11286,12,2026-05-23T16:12:47.136000+00:00,https://livetiming.formula1.com/static/2026/2026-05-24_Canadian_Grand_Prix/2026-05-23_Sprint/TeamRadio/ANT_12_20260523_121237.mp3,2026-07-26T19:58:37.186895Z
1285,11286,12,2026-05-23T16:14:48.820000+00:00,https://livetiming.formula1.com/static/2026/2026-05-24_Canadian_Grand_Prix/2026-05-23_Sprint/TeamRadio/ANT_12_20260523_121416.mp3,2026-07-26T19:58:37.186895Z
1285,11286,63,2026-05-23T16:24:59.299000+00:00,https://livetiming.formula1.com/static/2026/2026-05-24_Canadian_Grand_Prix/2026-05-23_Sprint/TeamRadio/RUS_63_20260523_122435.mp3,2026-07-26T19:58:37.186895Z
1285,11286,63,2026-05-23T16:33:37.090000+00:00,https://livetiming.formula1.com/static/2026/2026-05-24_Canadian_Grand_Prix/2026-05-23_Sprint/TeamRadio/RUS_63_20260523_123318.mp3,2026-07-26T19:58:37.186895Z
1285,11286,12,2026-05-23T16:34:07.934000+00:00,https://livetiming.formula1.com/static/2026/2026-05-24_Canadian_Grand_Prix/2026-05-23_Sprint/TeamRadio/ANT_12_20260523_123347.mp3,2026-07-26T19:58:37.186895Z
1285,11287,81,2026-05-23T20:02:31.834000+00:00,https://livetiming.formula1.com/static/2026/2026-05-24_Canadian_Grand_Prix/2026-05-23_Qualifying/TeamRadio/PIA_81_20260523_160200.mp3,2026-07-26T19:58:56.849013Z
1285,11287,14,2026-05-23T20:21:49.514000+00:00,https://livetiming.formula1.com/static/2026/2026-05-24_Canadian_Grand_Prix/2026-05-23_Qualifying/TeamRadio/ALO_14_20260523_162124.mp3,2026-07-26T19:58:56.849013Z
1285,11287,10,2026-05-23T20:26:24.321000+00:00,https://livetiming.formula1.com/static/2026/2026-05-24_Canadian_Grand_Prix/2026-05-23_Qualifying/TeamRadio/GAS_10_20260523_162550.mp3,2026-07-26T19:58:56.849013Z
1285,11287,3,2026-05-23T20:34:00.913000+00:00,https://livetiming.formula1.com/static/2026/2026-05-24_Canadian_Grand_Prix/2026-05-23_Qualifying/TeamRadio/VER_3_20260523_163321.mp3,2026-07-26T19:58:56.849013Z
1285,11287,16,2026-05-23T20:43:09.415000+00:00,https://livetiming.formula1.com/static/2026/2026-05-24_Canadian_Grand_Prix/2026-05-23_Qualifying/TeamRadio/LEC_16_20260523_164217.mp3,2026-07-26T19:58:56.849013Z
1285,11287,30,2026-05-23T20:43:41.609000+00:00,https://livetiming.formula1.com/static/2026/2026-05-24_Canadian_Grand_Prix/2026-05-23_Qualifying/TeamRadio/LAW_30_20260523_164326.mp3,2026-07-26T19:58:56.849013Z
1285,11287,43,2026-05-23T20:44:41.728000+00:00,https://livetiming.formula1.com/static/2026/2026-05-24_Canadian_Grand_Prix/2026-05-23_Qualifying/TeamRadio/COL_43_20260523_164424.mp3,2026-07-26T19:58:56.849013Z
1285,11287,87,2026-05-23T20:45:42.474000+00:00,https://livetiming.formula1.com/static/2026/2026-05-24_Canadian_Grand_Prix/2026-05-23_Qualifying/TeamRadio/BEA_87_20260523_164500.mp3,2026-07-26T19:58:56.849013Z
1285,11287,27,2026-05-23T20:46:13.095000+00:00,https://livetiming.formula1.com/static/2026/2026-05-24_Canadian_Grand_Prix/2026-05-23_Qualifying/TeamRadio/HUL_27_20260523_164546.mp3,2026-07-26T19:58:56.849013Z
1285,11287,63,2026-05-23T20:53:19.695000+00:00,https://livetiming.formula1.com/static/2026/2026-05-24_Canadian_Grand_Prix/2026-05-23_Qualifying/TeamRadio/RUS_63_20260523_165246.mp3,2026-07-26T19:58:56.849013Z
1285,11287,3,2026-05-23T20:53:50.242000+00:00,https://livetiming.formula1.com/static/2026/2026-05-24_Canadian_Grand_Prix/2026-05-23_Qualifying/TeamRadio/VER_3_20260523_165322.mp3,2026-07-26T19:58:56.849013Z
1285,11287,63,2026-05-23T21:01:59.159000+00:00,https://livetiming.formula1.com/static/2026/2026-05-24_Canadian_Grand_Prix/2026-05-23_Qualifying/TeamRadio/RUS_63_20260523_170130.mp3,2026-07-26T19:58:56.849013Z
1285,11287,63,2026-05-23T21:02:29.240000+00:00,https://livetiming.formula1.com/static/2026/2026-05-24_Canadian_Grand_Prix/2026-05-23_Qualifying/TeamRadio/RUS_63_20260523_170207.mp3,2026-07-26T19:58:56.849013Z
1285,11287,12,2026-05-23T21:06:34.800000+00:00,https://livetiming.formula1.com/static/2026/2026-05-24_Canadian_Grand_Prix/2026-05-23_Qualifying/TeamRadio/ANT_12_20260523_170545.mp3,2026-07-26T19:58:56.849013Z
1285,11287,1,2026-05-23T21:06:52.512000+00:00,https://livetiming.formula1.com/static/2026/2026-05-24_Canadian_Grand_Prix/2026-05-23_Qualifying/TeamRadio/NOR_1_20260523_170634.mp3,2026-07-26T19:58:56.849013Z
1285,11287,81,2026-05-23T21:06:52.512000+00:00,https://livetiming.formula1.com/static/2026/2026-05-24_Canadian_Grand_Prix/2026-05-23_Qualifying/TeamRadio/PIA_81_20260523_170718.mp3,2026-07-26T19:58:56.849013Z
1285,11287,3,2026-05-23T21:06:52.512000+00:00,https://livetiming.formula1.com/static/2026/2026-05-24_Canadian_Grand_Prix/2026-05-23_Qualifying/TeamRadio/VER_3_20260523_170827.mp3,2026-07-26T19:58:56.849013Z
1285,11287,16,2026-05-23T21:06:52.512000+00:00,https://livetiming.formula1.com/static/2026/2026-05-24_Canadian_Grand_Prix/2026-05-23_Qualifying/TeamRadio/LEC_16_20260523_170859.mp3,2026-07-26T19:58:56.849013Z
1285,11287,41,2026-05-23T21:06:52.512000+00:00,https://livetiming.formula1.com/static/2026/2026-05-24_Canadian_Grand_Prix/2026-05-23_Qualifying/TeamRadio/LIN_41_20260523_170951.mp3,2026-07-26T19:58:56.849013Z
1285,11291,1,2026-05-24T19:11:21.252000+00:00,https://livetiming.formula1.com/static/2026/2026-05-24_Canadian_Grand_Prix/2026-05-24_Race/TeamRadio/NOR_1_20260524_124627.mp3,2026-07-26T19:59:20.839333Z
1285,11291,1,2026-05-24T19:11:23.468000+00:00,https://livetiming.formula1.com/static/2026/2026-05-24_Canadian_Grand_Prix/2026-05-24_Race/TeamRadio/NOR_1_20260524_124935.mp3,2026-07-26T19:59:20.839333Z
1285,11291,63,2026-05-24T19:11:23.468000+00:00,https://livetiming.formula1.com/static/2026/2026-05-24_Canadian_Grand_Prix/2026-05-24_Race/TeamRadio/RUS_63_20260523_160721.mp3,2026-07-26T19:59:20.839333Z
1285,11291,5,2026-05-24T19:11:23.468000+00:00,https://livetiming.formula1.com/static/2026/2026-05-24_Canadian_Grand_Prix/2026-05-24_Race/TeamRadio/BOR_5_20260524_112124.mp3,2026-07-26T19:59:20.839333Z
1285,11291,6,2026-05-24T19:11:23.468000+00:00,https://livetiming.formula1.com/static/2026/2026-05-24_Canadian_Grand_Prix/2026-05-24_Race/TeamRadio/HAD_6_20260524_121726.mp3,2026-07-26T19:59:20.839333Z
1285,11291,16,2026-05-24T19:11:53.623000+00:00,https://livetiming.formula1.com/static/2026/2026-05-24_Canadian_Grand_Prix/2026-05-24_Race/TeamRadio/LEC_16_20260524_130022.mp3,2026-07-26T19:59:20.839333Z
1285,11291,3,2026-05-24T19:22:05.320000+00:00,https://livetiming.formula1.com/static/2026/2026-05-24_Canadian_Grand_Prix/2026-05-24_Race/TeamRadio/VER_3_20260524_152145.mp3,2026-07-26T19:59:20.839333Z
1285,11291,81,2026-05-24T19:27:39.008000+00:00,https://livetiming.formula1.com/static/2026/2026-05-24_Canadian_Grand_Prix/2026-05-24_Race/TeamRadio/PIA_81_20260524_152723.mp3,2026-07-26T19:59:20.839333Z
1285,11291,10,2026-05-24T20:03:12.407000+00:00,https://livetiming.formula1.com/static/2026/2026-05-24_Canadian_Grand_Prix/2026-05-24_Race/TeamRadio/GAS_10_20260524_160246.mp3,2026-07-26T19:59:20.839333Z
1285,11291,1,2026-05-24T20:03:12.407000+00:00,https://livetiming.formula1.com/static/2026/2026-05-24_Canadian_Grand_Prix/2026-05-24_Race/TeamRadio/NOR_1_20260524_160301.mp3,2026-07-26T19:59:20.839333Z
1285,11291,41,2026-05-24T20:03:42.486000+00:00,https://livetiming.formula1.com/static/2026/2026-05-24_Canadian_Grand_Prix/2026-05-24_Race/TeamRadio/LIN_41_20260524_160334.mp3,2026-07-26T19:59:20.839333Z
1285,11291,81,2026-05-24T20:05:14.368000+00:00,https://livetiming.formula1.com/static/2026/2026-05-24_Canadian_Grand_Prix/2026-05-24_Race/TeamRadio/PIA_81_20260524_160438.mp3,2026-07-26T19:59:20.839333Z
1285,11291,81,2026-05-24T20:08:48.325000+00:00,https://livetiming.formula1.com/static/2026/2026-05-24_Canadian_Grand_Prix/2026-05-24_Race/TeamRadio/PIA_81_20260524_160758.mp3,2026-07-26T19:59:20.839333Z
1285,11291,1,2026-05-24T20:14:54.503000+00:00,https://livetiming.formula1.com/static/2026/2026-05-24_Canadian_Grand_Prix/2026-05-24_Race/TeamRadio/NOR_1_20260524_161435.mp3,2026-07-26T19:59:20.839333Z
1285,11291,44,2026-05-24T20:21:31.658000+00:00,https://livetiming.formula1.com/static/2026/2026-05-24_Canadian_Grand_Prix/2026-05-24_Race/TeamRadio/HAM_44_20260524_162056.mp3,2026-07-26T19:59:20.839333Z
1285,11291,1,2026-05-24T20:30:11.783000+00:00,https://livetiming.formula1.com/static/2026/2026-05-24_Canadian_Grand_Prix/2026-05-24_Race/TeamRadio/NOR_1_20260524_162952.mp3,2026-07-26T19:59:20.839333Z
1285,11291,12,2026-05-24T20:41:53.797000+00:00,https://livetiming.formula1.com/static/2026/2026-05-24_Canadian_Grand_Prix/2026-05-24_Race/TeamRadio/ANT_12_20260524_164112.mp3,2026-07-26T19:59:20.839333Z
1285,11291,63,2026-05-24T20:42:53.966000+00:00,https://livetiming.formula1.com/static/2026/2026-05-24_Canadian_Grand_Prix/2026-05-24_Race/TeamRadio/RUS_63_20260524_164224.mp3,2026-07-26T19:59:20.839333Z
1285,11291,16,2026-05-24T20:55:36.106000+00:00,https://livetiming.formula1.com/static/2026/2026-05-24_Canadian_Grand_Prix/2026-05-24_Race/TeamRadio/LEC_16_20260524_165510.mp3,2026-07-26T19:59:20.839333Z
1285,11291,1,2026-05-24T21:02:12.351000+00:00,https://livetiming.formula1.com/static/2026/2026-05-24_Canadian_Grand_Prix/2026-05-24_Race/TeamRadio/NOR_1_20260524_170139.mp3,2026-07-26T19:59:20.839333Z
1285,11291,1,2026-05-24T21:02:43.215000+00:00,https://livetiming.formula1.com/static/2026/2026-05-24_Canadian_Grand_Prix/2026-05-24_Race/TeamRadio/NOR_1_20260524_170226.mp3,2026-07-26T19:59:20.839333Z
1285,11291,12,2026-05-24T21:03:14.264000+00:00,https://livetiming.formula1.com/static/2026/2026-05-24_Canadian_Grand_Prix/2026-05-24_Race/TeamRadio/ANT_12_20260524_170305.mp3,2026-07-26T19:59:20.839333Z
1285,11291,44,2026-05-24T21:06:48.440000+00:00,https://livetiming.formula1.com/static/2026/2026-05-24_Canadian_Grand_Prix/2026-05-24_Race/TeamRadio/HAM_44_20260524_170614.mp3,2026-07-26T19:59:20.839333Z
1285,11291,11,2026-05-24T21:06:48.561000+00:00,https://livetiming.formula1.com/static/2026/2026-05-24_Canadian_Grand_Prix/2026-05-24_Race/TeamRadio/PER_11_20260524_170619.mp3,2026-07-26T19:59:20.839333Z
1285,11291,44,2026-05-24T21:13:25.383000+00:00,https://livetiming.formula1.com/static/2026/2026-05-24_Canadian_Grand_Prix/2026-05-24_Race/TeamRadio/HAM_44_20260524_171312.mp3,2026-07-26T19:59:20.839333Z
1285,11291,16,2026-05-24T21:14:59.381000+00:00,https://livetiming.formula1.com/static/2026/2026-05-24_Canadian_Grand_Prix/2026-05-24_Race/TeamRadio/LEC_16_20260524_171412.mp3,2026-07-26T19:59:20.839333Z
1285,11291,44,2026-05-24T21:25:37.806000+00:00,https://livetiming.formula1.com/static/2026/2026-05-24_Canadian_Grand_Prix/2026-05-24_Race/TeamRadio/HAM_44_20260524_172525.mp3,2026-07-26T19:59:20.839333Z
1285,11291,12,2026-05-24T21:39:51.148000+00:00,https://livetiming.formula1.com/static/2026/2026-05-24_Canadian_Grand_Prix/2026-05-24_Race/TeamRadio/ANT_12_20260524_173905.mp3,2026-07-26T19:59:20.839333Z
1285,11291,44,2026-05-24T21:40:23.499000+00:00,https://livetiming.formula1.com/static/2026/2026-05-24_Canadian_Grand_Prix/2026-05-24_Race/TeamRadio/HAM_44_20260524_173930.mp3,2026-07-26T19:59:20.839333Z
1285,11291,3,2026-05-24T21:40:53.590000+00:00,https://livetiming.formula1.com/static/2026/2026-05-24_Canadian_Grand_Prix/2026-05-24_Race/TeamRadio/VER_3_20260524_174019.mp3,2026-07-26T19:59:20.839333Z
1285,11291,43,2026-05-24T21:43:56.063000+00:00,https://livetiming.formula1.com/static/2026/2026-05-24_Canadian_Grand_Prix/2026-05-24_Race/TeamRadio/COL_43_20260524_174314.mp3,2026-07-26T19:59:20.839333Z
1285,11291,30,2026-05-24T21:44:29.173000+00:00,https://livetiming.formula1.com/static/2026/2026-05-24_Canadian_Grand_Prix/2026-05-24_Race/TeamRadio/LAW_30_20260524_174356.mp3,2026-07-26T19:59:20.839333Z
1285,11291,43,2026-05-24T21:44:59.267000+00:00,https://livetiming.formula1.com/static/2026/2026-05-24_Canadian_Grand_Prix/2026-05-24_Race/TeamRadio/COL_43_20260524_174426.mp3,2026-07-26T19:59:20.839333Z
1286,11294,5,2026-06-06T10:17:22.853000+00:00,https://livetiming.formula1.com/static/2026/2026-06-07_Monaco_Grand_Prix/2026-06-06_Practice_3/TeamRadio/BOR_5_20260606_113657.mp3,2026-07-26T20:01:58.767932Z
1286,11294,31,2026-06-06T10:17:22.853000+00:00,https://livetiming.formula1.com/static/2026/2026-06-07_Monaco_Grand_Prix/2026-06-06_Practice_3/TeamRadio/OCO_31_20260606_115235.mp3,2026-07-26T20:01:58.767932Z
1286,11294,16,2026-06-06T10:18:53.633000+00:00,https://livetiming.formula1.com/static/2026/2026-06-07_Monaco_Grand_Prix/2026-06-06_Practice_3/TeamRadio/LEC_16_20260606_121829.mp3,2026-07-26T20:01:58.767932Z
1286,11294,16,2026-06-06T10:18:53.785000+00:00,https://livetiming.formula1.com/static/2026/2026-06-07_Monaco_Grand_Prix/2026-06-06_Practice_3/TeamRadio/LEC_16_20260606_121851.mp3,2026-07-26T20:01:58.767932Z
1286,11294,10,2026-06-06T10:19:24.113000+00:00,https://livetiming.formula1.com/static/2026/2026-06-07_Monaco_Grand_Prix/2026-06-06_Practice_3/TeamRadio/GAS_10_20260606_121852.mp3,2026-07-26T20:01:58.767932Z
1286,11294,14,2026-06-06T10:34:07.810000+00:00,https://livetiming.formula1.com/static/2026/2026-06-07_Monaco_Grand_Prix/2026-06-06_Practice_3/TeamRadio/ALO_14_20260606_123351.mp3,2026-07-26T20:01:58.767932Z
1286,11294,77,2026-06-06T10:36:10.998000+00:00,https://livetiming.formula1.com/static/2026/2026-06-07_Monaco_Grand_Prix/2026-06-06_Practice_3/TeamRadio/BOT_77_20260606_123533.mp3,2026-07-26T20:01:58.767932Z
1286,11294,11,2026-06-06T10:38:11.789000+00:00,https://livetiming.formula1.com/static/2026/2026-06-07_Monaco_Grand_Prix/2026-06-06_Practice_3/TeamRadio/PER_11_20260606_123800.mp3,2026-07-26T20:01:58.767932Z
1286,11294,12,2026-06-06T10:53:25.412000+00:00,https://livetiming.formula1.com/static/2026/2026-06-07_Monaco_Grand_Prix/2026-06-06_Practice_3/TeamRadio/ANT_12_20260606_125244.mp3,2026-07-26T20:01:58.767932Z
1286,11294,31,2026-06-06T10:55:29.256000+00:00,https://livetiming.formula1.com/static/2026/2026-06-07_Monaco_Grand_Prix/2026-06-06_Practice_3/TeamRadio/OCO_31_20260606_125500.mp3,2026-07-26T20:01:58.767932Z
1286,11294,30,2026-06-06T10:58:30.394000+00:00,https://livetiming.formula1.com/static/2026/2026-06-07_Monaco_Grand_Prix/2026-06-06_Practice_3/TeamRadio/LAW_30_20260606_125814.mp3,2026-07-26T20:01:58.767932Z
1286,11294,12,2026-06-06T10:59:01.003000+00:00,https://livetiming.formula1.com/static/2026/2026-06-07_Monaco_Grand_Prix/2026-06-06_Practice_3/TeamRadio/ANT_12_20260606_125832.mp3,2026-07-26T20:01:58.767932Z
1286,11294,12,2026-06-06T11:00:02.153000+00:00,https://livetiming.formula1.com/static/2026/2026-06-07_Monaco_Grand_Prix/2026-06-06_Practice_3/TeamRadio/ANT_12_20260606_125938.mp3,2026-07-26T20:01:58.767932Z
1286,11294,81,2026-06-06T11:04:36.235000+00:00,https://livetiming.formula1.com/static/2026/2026-06-07_Monaco_Grand_Prix/2026-06-06_Practice_3/TeamRadio/PIA_81_20260606_130415.mp3,2026-07-26T20:01:58.767932Z
1286,11294,30,2026-06-06T11:07:41.371000+00:00,https://livetiming.formula1.com/static/2026/2026-06-07_Monaco_Grand_Prix/2026-06-06_Practice_3/TeamRadio/LAW_30_20260606_130718.mp3,2026-07-26T20:01:58.767932Z
1286,11294,6,2026-06-06T11:14:15.313000+00:00,https://livetiming.formula1.com/static/2026/2026-06-07_Monaco_Grand_Prix/2026-06-06_Practice_3/TeamRadio/HAD_6_20260606_131339.mp3,2026-07-26T20:01:58.767932Z
1286,11294,63,2026-06-06T11:16:48.008000+00:00,https://livetiming.formula1.com/static/2026/2026-06-07_Monaco_Grand_Prix/2026-06-06_Practice_3/TeamRadio/RUS_63_20260606_131630.mp3,2026-07-26T20:01:58.767932Z
1286,11294,87,2026-06-06T11:19:20.075000+00:00,https://livetiming.formula1.com/static/2026/2026-06-07_Monaco_Grand_Prix/2026-06-06_Practice_3/TeamRadio/BEA_87_20260606_131843.mp3,2026-07-26T20:01:58.767932Z
1286,11294,16,2026-06-06T11:28:30.065000+00:00,https://livetiming.formula1.com/static/2026/2026-06-07_Monaco_Grand_Prix/2026-06-06_Practice_3/TeamRadio/LEC_16_20260606_132817.mp3,2026-07-26T20:01:58.767932Z
1286,11294,1,2026-06-06T11:33:33.008000+00:00,https://livetiming.formula1.com/static/2026/2026-06-07_Monaco_Grand_Prix/2026-06-06_Practice_3/TeamRadio/NOR_1_20260606_133324.mp3,2026-07-26T20:01:58.767932Z
1286,11294,44,2026-06-06T11:34:03.829000+00:00,https://livetiming.formula1.com/static/2026/2026-06-07_Monaco_Grand_Prix/2026-06-06_Practice_3/TeamRadio/HAM_44_20260606_133337.mp3,2026-07-26T20:01:58.767932Z
1286,11294,16,2026-06-06T11:35:36.310000+00:00,https://livetiming.formula1.com/static/2026/2026-06-07_Monaco_Grand_Prix/2026-06-06_Practice_3/TeamRadio/LEC_16_20260606_133512.mp3,2026-07-26T20:01:58.767932Z
1286,11295,10,2026-06-06T14:00:01.668000+00:00,https://livetiming.formula1.com/static/2026/2026-06-07_Monaco_Grand_Prix/2026-06-06_Qualifying/TeamRadio/GAS_10_20260606_155936.mp3,2026-07-26T20:02:50.766229Z
1286,11295,41,2026-06-06T14:01:32.090000+00:00,https://livetiming.formula1.com/static/2026/2026-06-07_Monaco_Grand_Prix/2026-06-06_Qualifying/TeamRadio/LIN_41_20260606_160104.mp3,2026-07-26T20:02:50.766229Z
1286,11295,44,2026-06-06T14:03:03.686000+00:00,https://livetiming.formula1.com/static/2026/2026-06-07_Monaco_Grand_Prix/2026-06-06_Qualifying/TeamRadio/HAM_44_20260606_160246.mp3,2026-07-26T20:02:50.766229Z
1286,11295,6,2026-06-06T14:05:37.698000+00:00,https://livetiming.formula1.com/static/2026/2026-06-07_Monaco_Grand_Prix/2026-06-06_Qualifying/TeamRadio/HAD_6_20260606_160509.mp3,2026-07-26T20:02:50.766229Z
1286,11295,5,2026-06-06T14:16:16.642000+00:00,https://livetiming.formula1.com/static/2026/2026-06-07_Monaco_Grand_Prix/2026-06-06_Qualifying/TeamRadio/BOR_5_20260606_161545.mp3,2026-07-26T20:02:50.766229Z
1286,11295,87,2026-06-06T14:27:26.996000+00:00,https://livetiming.formula1.com/static/2026/2026-06-07_Monaco_Grand_Prix/2026-06-06_Qualifying/TeamRadio/BEA_87_20260606_162655.mp3,2026-07-26T20:02:50.766229Z
1286,11295,31,2026-06-06T14:27:57.656000+00:00,https://livetiming.formula1.com/static/2026/2026-06-07_Monaco_Grand_Prix/2026-06-06_Qualifying/TeamRadio/OCO_31_20260606_162719.mp3,2026-07-26T20:02:50.766229Z
1286,11295,87,2026-06-06T14:29:59.622000+00:00,https://livetiming.formula1.com/static/2026/2026-06-07_Monaco_Grand_Prix/2026-06-06_Qualifying/TeamRadio/BEA_87_20260606_162934.mp3,2026-07-26T20:02:50.766229Z
1286,11295,3,2026-06-06T14:32:33.195000+00:00,https://livetiming.formula1.com/static/2026/2026-06-07_Monaco_Grand_Prix/2026-06-06_Qualifying/TeamRadio/VER_3_20260606_163219.mp3,2026-07-26T20:02:50.766229Z
1286,11295,63,2026-06-06T14:42:10.459000+00:00,https://livetiming.formula1.com/static/2026/2026-06-07_Monaco_Grand_Prix/2026-06-06_Qualifying/TeamRadio/RUS_63_20260606_164136.mp3,2026-07-26T20:02:50.766229Z
1286,11295,16,2026-06-06T14:46:16.065000+00:00,https://livetiming.formula1.com/static/2026/2026-06-07_Monaco_Grand_Prix/2026-06-06_Qualifying/TeamRadio/LEC_16_20260606_164606.mp3,2026-07-26T20:02:50.766229Z
1286,11295,55,2026-06-06T14:49:47.302000+00:00,https://livetiming.formula1.com/static/2026/2026-06-07_Monaco_Grand_Prix/2026-06-06_Qualifying/TeamRadio/SAI_55_20260606_164933.mp3,2026-07-26T20:02:50.766229Z
1286,11295,3,2026-06-06T15:01:29.058000+00:00,https://livetiming.formula1.com/static/2026/2026-06-07_Monaco_Grand_Prix/2026-06-06_Qualifying/TeamRadio/VER_3_20260606_170055.mp3,2026-07-26T20:02:50.766229Z
1286,11295,12,2026-06-06T15:09:05.660000+00:00,https://livetiming.formula1.com/static/2026/2026-06-07_Monaco_Grand_Prix/2026-06-06_Qualifying/TeamRadio/ANT_12_20260606_170835.mp3,2026-07-26T20:02:50.766229Z
1286,11295,16,2026-06-06T15:10:06.162000+00:00,https://livetiming.formula1.com/static/2026/2026-06-07_Monaco_Grand_Prix/2026-06-06_Qualifying/TeamRadio/LEC_16_20260606_171116.mp3,2026-07-26T20:02:50.766229Z
1286,11295,3,2026-06-06T15:10:06.162000+00:00,https://livetiming.formula1.com/static/2026/2026-06-07_Monaco_Grand_Prix/2026-06-06_Qualifying/TeamRadio/VER_3_20260606_171130.mp3,2026-07-26T20:02:50.766229Z
1286,11295,3,2026-06-06T15:12:44.204000+00:00,https://livetiming.formula1.com/static/2026/2026-06-07_Monaco_Grand_Prix/2026-06-06_Qualifying/TeamRadio/VER_3_20260606_171229.mp3,2026-07-26T20:02:50.766229Z
1286,11295,12,2026-06-06T15:14:05.767000+00:00,https://livetiming.formula1.com/static/2026/2026-06-07_Monaco_Grand_Prix/2026-06-06_Qualifying/TeamRadio/ANT_12_20260606_171842.mp3,2026-07-26T20:02:50.766229Z
1286,11299,44,2026-06-07T12:25:08.845000+00:00,https://livetiming.formula1.com/static/2026/2026-06-07_Monaco_Grand_Prix/2026-06-07_Race/TeamRadio/HAM_44_20260607_142445.mp3,2026-07-26T20:03:39.583096Z
1286,11299,30,2026-06-07T12:28:43.024000+00:00,https://livetiming.formula1.com/static/2026/2026-06-07_Monaco_Grand_Prix/2026-06-07_Race/TeamRadio/LAW_30_20260607_142803.mp3,2026-07-26T20:03:39.583096Z
1286,11299,3,2026-06-07T13:04:44.159000+00:00,https://livetiming.formula1.com/static/2026/2026-06-07_Monaco_Grand_Prix/2026-06-07_Race/TeamRadio/VER_3_20260607_150430.mp3,2026-07-26T20:03:39.583096Z
1286,11299,3,2026-06-07T13:09:50.104000+00:00,https://livetiming.formula1.com/static/2026/2026-06-07_Monaco_Grand_Prix/2026-06-07_Race/TeamRadio/VER_3_20260607_150926.mp3,2026-07-26T20:03:39.583096Z
1286,11299,1,2026-06-07T13:10:20.198000+00:00,https://livetiming.formula1.com/static/2026/2026-06-07_Monaco_Grand_Prix/2026-06-07_Race/TeamRadio/NOR_1_20260607_150948.mp3,2026-07-26T20:03:39.583096Z
1286,11299,44,2026-06-07T13:13:52.459000+00:00,https://livetiming.formula1.com/static/2026/2026-06-07_Monaco_Grand_Prix/2026-06-07_Race/TeamRadio/HAM_44_20260607_151337.mp3,2026-07-26T20:03:39.583096Z
1286,11299,6,2026-06-07T13:23:02.352000+00:00,https://livetiming.formula1.com/static/2026/2026-06-07_Monaco_Grand_Prix/2026-06-07_Race/TeamRadio/HAD_6_20260607_152233.mp3,2026-07-26T20:03:39.583096Z
1286,11299,63,2026-06-07T13:24:02.518000+00:00,https://livetiming.formula1.com/static/2026/2026-06-07_Monaco_Grand_Prix/2026-06-07_Race/TeamRadio/RUS_63_20260607_152339.mp3,2026-07-26T20:03:39.583096Z
1286,11299,63,2026-06-07T13:26:34.800000+00:00,https://livetiming.formula1.com/static/2026/2026-06-07_Monaco_Grand_Prix/2026-06-07_Race/TeamRadio/RUS_63_20260607_152610.mp3,2026-07-26T20:03:39.583096Z
1286,11299,6,2026-06-07T13:29:08.460000+00:00,https://livetiming.formula1.com/static/2026/2026-06-07_Monaco_Grand_Prix/2026-06-07_Race/TeamRadio/HAD_6_20260607_152831.mp3,2026-07-26T20:03:39.583096Z
1286,11299,6,2026-06-07T13:37:44.913000+00:00,https://livetiming.formula1.com/static/2026/2026-06-07_Monaco_Grand_Prix/2026-06-07_Race/TeamRadio/HAD_6_20260607_153707.mp3,2026-07-26T20:03:39.583096Z
1286,11299,63,2026-06-07T13:38:45.988000+00:00,https://livetiming.formula1.com/static/2026/2026-06-07_Monaco_Grand_Prix/2026-06-07_Race/TeamRadio/RUS_63_20260607_153832.mp3,2026-07-26T20:03:39.583096Z
1286,11299,55,2026-06-07T13:41:18.186000+00:00,https://livetiming.formula1.com/static/2026/2026-06-07_Monaco_Grand_Prix/2026-06-07_Race/TeamRadio/SAI_55_20260607_154059.mp3,2026-07-26T20:03:39.583096Z
1286,11299,55,2026-06-07T13:41:50.703000+00:00,https://livetiming.formula1.com/static/2026/2026-06-07_Monaco_Grand_Prix/2026-06-07_Race/TeamRadio/SAI_55_20260607_154129.mp3,2026-07-26T20:03:39.583096Z
1286,11299,87,2026-06-07T13:42:50.870000+00:00,https://livetiming.formula1.com/static/2026/2026-06-07_Monaco_Grand_Prix/2026-06-07_Race/TeamRadio/BEA_87_20260607_154229.mp3,2026-07-26T20:03:39.583096Z
1286,11299,6,2026-06-07T13:48:24.822000+00:00,https://livetiming.formula1.com/static/2026/2026-06-07_Monaco_Grand_Prix/2026-06-07_Race/TeamRadio/HAD_6_20260607_154751.mp3,2026-07-26T20:03:39.583096Z
1286,11299,1,2026-06-07T13:57:33.499000+00:00,https://livetiming.formula1.com/static/2026/2026-06-07_Monaco_Grand_Prix/2026-06-07_Race/TeamRadio/NOR_1_20260607_155721.mp3,2026-07-26T20:03:39.583096Z
1286,11299,1,2026-06-07T14:01:36.722000+00:00,https://livetiming.formula1.com/static/2026/2026-06-07_Monaco_Grand_Prix/2026-06-07_Race/TeamRadio/NOR_1_20260607_160057.mp3,2026-07-26T20:03:39.583096Z
1286,11299,23,2026-06-07T14:03:09.485000+00:00,https://livetiming.formula1.com/static/2026/2026-06-07_Monaco_Grand_Prix/2026-06-07_Race/TeamRadio/ALB_23_20260607_160244.mp3,2026-07-26T20:03:39.583096Z
1286,11299,1,2026-06-07T14:04:09.645000+00:00,https://livetiming.formula1.com/static/2026/2026-06-07_Monaco_Grand_Prix/2026-06-07_Race/TeamRadio/NOR_1_20260607_160401.mp3,2026-07-26T20:03:39.583096Z
1286,11299,55,2026-06-07T14:06:11.311000+00:00,https://livetiming.formula1.com/static/2026/2026-06-07_Monaco_Grand_Prix/2026-06-07_Race/TeamRadio/SAI_55_20260607_160551.mp3,2026-07-26T20:03:39.583096Z
1286,11299,12,2026-06-07T14:08:15.346000+00:00,https://livetiming.formula1.com/static/2026/2026-06-07_Monaco_Grand_Prix/2026-06-07_Race/TeamRadio/ANT_12_20260607_160731.mp3,2026-07-26T20:03:39.583096Z
1286,11299,12,2026-06-07T14:15:21.575000+00:00,https://livetiming.formula1.com/static/2026/2026-06-07_Monaco_Grand_Prix/2026-06-07_Race/TeamRadio/ANT_12_20260607_161447.mp3,2026-07-26T20:03:39.583096Z
1286,11299,12,2026-06-07T14:16:21.720000+00:00,https://livetiming.formula1.com/static/2026/2026-06-07_Monaco_Grand_Prix/2026-06-07_Race/TeamRadio/ANT_12_20260607_161605.mp3,2026-07-26T20:03:39.583096Z
1286,11299,12,2026-06-07T14:23:58.086000+00:00,https://livetiming.formula1.com/static/2026/2026-06-07_Monaco_Grand_Prix/2026-06-07_Race/TeamRadio/ANT_12_20260607_162334.mp3,2026-07-26T20:03:39.583096Z
1286,11299,63,2026-06-07T14:29:33.990000+00:00,https://livetiming.formula1.com/static/2026/2026-06-07_Monaco_Grand_Prix/2026-06-07_Race/TeamRadio/RUS_63_20260607_162906.mp3,2026-07-26T20:03:39.583096Z
1286,11299,16,2026-06-07T14:32:36.219000+00:00,https://livetiming.formula1.com/static/2026/2026-06-07_Monaco_Grand_Prix/2026-06-07_Race/TeamRadio/LEC_16_20260607_163159.mp3,2026-07-26T20:03:39.583096Z
1286,11299,63,2026-06-07T14:57:58.903000+00:00,https://livetiming.formula1.com/static/2026/2026-06-07_Monaco_Grand_Prix/2026-06-07_Race/TeamRadio/RUS_63_20260607_165733.mp3,2026-07-26T20:03:39.583096Z
1286,11299,81,2026-06-07T15:10:39.101000+00:00,https://livetiming.formula1.com/static/2026/2026-06-07_Monaco_Grand_Prix/2026-06-07_Race/TeamRadio/PIA_81_20260607_171009.mp3,2026-07-26T20:03:39.583096Z
1286,11299,6,2026-06-07T15:14:12.800000+00:00,https://livetiming.formula1.com/static/2026/2026-06-07_Monaco_Grand_Prix/2026-06-07_Race/TeamRadio/HAD_6_20260607_171340.mp3,2026-07-26T20:03:39.583096Z
1286,11299,44,2026-06-07T15:22:20.174000+00:00,https://livetiming.formula1.com/static/2026/2026-06-07_Monaco_Grand_Prix/2026-06-07_Race/TeamRadio/HAM_44_20260607_172206.mp3,2026-07-26T20:03:39.583096Z
1286,11299,44,2026-06-07T15:28:56.463000+00:00,https://livetiming.formula1.com/static/2026/2026-06-07_Monaco_Grand_Prix/2026-06-07_Race/TeamRadio/HAM_44_20260607_172801.mp3,2026-07-26T20:03:39.583096Z
1286,11299,41,2026-06-07T15:33:31.006000+00:00,https://livetiming.formula1.com/static/2026/2026-06-07_Monaco_Grand_Prix/2026-06-07_Race/TeamRadio/LIN_41_20260607_173220.mp3,2026-07-26T20:03:39.583096Z
1286,11299,81,2026-06-07T15:35:35.516000+00:00,https://livetiming.formula1.com/static/2026/2026-06-07_Monaco_Grand_Prix/2026-06-07_Race/TeamRadio/PIA_81_20260607_173431.mp3,2026-07-26T20:03:39.583096Z
1286,11299,23,2026-06-07T15:35:57.868000+00:00,https://livetiming.formula1.com/static/2026/2026-06-07_Monaco_Grand_Prix/2026-06-07_Race/TeamRadio/ALB_23_20260607_173615.mp3,2026-07-26T20:03:39.583096Z
1286,11299,31,2026-06-07T15:35:57.868000+00:00,https://livetiming.formula1.com/static/2026/2026-06-07_Monaco_Grand_Prix/2026-06-07_Race/TeamRadio/OCO_31_20260607_173835.mp3,2026-07-26T20:03:39.583096Z
1287,11300,67,2026-06-12T11:31:48.693000+00:00,https://livetiming.formula1.com/static/2026/2026-06-14_Barcelona_Grand_Prix/2026-06-12_Practice_1/TeamRadio/FOR_67_20260612_133136.mp3,2026-07-26T20:04:07.882583Z
1287,11300,30,2026-06-12T11:53:06.542000+00:00,https://livetiming.formula1.com/static/2026/2026-06-14_Barcelona_Grand_Prix/2026-06-12_Practice_1/TeamRadio/LAW_30_20260612_135237.mp3,2026-07-26T20:04:07.882583Z
1287,11300,38,2026-06-12T11:59:12.147000+00:00,https://livetiming.formula1.com/static/2026/2026-06-14_Barcelona_Grand_Prix/2026-06-12_Practice_1/TeamRadio/BEG_38_20260612_135833.mp3,2026-07-26T20:04:07.882583Z
1287,11300,5,2026-06-12T12:01:45.780000+00:00,https://livetiming.formula1.com/static/2026/2026-06-14_Barcelona_Grand_Prix/2026-06-12_Practice_1/TeamRadio/BOR_5_20260612_140129.mp3,2026-07-26T20:04:07.882583Z
1287,11300,3,2026-06-12T12:07:49.465000+00:00,https://livetiming.formula1.com/static/2026/2026-06-14_Barcelona_Grand_Prix/2026-06-12_Practice_1/TeamRadio/VER_3_20260612_140730.mp3,2026-07-26T20:04:07.882583Z
1287,11300,5,2026-06-12T12:27:36.188000+00:00,https://livetiming.formula1.com/static/2026/2026-06-14_Barcelona_Grand_Prix/2026-06-12_Practice_1/TeamRadio/BOR_5_20260612_142721.mp3,2026-07-26T20:04:07.882583Z
1287,11301,44,2026-06-12T15:04:50.751000+00:00,https://livetiming.formula1.com/static/2026/2026-06-14_Barcelona_Grand_Prix/2026-06-12_Practice_2/TeamRadio/HAM_44_20260612_170428.mp3,2026-07-26T20:04:49.658184Z
1287,11301,3,2026-06-12T15:10:56.552000+00:00,https://livetiming.formula1.com/static/2026/2026-06-14_Barcelona_Grand_Prix/2026-06-12_Practice_2/TeamRadio/VER_3_20260612_171031.mp3,2026-07-26T20:04:49.658184Z
1287,11301,23,2026-06-12T15:31:15.082000+00:00,https://livetiming.formula1.com/static/2026/2026-06-14_Barcelona_Grand_Prix/2026-06-12_Practice_2/TeamRadio/ALB_23_20260612_173031.mp3,2026-07-26T20:04:49.658184Z
1287,11301,1,2026-06-12T15:46:57.774000+00:00,https://livetiming.formula1.com/static/2026/2026-06-14_Barcelona_Grand_Prix/2026-06-12_Practice_2/TeamRadio/NOR_1_20260612_174620.mp3,2026-07-26T20:04:49.658184Z
1287,11301,12,2026-06-12T15:57:06.243000+00:00,https://livetiming.formula1.com/static/2026/2026-06-14_Barcelona_Grand_Prix/2026-06-12_Practice_2/TeamRadio/ANT_12_20260612_175637.mp3,2026-07-26T20:04:49.658184Z
1287,11301,12,2026-06-12T16:02:10.710000+00:00,https://livetiming.formula1.com/static/2026/2026-06-14_Barcelona_Grand_Prix/2026-06-12_Practice_2/TeamRadio/ANT_12_20260612_180150.mp3,2026-07-26T20:04:49.658184Z
1287,11302,18,2026-06-13T10:30:08.331000+00:00,https://livetiming.formula1.com/static/2026/2026-06-14_Barcelona_Grand_Prix/2026-06-13_Practice_3/TeamRadio/STR_18_20260613_122956.mp3,2026-07-26T20:05:42.781835Z
1287,11302,16,2026-06-13T10:52:27.273000+00:00,https://livetiming.formula1.com/static/2026/2026-06-14_Barcelona_Grand_Prix/2026-06-13_Practice_3/TeamRadio/LEC_16_20260613_125156.mp3,2026-07-26T20:05:42.781835Z
1287,11302,81,2026-06-13T10:57:33.061000+00:00,https://livetiming.formula1.com/static/2026/2026-06-14_Barcelona_Grand_Prix/2026-06-13_Practice_3/TeamRadio/PIA_81_20260613_125706.mp3,2026-07-26T20:05:42.781835Z
1287,11302,77,2026-06-13T11:06:09.537000+00:00,https://livetiming.formula1.com/static/2026/2026-06-14_Barcelona_Grand_Prix/2026-06-13_Practice_3/TeamRadio/BOT_77_20260613_130527.mp3,2026-07-26T20:05:42.781835Z
1287,11302,11,2026-06-13T11:12:13.434000+00:00,https://livetiming.formula1.com/static/2026/2026-06-14_Barcelona_Grand_Prix/2026-06-13_Practice_3/TeamRadio/PER_11_20260613_131148.mp3,2026-07-26T20:05:42.781835Z
1287,11302,12,2026-06-13T11:23:22.710000+00:00,https://livetiming.formula1.com/static/2026/2026-06-14_Barcelona_Grand_Prix/2026-06-13_Practice_3/TeamRadio/ANT_12_20260613_132300.mp3,2026-07-26T20:05:42.781835Z
1287,11302,12,2026-06-13T11:24:54.236000+00:00,https://livetiming.formula1.com/static/2026/2026-06-14_Barcelona_Grand_Prix/2026-06-13_Practice_3/TeamRadio/ANT_12_20260613_132440.mp3,2026-07-26T20:05:42.781835Z
1287,11302,41,2026-06-13T11:32:31.243000+00:00,https://livetiming.formula1.com/static/2026/2026-06-14_Barcelona_Grand_Prix/2026-06-13_Practice_3/TeamRadio/LIN_41_20260613_133205.mp3,2026-07-26T20:05:42.781835Z
1287,11303,6,2026-06-13T14:01:13.868000+00:00,https://livetiming.formula1.com/static/2026/2026-06-14_Barcelona_Grand_Prix/2026-06-13_Qualifying/TeamRadio/HAD_6_20260613_160101.mp3,2026-07-26T20:05:56.055341Z
1287,11303,11,2026-06-13T14:19:59.009000+00:00,https://livetiming.formula1.com/static/2026/2026-06-14_Barcelona_Grand_Prix/2026-06-13_Qualifying/TeamRadio/PER_11_20260613_161915.mp3,2026-07-26T20:05:56.055341Z
1287,11303,77,2026-06-13T14:21:32.250000+00:00,https://livetiming.formula1.com/static/2026/2026-06-14_Barcelona_Grand_Prix/2026-06-13_Qualifying/TeamRadio/BOT_77_20260613_162111.mp3,2026-07-26T20:05:56.055341Z
1287,11303,41,2026-06-13T14:43:18.670000+00:00,https://livetiming.formula1.com/static/2026/2026-06-14_Barcelona_Grand_Prix/2026-06-13_Qualifying/TeamRadio/LIN_41_20260613_164253.mp3,2026-07-26T20:05:56.055341Z
1287,11303,27,2026-06-13T14:44:51.126000+00:00,https://livetiming.formula1.com/static/2026/2026-06-14_Barcelona_Grand_Prix/2026-06-13_Qualifying/TeamRadio/HUL_27_20260613_164419.mp3,2026-07-26T20:05:56.055341Z
1287,11303,44,2026-06-13T15:14:46.060000+00:00,https://livetiming.formula1.com/static/2026/2026-06-14_Barcelona_Grand_Prix/2026-06-13_Qualifying/TeamRadio/HAM_44_20260613_171408.mp3,2026-07-26T20:05:56.055341Z
1287,11303,6,2026-06-13T15:17:07.465000+00:00,https://livetiming.formula1.com/static/2026/2026-06-14_Barcelona_Grand_Prix/2026-06-13_Qualifying/TeamRadio/HAD_6_20260613_171746.mp3,2026-07-26T20:05:56.055341Z
1287,11303,27,2026-06-13T15:17:07.465000+00:00,https://livetiming.formula1.com/static/2026/2026-06-14_Barcelona_Grand_Prix/2026-06-13_Qualifying/TeamRadio/HUL_27_20260613_171913.mp3,2026-07-26T20:05:56.055341Z
1287,11307,44,2026-06-14T12:24:31.748000+00:00,https://livetiming.formula1.com/static/2026/2026-06-14_Barcelona_Grand_Prix/2026-06-14_Race/TeamRadio/HAM_44_20260614_142413.mp3,2026-07-26T20:06:37.934497Z
1287,11307,12,2026-06-14T12:29:37.458000+00:00,https://livetiming.formula1.com/static/2026/2026-06-14_Barcelona_Grand_Prix/2026-06-14_Race/TeamRadio/ANT_12_20260614_142921.mp3,2026-07-26T20:06:37.934497Z
1287,11307,1,2026-06-14T13:15:45.340000+00:00,https://livetiming.formula1.com/static/2026/2026-06-14_Barcelona_Grand_Prix/2026-06-14_Race/TeamRadio/NOR_1_20260614_151530.mp3,2026-07-26T20:06:37.934497Z
1287,11307,3,2026-06-14T13:18:47.217000+00:00,https://livetiming.formula1.com/static/2026/2026-06-14_Barcelona_Grand_Prix/2026-06-14_Race/TeamRadio/VER_3_20260614_151828.mp3,2026-07-26T20:06:37.934497Z
1287,11307,63,2026-06-14T13:19:48.370000+00:00,https://livetiming.formula1.com/static/2026/2026-06-14_Barcelona_Grand_Prix/2026-06-14_Race/TeamRadio/RUS_63_20260614_151935.mp3,2026-07-26T20:06:37.934497Z
1287,11307,63,2026-06-14T13:23:21.759000+00:00,https://livetiming.formula1.com/static/2026/2026-06-14_Barcelona_Grand_Prix/2026-06-14_Race/TeamRadio/RUS_63_20260614_152240.mp3,2026-07-26T20:06:37.934497Z
1287,11307,16,2026-06-14T13:24:53.779000+00:00,https://livetiming.formula1.com/static/2026/2026-06-14_Barcelona_Grand_Prix/2026-06-14_Race/TeamRadio/LEC_16_20260614_152415.mp3,2026-07-26T20:06:37.934497Z
1287,11307,43,2026-06-14T13:31:29.705000+00:00,https://livetiming.formula1.com/static/2026/2026-06-14_Barcelona_Grand_Prix/2026-06-14_Race/TeamRadio/COL_43_20260614_153044.mp3,2026-07-26T20:06:37.934497Z
1287,11307,12,2026-06-14T13:33:03.404000+00:00,https://livetiming.formula1.com/static/2026/2026-06-14_Barcelona_Grand_Prix/2026-06-14_Race/TeamRadio/ANT_12_20260614_153235.mp3,2026-07-26T20:06:37.934497Z
1287,11307,27,2026-06-14T13:37:35.204000+00:00,https://livetiming.formula1.com/static/2026/2026-06-14_Barcelona_Grand_Prix/2026-06-14_Race/TeamRadio/HUL_27_20260614_153713.mp3,2026-07-26T20:06:37.934497Z
1287,11307,63,2026-06-14T13:43:40.450000+00:00,https://livetiming.formula1.com/static/2026/2026-06-14_Barcelona_Grand_Prix/2026-06-14_Race/TeamRadio/RUS_63_20260614_154302.mp3,2026-07-26T20:06:37.934497Z
1287,11307,12,2026-06-14T13:44:11.188000+00:00,https://livetiming.formula1.com/static/2026/2026-06-14_Barcelona_Grand_Prix/2026-06-14_Race/TeamRadio/ANT_12_20260614_154351.mp3,2026-07-26T20:06:37.934497Z
1287,11307,44,2026-06-14T13:47:45.912000+00:00,https://livetiming.formula1.com/static/2026/2026-06-14_Barcelona_Grand_Prix/2026-06-14_Race/TeamRadio/HAM_44_20260614_154710.mp3,2026-07-26T20:06:37.934497Z
1287,11307,12,2026-06-14T13:49:46.232000+00:00,https://livetiming.formula1.com/static/2026/2026-06-14_Barcelona_Grand_Prix/2026-06-14_Race/TeamRadio/ANT_12_20260614_154909.mp3,2026-07-26T20:06:37.934497Z
1287,11307,44,2026-06-14T13:50:47.337000+00:00,https://livetiming.formula1.com/static/2026/2026-06-14_Barcelona_Grand_Prix/2026-06-14_Race/TeamRadio/HAM_44_20260614_155019.mp3,2026-07-26T20:06:37.934497Z
1287,11307,12,2026-06-14T13:51:17.962000+00:00,https://livetiming.formula1.com/static/2026/2026-06-14_Barcelona_Grand_Prix/2026-06-14_Race/TeamRadio/ANT_12_20260614_155042.mp3,2026-07-26T20:06:37.934497Z
1287,11307,12,2026-06-14T13:51:48.774000+00:00,https://livetiming.formula1.com/static/2026/2026-06-14_Barcelona_Grand_Prix/2026-06-14_Race/TeamRadio/ANT_12_20260614_155119.mp3,2026-07-26T20:06:37.934497Z
1287,11307,12,2026-06-14T13:54:22.048000+00:00,https://livetiming.formula1.com/static/2026/2026-06-14_Barcelona_Grand_Prix/2026-06-14_Race/TeamRadio/ANT_12_20260614_155413.mp3,2026-07-26T20:06:37.934497Z
1287,11307,44,2026-06-14T13:57:23.780000+00:00,https://livetiming.formula1.com/static/2026/2026-06-14_Barcelona_Grand_Prix/2026-06-14_Race/TeamRadio/HAM_44_20260614_155654.mp3,2026-07-26T20:06:37.934497Z
1287,11307,63,2026-06-14T13:58:55.309000+00:00,https://livetiming.formula1.com/static/2026/2026-06-14_Barcelona_Grand_Prix/2026-06-14_Race/TeamRadio/RUS_63_20260614_155835.mp3,2026-07-26T20:06:37.934497Z
1287,11307,44,2026-06-14T14:01:58.251000+00:00,https://livetiming.formula1.com/static/2026/2026-06-14_Barcelona_Grand_Prix/2026-06-14_Race/TeamRadio/HAM_44_20260614_160131.mp3,2026-07-26T20:06:37.934497Z
1287,11307,44,2026-06-14T14:02:28.511000+00:00,https://livetiming.formula1.com/static/2026/2026-06-14_Barcelona_Grand_Prix/2026-06-14_Race/TeamRadio/HAM_44_20260614_160155.mp3,2026-07-26T20:06:37.934497Z
1287,11307,63,2026-06-14T14:04:00.236000+00:00,https://livetiming.formula1.com/static/2026/2026-06-14_Barcelona_Grand_Prix/2026-06-14_Race/TeamRadio/RUS_63_20260614_160340.mp3,2026-07-26T20:06:37.934497Z
1287,11307,1,2026-06-14T14:12:06.908000+00:00,https://livetiming.formula1.com/static/2026/2026-06-14_Barcelona_Grand_Prix/2026-06-14_Race/TeamRadio/NOR_1_20260614_161143.mp3,2026-07-26T20:06:37.934497Z
1287,11307,1,2026-06-14T14:13:40.294000+00:00,https://livetiming.formula1.com/static/2026/2026-06-14_Barcelona_Grand_Prix/2026-06-14_Race/TeamRadio/NOR_1_20260614_161310.mp3,2026-07-26T20:06:37.934497Z
1287,11307,44,2026-06-14T14:15:10.581000+00:00,https://livetiming.formula1.com/static/2026/2026-06-14_Barcelona_Grand_Prix/2026-06-14_Race/TeamRadio/HAM_44_20260614_161436.mp3,2026-07-26T20:06:37.934497Z
1287,11307,12,2026-06-14T14:16:10.831000+00:00,https://livetiming.formula1.com/static/2026/2026-06-14_Barcelona_Grand_Prix/2026-06-14_Race/TeamRadio/ANT_12_20260614_161533.mp3,2026-07-26T20:06:37.934497Z
1287,11307,63,2026-06-14T14:16:11.009000+00:00,https://livetiming.formula1.com/static/2026/2026-06-14_Barcelona_Grand_Prix/2026-06-14_Race/TeamRadio/RUS_63_20260614_161559.mp3,2026-07-26T20:06:37.934497Z
1287,11307,1,2026-06-14T14:17:12.085000+00:00,https://livetiming.formula1.com/static/2026/2026-06-14_Barcelona_Grand_Prix/2026-06-14_Race/TeamRadio/NOR_1_20260614_161650.mp3,2026-07-26T20:06:37.934497Z
1287,11307,44,2026-06-14T14:24:48.058000+00:00,https://livetiming.formula1.com/static/2026/2026-06-14_Barcelona_Grand_Prix/2026-06-14_Race/TeamRadio/HAM_44_20260614_162432.mp3,2026-07-26T20:06:37.934497Z
1287,11307,12,2026-06-14T14:29:22.810000+00:00,https://livetiming.formula1.com/static/2026/2026-06-14_Barcelona_Grand_Prix/2026-06-14_Race/TeamRadio/ANT_12_20260614_162900.mp3,2026-07-26T20:06:37.934497Z
1287,11307,16,2026-06-14T14:29:53.182000+00:00,https://livetiming.formula1.com/static/2026/2026-06-14_Barcelona_Grand_Prix/2026-06-14_Race/TeamRadio/LEC_16_20260614_162944.mp3,2026-07-26T20:06:37.934497Z
1287,11307,44,2026-06-14T14:38:01.001000+00:00,https://livetiming.formula1.com/static/2026/2026-06-14_Barcelona_Grand_Prix/2026-06-14_Race/TeamRadio/HAM_44_20260614_163708.mp3,2026-07-26T20:06:37.934497Z
1287,11307,44,2026-06-14T14:39:02.091000+00:00,https://livetiming.formula1.com/static/2026/2026-06-14_Barcelona_Grand_Prix/2026-06-14_Race/TeamRadio/HAM_44_20260614_163825.mp3,2026-07-26T20:06:37.934497Z
1287,11307,1,2026-06-14T14:40:24.621000+00:00,https://livetiming.formula1.com/static/2026/2026-06-14_Barcelona_Grand_Prix/2026-06-14_Race/TeamRadio/NOR_1_20260614_164037.mp3,2026-07-26T20:06:37.934497Z
1287,11307,63,2026-06-14T14:40:24.621000+00:00,https://livetiming.formula1.com/static/2026/2026-06-14_Barcelona_Grand_Prix/2026-06-14_Race/TeamRadio/RUS_63_20260614_164059.mp3,2026-07-26T20:06:37.934497Z
1287,11307,41,2026-06-14T14:40:24.621000+00:00,https://livetiming.formula1.com/static/2026/2026-06-14_Barcelona_Grand_Prix/2026-06-14_Race/TeamRadio/LIN_41_20260614_164234.mp3,2026-07-26T20:06:37.934497Z
1287,11307,3,2026-06-14T14:40:24.621000+00:00,https://livetiming.formula1.com/static/2026/2026-06-14_Barcelona_Grand_Prix/2026-06-14_Race/TeamRadio/VER_3_20260614_164252.mp3,2026-07-26T20:06:37.934497Z
1287,11307,43,2026-06-14T14:40:24.621000+00:00,https://livetiming.formula1.com/static/2026/2026-06-14_Barcelona_Grand_Prix/2026-06-14_Race/TeamRadio/COL_43_20260614_164437.mp3,2026-07-26T20:06:37.934497Z
1287,11307,6,2026-06-14T14:40:24.621000+00:00,https://livetiming.formula1.com/static/2026/2026-06-14_Barcelona_Grand_Prix/2026-06-14_Race/TeamRadio/HAD_6_20260614_164656.mp3,2026-07-26T20:06:37.934497Z
1288,11308,41,2026-06-26T11:31:41.026000+00:00,https://livetiming.formula1.com/static/2026/2026-06-28_Austrian_Grand_Prix/2026-06-26_Practice_1/TeamRadio/LIN_41_20260626_133129.mp3,2026-07-26T20:06:50.816042Z
1288,11308,3,2026-06-26T11:34:14.768000+00:00,https://livetiming.formula1.com/static/2026/2026-06-28_Austrian_Grand_Prix/2026-06-26_Practice_1/TeamRadio/VER_3_20260626_133348.mp3,2026-07-26T20:06:50.816042Z
1288,11308,63,2026-06-26T11:35:14.902000+00:00,https://livetiming.formula1.com/static/2026/2026-06-28_Austrian_Grand_Prix/2026-06-26_Practice_1/TeamRadio/RUS_63_20260626_133446.mp3,2026-07-26T20:06:50.816042Z
1288,11308,23,2026-06-26T11:39:18.241000+00:00,https://livetiming.formula1.com/static/2026/2026-06-28_Austrian_Grand_Prix/2026-06-26_Practice_1/TeamRadio/ALB_23_20260626_133905.mp3,2026-07-26T20:06:50.816042Z
1288,11308,81,2026-06-26T11:52:29.454000+00:00,https://livetiming.formula1.com/static/2026/2026-06-28_Austrian_Grand_Prix/2026-06-26_Practice_1/TeamRadio/PIA_81_20260626_135212.mp3,2026-07-26T20:06:50.816042Z
1288,11308,11,2026-06-26T11:57:03.268000+00:00,https://livetiming.formula1.com/static/2026/2026-06-28_Austrian_Grand_Prix/2026-06-26_Practice_1/TeamRadio/PER_11_20260626_135647.mp3,2026-07-26T20:06:50.816042Z
1288,11308,3,2026-06-26T11:58:04.395000+00:00,https://livetiming.formula1.com/static/2026/2026-06-28_Austrian_Grand_Prix/2026-06-26_Practice_1/TeamRadio/VER_3_20260626_135750.mp3,2026-07-26T20:06:50.816042Z
1288,11308,44,2026-06-26T12:00:38.539000+00:00,https://livetiming.formula1.com/static/2026/2026-06-28_Austrian_Grand_Prix/2026-06-26_Practice_1/TeamRadio/HAM_44_20260626_140026.mp3,2026-07-26T20:06:50.816042Z
1288,11308,81,2026-06-26T12:02:08.786000+00:00,https://livetiming.formula1.com/static/2026/2026-06-28_Austrian_Grand_Prix/2026-06-26_Practice_1/TeamRadio/PIA_81_20260626_140141.mp3,2026-07-26T20:06:50.816042Z
1288,11308,3,2026-06-26T12:03:09.167000+00:00,https://livetiming.formula1.com/static/2026/2026-06-28_Austrian_Grand_Prix/2026-06-26_Practice_1/TeamRadio/VER_3_20260626_140249.mp3,2026-07-26T20:06:50.816042Z
1288,11308,11,2026-06-26T12:15:50.783000+00:00,https://livetiming.formula1.com/static/2026/2026-06-28_Austrian_Grand_Prix/2026-06-26_Practice_1/TeamRadio/PER_11_20260626_141525.mp3,2026-07-26T20:06:50.816042Z
1288,11308,11,2026-06-26T12:28:30.438000+00:00,https://livetiming.formula1.com/static/2026/2026-06-28_Austrian_Grand_Prix/2026-06-26_Practice_1/TeamRadio/PER_11_20260626_142803.mp3,2026-07-26T20:06:50.816042Z
1288,11308,38,2026-06-26T12:31:02.784000+00:00,https://livetiming.formula1.com/static/2026/2026-06-28_Austrian_Grand_Prix/2026-06-26_Practice_1/TeamRadio/BEG_38_20260626_143036.mp3,2026-07-26T20:06:50.816042Z
1288,11310,43,2026-06-27T10:42:27.416000+00:00,https://livetiming.formula1.com/static/2026/2026-06-28_Austrian_Grand_Prix/2026-06-27_Practice_3/TeamRadio/COL_43_20260627_124202.mp3,2026-07-26T20:07:22.825308Z
1288,11310,43,2026-06-27T10:42:57.486000+00:00,https://livetiming.formula1.com/static/2026/2026-06-28_Austrian_Grand_Prix/2026-06-27_Practice_3/TeamRadio/COL_43_20260627_124228.mp3,2026-07-26T20:07:22.825308Z
1288,11310,11,2026-06-27T10:46:30.868000+00:00,https://livetiming.formula1.com/static/2026/2026-06-28_Austrian_Grand_Prix/2026-06-27_Practice_3/TeamRadio/PER_11_20260627_124557.mp3,2026-07-26T20:07:22.825308Z
1288,11310,1,2026-06-27T10:49:33.600000+00:00,https://livetiming.formula1.com/static/2026/2026-06-28_Austrian_Grand_Prix/2026-06-27_Practice_3/TeamRadio/NOR_1_20260627_124917.mp3,2026-07-26T20:07:22.825308Z
1288,11310,3,2026-06-27T10:52:36.291000+00:00,https://livetiming.formula1.com/static/2026/2026-06-28_Austrian_Grand_Prix/2026-06-27_Practice_3/TeamRadio/VER_3_20260627_125213.mp3,2026-07-26T20:07:22.825308Z
1288,11310,81,2026-06-27T10:53:38.977000+00:00,https://livetiming.formula1.com/static/2026/2026-06-28_Austrian_Grand_Prix/2026-06-27_Practice_3/TeamRadio/PIA_81_20260627_125303.mp3,2026-07-26T20:07:22.825308Z
1288,11310,3,2026-06-27T10:56:09.889000+00:00,https://livetiming.formula1.com/static/2026/2026-06-28_Austrian_Grand_Prix/2026-06-27_Practice_3/TeamRadio/VER_3_20260627_125538.mp3,2026-07-26T20:07:22.825308Z
1288,11310,63,2026-06-27T10:59:44.905000+00:00,https://livetiming.formula1.com/static/2026/2026-06-28_Austrian_Grand_Prix/2026-06-27_Practice_3/TeamRadio/RUS_63_20260627_125915.mp3,2026-07-26T20:07:22.825308Z
1288,11310,14,2026-06-27T11:14:57.128000+00:00,https://livetiming.formula1.com/static/2026/2026-06-28_Austrian_Grand_Prix/2026-06-27_Practice_3/TeamRadio/ALO_14_20260627_131423.mp3,2026-07-26T20:07:22.825308Z
1288,11310,41,2026-06-27T11:21:30.565000+00:00,https://livetiming.formula1.com/static/2026/2026-06-28_Austrian_Grand_Prix/2026-06-27_Practice_3/TeamRadio/LIN_41_20260627_132116.mp3,2026-07-26T20:07:22.825308Z
1288,11310,6,2026-06-27T11:28:06.593000+00:00,https://livetiming.formula1.com/static/2026/2026-06-28_Austrian_Grand_Prix/2026-06-27_Practice_3/TeamRadio/HAD_6_20260627_132742.mp3,2026-07-26T20:07:22.825308Z
1288,11310,44,2026-06-27T11:34:12.306000+00:00,https://livetiming.formula1.com/static/2026/2026-06-28_Austrian_Grand_Prix/2026-06-27_Practice_3/TeamRadio/HAM_44_20260627_133332.mp3,2026-07-26T20:07:22.825308Z
1288,11311,14,2026-06-27T13:59:10.174000+00:00,https://livetiming.formula1.com/static/2026/2026-06-28_Austrian_Grand_Prix/2026-06-27_Qualifying/TeamRadio/ALO_14_20260627_155846.mp3,2026-07-26T20:07:54.454108Z
1288,11311,63,2026-06-27T14:13:22.807000+00:00,https://livetiming.formula1.com/static/2026/2026-06-28_Austrian_Grand_Prix/2026-06-27_Qualifying/TeamRadio/RUS_63_20260627_161240.mp3,2026-07-26T20:07:54.454108Z
1288,11311,14,2026-06-27T14:19:58.818000+00:00,https://livetiming.formula1.com/static/2026/2026-06-28_Austrian_Grand_Prix/2026-06-27_Qualifying/TeamRadio/ALO_14_20260627_161926.mp3,2026-07-26T20:07:54.454108Z
1288,11311,81,2026-06-27T14:34:10.547000+00:00,https://livetiming.formula1.com/static/2026/2026-06-28_Austrian_Grand_Prix/2026-06-27_Qualifying/TeamRadio/PIA_81_20260627_163353.mp3,2026-07-26T20:07:54.454108Z
1288,11311,63,2026-06-27T14:35:44.239000+00:00,https://livetiming.formula1.com/static/2026/2026-06-28_Austrian_Grand_Prix/2026-06-27_Qualifying/TeamRadio/RUS_63_20260627_163526.mp3,2026-07-26T20:07:54.454108Z
1288,11311,10,2026-06-27T14:41:45.306000+00:00,https://livetiming.formula1.com/static/2026/2026-06-28_Austrian_Grand_Prix/2026-06-27_Qualifying/TeamRadio/GAS_10_20260627_164119.mp3,2026-07-26T20:07:54.454108Z
1288,11311,87,2026-06-27T14:43:17.141000+00:00,https://livetiming.formula1.com/static/2026/2026-06-28_Austrian_Grand_Prix/2026-06-27_Qualifying/TeamRadio/BEA_87_20260627_164253.mp3,2026-07-26T20:07:54.454108Z
1288,11311,31,2026-06-27T14:44:48.301000+00:00,https://livetiming.formula1.com/static/2026/2026-06-28_Austrian_Grand_Prix/2026-06-27_Qualifying/TeamRadio/OCO_31_20260627_164417.mp3,2026-07-26T20:07:54.454108Z
1288,11311,44,2026-06-27T14:54:27.316000+00:00,https://livetiming.formula1.com/static/2026/2026-06-28_Austrian_Grand_Prix/2026-06-27_Qualifying/TeamRadio/HAM_44_20260627_165412.mp3,2026-07-26T20:07:54.454108Z
1288,11311,12,2026-06-27T15:08:06.584000+00:00,https://livetiming.formula1.com/static/2026/2026-06-28_Austrian_Grand_Prix/2026-06-27_Qualifying/TeamRadio/ANT_12_20260627_170748.mp3,2026-07-26T20:07:54.454108Z
1288,11311,63,2026-06-27T15:11:16.389000+00:00,https://livetiming.formula1.com/static/2026/2026-06-28_Austrian_Grand_Prix/2026-06-27_Qualifying/TeamRadio/RUS_63_20260627_171113.mp3,2026-07-26T20:07:54.454108Z
1288,11311,63,2026-06-27T15:12:02.471000+00:00,https://livetiming.formula1.com/static/2026/2026-06-28_Austrian_Grand_Prix/2026-06-27_Qualifying/TeamRadio/RUS_63_20260627_171131.mp3,2026-07-26T20:07:54.454108Z
1288,11315,27,2026-06-28T12:16:55.566000+00:00,https://livetiming.formula1.com/static/2026/2026-06-28_Austrian_Grand_Prix/2026-06-28_Race/TeamRadio/HUL_27_20260628_141647.mp3,2026-07-26T20:08:45.414185Z
1288,11315,10,2026-06-28T12:32:10.153000+00:00,https://livetiming.formula1.com/static/2026/2026-06-28_Austrian_Grand_Prix/2026-06-28_Race/TeamRadio/GAS_10_20260628_143137.mp3,2026-07-26T20:08:45.414185Z
1288,11315,81,2026-06-28T12:32:40.251000+00:00,https://livetiming.formula1.com/static/2026/2026-06-28_Austrian_Grand_Prix/2026-06-28_Race/TeamRadio/PIA_81_20260628_143201.mp3,2026-07-26T20:08:45.414185Z
1288,11315,11,2026-06-28T13:09:10.543000+00:00,https://livetiming.formula1.com/static/2026/2026-06-28_Austrian_Grand_Prix/2026-06-28_Race/TeamRadio/PER_11_20260628_150840.mp3,2026-07-26T20:08:45.414185Z
1288,11315,63,2026-06-28T13:15:16.424000+00:00,https://livetiming.formula1.com/static/2026/2026-06-28_Austrian_Grand_Prix/2026-06-28_Race/TeamRadio/RUS_63_20260628_151458.mp3,2026-07-26T20:08:45.414185Z
1288,11315,3,2026-06-28T13:17:16.997000+00:00,https://livetiming.formula1.com/static/2026/2026-06-28_Austrian_Grand_Prix/2026-06-28_Race/TeamRadio/VER_3_20260628_151652.mp3,2026-07-26T20:08:45.414185Z
1288,11315,44,2026-06-28T13:18:48.577000+00:00,https://livetiming.formula1.com/static/2026/2026-06-28_Austrian_Grand_Prix/2026-06-28_Race/TeamRadio/HAM_44_20260628_151833.mp3,2026-07-26T20:08:45.414185Z
1288,11315,63,2026-06-28T13:23:22.676000+00:00,https://livetiming.formula1.com/static/2026/2026-06-28_Austrian_Grand_Prix/2026-06-28_Race/TeamRadio/RUS_63_20260628_152244.mp3,2026-07-26T20:08:45.414185Z
1288,11315,44,2026-06-28T13:24:23.802000+00:00,https://livetiming.formula1.com/static/2026/2026-06-28_Austrian_Grand_Prix/2026-06-28_Race/TeamRadio/HAM_44_20260628_152408.mp3,2026-07-26T20:08:45.414185Z
1288,11315,1,2026-06-28T13:27:28.253000+00:00,https://livetiming.formula1.com/static/2026/2026-06-28_Austrian_Grand_Prix/2026-06-28_Race/TeamRadio/NOR_1_20260628_152707.mp3,2026-07-26T20:08:45.414185Z
1288,11315,44,2026-06-28T13:33:01.796000+00:00,https://livetiming.formula1.com/static/2026/2026-06-28_Austrian_Grand_Prix/2026-06-28_Race/TeamRadio/HAM_44_20260628_153219.mp3,2026-07-26T20:08:45.414185Z
1288,11315,44,2026-06-28T13:34:34.344000+00:00,https://livetiming.formula1.com/static/2026/2026-06-28_Austrian_Grand_Prix/2026-06-28_Race/TeamRadio/HAM_44_20260628_153415.mp3,2026-07-26T20:08:45.414185Z
1288,11315,12,2026-06-28T13:36:04.672000+00:00,https://livetiming.formula1.com/static/2026/2026-06-28_Austrian_Grand_Prix/2026-06-28_Race/TeamRadio/ANT_12_20260628_153534.mp3,2026-07-26T20:08:45.414185Z
1288,11315,44,2026-06-28T13:43:11.186000+00:00,https://livetiming.formula1.com/static/2026/2026-06-28_Austrian_Grand_Prix/2026-06-28_Race/TeamRadio/HAM_44_20260628_154230.mp3,2026-07-26T20:08:45.414185Z
1288,11315,44,2026-06-28T13:51:18.443000+00:00,https://livetiming.formula1.com/static/2026/2026-06-28_Austrian_Grand_Prix/2026-06-28_Race/TeamRadio/HAM_44_20260628_155100.mp3,2026-07-26T20:08:45.414185Z
1288,11315,3,2026-06-28T13:58:55.613000+00:00,https://livetiming.formula1.com/static/2026/2026-06-28_Austrian_Grand_Prix/2026-06-28_Race/TeamRadio/VER_3_20260628_155813.mp3,2026-07-26T20:08:45.414185Z
1288,11315,63,2026-06-28T13:59:28.152000+00:00,https://livetiming.formula1.com/static/2026/2026-06-28_Austrian_Grand_Prix/2026-06-28_Race/TeamRadio/RUS_63_20260628_155900.mp3,2026-07-26T20:08:45.414185Z
1288,11315,12,2026-06-28T14:04:30.889000+00:00,https://livetiming.formula1.com/static/2026/2026-06-28_Austrian_Grand_Prix/2026-06-28_Race/TeamRadio/ANT_12_20260628_160408.mp3,2026-07-26T20:08:45.414185Z
1288,11315,16,2026-06-28T14:12:37.974000+00:00,https://livetiming.formula1.com/static/2026/2026-06-28_Austrian_Grand_Prix/2026-06-28_Race/TeamRadio/LEC_16_20260628_161214.mp3,2026-07-26T20:08:45.414185Z
1288,11315,16,2026-06-28T14:15:10.430000+00:00,https://livetiming.formula1.com/static/2026/2026-06-28_Austrian_Grand_Prix/2026-06-28_Race/TeamRadio/LEC_16_20260628_161444.mp3,2026-07-26T20:08:45.414185Z
1288,11315,63,2026-06-28T14:31:23.270000+00:00,https://livetiming.formula1.com/static/2026/2026-06-28_Austrian_Grand_Prix/2026-06-28_Race/TeamRadio/RUS_63_20260628_163044.mp3,2026-07-26T20:08:45.414185Z
1288,11315,3,2026-06-28T14:32:24.314000+00:00,https://livetiming.formula1.com/static/2026/2026-06-28_Austrian_Grand_Prix/2026-06-28_Race/TeamRadio/VER_3_20260628_163139.mp3,2026-07-26T20:08:45.414185Z
1288,11315,63,2026-06-28T14:32:55.076000+00:00,https://livetiming.formula1.com/static/2026/2026-06-28_Austrian_Grand_Prix/2026-06-28_Race/TeamRadio/RUS_63_20260628_163222.mp3,2026-07-26T20:08:45.414185Z
1289,11316,44,2026-07-03T11:30:46.137000+00:00,https://livetiming.formula1.com/static/2026/2026-07-05_British_Grand_Prix/2026-07-03_Practice_1/TeamRadio/HAM_44_20260703_123016.mp3,2026-07-26T20:09:34.181679Z
1289,11316,31,2026-07-03T11:35:20.655000+00:00,https://livetiming.formula1.com/static/2026/2026-07-05_British_Grand_Prix/2026-07-03_Practice_1/TeamRadio/OCO_31_20260703_123507.mp3,2026-07-26T20:09:34.181679Z
1289,11316,31,2026-07-03T11:40:26.532000+00:00,https://livetiming.formula1.com/static/2026/2026-07-05_British_Grand_Prix/2026-07-03_Practice_1/TeamRadio/OCO_31_20260703_123946.mp3,2026-07-26T20:09:34.181679Z
1289,11316,44,2026-07-03T11:48:32.759000+00:00,https://livetiming.formula1.com/static/2026/2026-07-05_British_Grand_Prix/2026-07-03_Practice_1/TeamRadio/HAM_44_20260703_124755.mp3,2026-07-26T20:09:34.181679Z
1289,11316,81,2026-07-03T12:05:46.254000+00:00,https://livetiming.formula1.com/static/2026/2026-07-05_British_Grand_Prix/2026-07-03_Practice_1/TeamRadio/PIA_81_20260703_130530.mp3,2026-07-26T20:09:34.181679Z
1289,11316,10,2026-07-03T12:08:18.651000+00:00,https://livetiming.formula1.com/static/2026/2026-07-05_British_Grand_Prix/2026-07-03_Practice_1/TeamRadio/GAS_10_20260703_130756.mp3,2026-07-26T20:09:34.181679Z
1289,11316,30,2026-07-03T12:17:57.822000+00:00,https://livetiming.formula1.com/static/2026/2026-07-05_British_Grand_Prix/2026-07-03_Practice_1/TeamRadio/LAW_30_20260703_131720.mp3,2026-07-26T20:09:34.181679Z
1289,11316,16,2026-07-03T12:23:03.593000+00:00,https://livetiming.formula1.com/static/2026/2026-07-05_British_Grand_Prix/2026-07-03_Practice_1/TeamRadio/LEC_16_20260703_132233.mp3,2026-07-26T20:09:34.181679Z
1289,11316,11,2026-07-03T12:31:40.048000+00:00,https://livetiming.formula1.com/static/2026/2026-07-05_British_Grand_Prix/2026-07-03_Practice_1/TeamRadio/PER_11_20260703_133115.mp3,2026-07-26T20:09:34.181679Z
1289,11317,12,2026-07-03T15:33:41.985000+00:00,https://livetiming.formula1.com/static/2026/2026-07-05_British_Grand_Prix/2026-07-03_Sprint_Qualifying/TeamRadio/ANT_12_20260703_163320.mp3,2026-07-26T20:10:19.529984Z
1289,11317,87,2026-07-03T15:44:21.228000+00:00,https://livetiming.formula1.com/static/2026/2026-07-05_British_Grand_Prix/2026-07-03_Sprint_Qualifying/TeamRadio/BEA_87_20260703_164351.mp3,2026-07-26T20:10:19.529984Z
1289,11317,31,2026-07-03T15:45:53.636000+00:00,https://livetiming.formula1.com/static/2026/2026-07-05_British_Grand_Prix/2026-07-03_Sprint_Qualifying/TeamRadio/OCO_31_20260703_164536.mp3,2026-07-26T20:10:19.529984Z
1289,11317,30,2026-07-03T15:58:35.602000+00:00,https://livetiming.formula1.com/static/2026/2026-07-05_British_Grand_Prix/2026-07-03_Sprint_Qualifying/TeamRadio/LAW_30_20260703_165816.mp3,2026-07-26T20:10:19.529984Z
1289,11317,41,2026-07-03T16:03:07.295000+00:00,https://livetiming.formula1.com/static/2026/2026-07-05_British_Grand_Prix/2026-07-03_Sprint_Qualifying/TeamRadio/LIN_41_20260703_170227.mp3,2026-07-26T20:10:19.529984Z
1289,11317,12,2026-07-03T16:17:38.171000+00:00,https://livetiming.formula1.com/static/2026/2026-07-05_British_Grand_Prix/2026-07-03_Sprint_Qualifying/TeamRadio/ANT_12_20260703_171733.mp3,2026-07-26T20:10:19.529984Z
1289,11317,16,2026-07-03T16:18:52.672000+00:00,https://livetiming.formula1.com/static/2026/2026-07-05_British_Grand_Prix/2026-07-03_Sprint_Qualifying/TeamRadio/LEC_16_20260703_171843.mp3,2026-07-26T20:10:19.529984Z
1289,11321,18,2026-07-04T10:23:02.095000+00:00,https://livetiming.formula1.com/static/2026/2026-07-05_British_Grand_Prix/2026-07-04_Sprint/TeamRadio/STR_18_20260704_112233.mp3,2026-07-26T20:10:59.282408Z
1289,11321,10,2026-07-04T11:23:37.038000+00:00,https://livetiming.formula1.com/static/2026/2026-07-05_British_Grand_Prix/2026-07-04_Sprint/TeamRadio/GAS_10_20260704_122316.mp3,2026-07-26T20:10:59.282408Z
1289,11321,1,2026-07-04T11:32:13.535000+00:00,https://livetiming.formula1.com/static/2026/2026-07-05_British_Grand_Prix/2026-07-04_Sprint/TeamRadio/NOR_1_20260704_123144.mp3,2026-07-26T20:10:59.282408Z
1289,11321,3,2026-07-04T11:34:45.406000+00:00,https://livetiming.formula1.com/static/2026/2026-07-05_British_Grand_Prix/2026-07-04_Sprint/TeamRadio/VER_3_20260704_123417.mp3,2026-07-26T20:10:59.282408Z
1289,11322,55,2026-07-04T14:57:05.227000+00:00,https://livetiming.formula1.com/static/2026/2026-07-05_British_Grand_Prix/2026-07-04_Qualifying/TeamRadio/SAI_55_20260704_155655.mp3,2026-07-26T20:11:31.039862Z
1289,11322,63,2026-07-04T15:12:49.859000+00:00,https://livetiming.formula1.com/static/2026/2026-07-05_British_Grand_Prix/2026-07-04_Qualifying/TeamRadio/RUS_63_20260704_161231.mp3,2026-07-26T20:11:31.039862Z
1289,11322,63,2026-07-04T15:13:20.578000+00:00,https://livetiming.formula1.com/static/2026/2026-07-05_British_Grand_Prix/2026-07-04_Qualifying/TeamRadio/RUS_63_20260704_161254.mp3,2026-07-26T20:11:31.039862Z
1289,11322,31,2026-07-04T15:21:59.105000+00:00,https://livetiming.formula1.com/static/2026/2026-07-05_British_Grand_Prix/2026-07-04_Qualifying/TeamRadio/OCO_31_20260704_162130.mp3,2026-07-26T20:11:31.039862Z
1289,11322,31,2026-07-04T15:22:29.174000+00:00,https://livetiming.formula1.com/static/2026/2026-07-05_British_Grand_Prix/2026-07-04_Qualifying/TeamRadio/OCO_31_20260704_162140.mp3,2026-07-26T20:11:31.039862Z
1289,11322,27,2026-07-04T15:23:30.154000+00:00,https://livetiming.formula1.com/static/2026/2026-07-05_British_Grand_Prix/2026-07-04_Qualifying/TeamRadio/HUL_27_20260704_162255.mp3,2026-07-26T20:11:31.039862Z
1289,11322,5,2026-07-04T15:50:23.813000+00:00,https://livetiming.formula1.com/static/2026/2026-07-05_British_Grand_Prix/2026-07-04_Qualifying/TeamRadio/BOR_5_20260704_164943.mp3,2026-07-26T20:11:31.039862Z
1289,11322,87,2026-07-04T15:53:55.815000+00:00,https://livetiming.formula1.com/static/2026/2026-07-05_British_Grand_Prix/2026-07-04_Qualifying/TeamRadio/BEA_87_20260704_165319.mp3,2026-07-26T20:11:31.039862Z
1289,11322,81,2026-07-04T16:08:08.262000+00:00,https://livetiming.formula1.com/static/2026/2026-07-05_British_Grand_Prix/2026-07-04_Qualifying/TeamRadio/PIA_81_20260704_170734.mp3,2026-07-26T20:11:31.039862Z
1289,11322,16,2026-07-04T16:11:42.421000+00:00,https://livetiming.formula1.com/static/2026/2026-07-05_British_Grand_Prix/2026-07-04_Qualifying/TeamRadio/LEC_16_20260704_171117.mp3,2026-07-26T20:11:31.039862Z
1289,11322,16,2026-07-04T16:11:56.140000+00:00,https://livetiming.formula1.com/static/2026/2026-07-05_British_Grand_Prix/2026-07-04_Qualifying/TeamRadio/LEC_16_20260704_171143.mp3,2026-07-26T20:11:31.039862Z
1289,11322,30,2026-07-04T16:11:56.140000+00:00,https://livetiming.formula1.com/static/2026/2026-07-05_British_Grand_Prix/2026-07-04_Qualifying/TeamRadio/LAW_30_20260704_171232.mp3,2026-07-26T20:11:31.039862Z
1289,11326,3,2026-07-05T14:01:01.329000+00:00,https://livetiming.formula1.com/static/2026/2026-07-05_British_Grand_Prix/2026-07-05_Race/TeamRadio/VER_3_20260705_150051.mp3,2026-07-26T20:11:54.786001Z
1289,11326,44,2026-07-05T14:40:34.811000+00:00,https://livetiming.formula1.com/static/2026/2026-07-05_British_Grand_Prix/2026-07-05_Race/TeamRadio/HAM_44_20260705_154016.mp3,2026-07-26T20:11:54.786001Z
1289,11326,44,2026-07-05T14:45:10.561000+00:00,https://livetiming.formula1.com/static/2026/2026-07-05_British_Grand_Prix/2026-07-05_Race/TeamRadio/HAM_44_20260705_154456.mp3,2026-07-26T20:11:54.786001Z
1289,11326,63,2026-07-05T14:56:18.459000+00:00,https://livetiming.formula1.com/static/2026/2026-07-05_British_Grand_Prix/2026-07-05_Race/TeamRadio/RUS_63_20260705_155542.mp3,2026-07-26T20:11:54.786001Z
1289,11326,63,2026-07-05T14:59:22.607000+00:00,https://livetiming.formula1.com/static/2026/2026-07-05_British_Grand_Prix/2026-07-05_Race/TeamRadio/RUS_63_20260705_155847.mp3,2026-07-26T20:11:54.786001Z
1289,11326,23,2026-07-05T15:02:54.465000+00:00,https://livetiming.formula1.com/static/2026/2026-07-05_British_Grand_Prix/2026-07-05_Race/TeamRadio/ALB_23_20260705_160209.mp3,2026-07-26T20:11:54.786001Z
1289,11326,12,2026-07-05T15:08:59.705000+00:00,https://livetiming.formula1.com/static/2026/2026-07-05_British_Grand_Prix/2026-07-05_Race/TeamRadio/ANT_12_20260705_160837.mp3,2026-07-26T20:11:54.786001Z
1289,11326,12,2026-07-05T15:10:31.151000+00:00,https://livetiming.formula1.com/static/2026/2026-07-05_British_Grand_Prix/2026-07-05_Race/TeamRadio/ANT_12_20260705_161020.mp3,2026-07-26T20:11:54.786001Z
1289,11326,12,2026-07-05T15:11:01.873000+00:00,https://livetiming.formula1.com/static/2026/2026-07-05_British_Grand_Prix/2026-07-05_Race/TeamRadio/ANT_12_20260705_161048.mp3,2026-07-26T20:11:54.786001Z
1289,11326,12,2026-07-05T15:13:04.598000+00:00,https://livetiming.formula1.com/static/2026/2026-07-05_British_Grand_Prix/2026-07-05_Race/TeamRadio/ANT_12_20260705_161231.mp3,2026-07-26T20:11:54.786001Z
1289,11326,12,2026-07-05T15:15:05.691000+00:00,https://livetiming.formula1.com/static/2026/2026-07-05_British_Grand_Prix/2026-07-05_Race/TeamRadio/ANT_12_20260705_161440.mp3,2026-07-26T20:11:54.786001Z
1289,11326,12,2026-07-05T15:16:07.011000+00:00,https://livetiming.formula1.com/static/2026/2026-07-05_British_Grand_Prix/2026-07-05_Race/TeamRadio/ANT_12_20260705_161533.mp3,2026-07-26T20:11:54.786001Z
1289,11326,12,2026-07-05T15:18:10.350000+00:00,https://livetiming.formula1.com/static/2026/2026-07-05_British_Grand_Prix/2026-07-05_Race/TeamRadio/ANT_12_20260705_161752.mp3,2026-07-26T20:11:54.786001Z
1289,11326,12,2026-07-05T15:22:43.191000+00:00,https://livetiming.formula1.com/static/2026/2026-07-05_British_Grand_Prix/2026-07-05_Race/TeamRadio/ANT_12_20260705_162224.mp3,2026-07-26T20:11:54.786001Z
1289,11326,12,2026-07-05T15:24:16.187000+00:00,https://livetiming.formula1.com/static/2026/2026-07-05_British_Grand_Prix/2026-07-05_Race/TeamRadio/ANT_12_20260705_162333.mp3,2026-07-26T20:11:54.786001Z
1289,11326,63,2026-07-05T15:33:22.733000+00:00,https://livetiming.formula1.com/static/2026/2026-07-05_British_Grand_Prix/2026-07-05_Race/TeamRadio/RUS_63_20260705_163250.mp3,2026-07-26T20:11:54.786001Z
1289,11326,1,2026-07-05T15:37:28.033000+00:00,https://livetiming.formula1.com/static/2026/2026-07-05_British_Grand_Prix/2026-07-05_Race/TeamRadio/NOR_1_20260705_163702.mp3,2026-07-26T20:11:54.786001Z
1289,11326,6,2026-07-05T15:40:29.372000+00:00,https://livetiming.formula1.com/static/2026/2026-07-05_British_Grand_Prix/2026-07-05_Race/TeamRadio/HAD_6_20260705_163932.mp3,2026-07-26T20:11:54.786001Z
1289,11326,41,2026-07-05T15:42:01.391000+00:00,https://livetiming.formula1.com/static/2026/2026-07-05_British_Grand_Prix/2026-07-05_Race/TeamRadio/LIN_41_20260705_164102.mp3,2026-07-26T20:11:54.786001Z
1289,11326,43,2026-07-05T15:43:33.860000+00:00,https://livetiming.formula1.com/static/2026/2026-07-05_British_Grand_Prix/2026-07-05_Race/TeamRadio/COL_43_20260705_164254.mp3,2026-07-26T20:11:54.786001Z
1290,11327,63,2026-07-17T11:19:26.015000+00:00,https://livetiming.formula1.com/static/2026/2026-07-19_Belgian_Grand_Prix/2026-07-17_Practice_1/TeamRadio/RUS_63_20260717_131859.mp3,2026-07-26T20:12:13.065065Z
1290,11327,81,2026-07-17T11:19:26.015000+00:00,https://livetiming.formula1.com/static/2026/2026-07-19_Belgian_Grand_Prix/2026-07-17_Practice_1/TeamRadio/PIA_81_20260717_131900.mp3,2026-07-26T20:12:13.065065Z
1290,11327,81,2026-07-17T11:19:26.154000+00:00,https://livetiming.formula1.com/static/2026/2026-07-19_Belgian_Grand_Prix/2026-07-17_Practice_1/TeamRadio/PIA_81_20260717_131909.mp3,2026-07-26T20:12:13.065065Z
1290,11327,12,2026-07-17T11:48:51.530000+00:00,https://livetiming.formula1.com/static/2026/2026-07-19_Belgian_Grand_Prix/2026-07-17_Practice_1/TeamRadio/ANT_12_20260717_134817.mp3,2026-07-26T20:12:13.065065Z
1290,11328,3,2026-07-17T15:12:34.028000+00:00,https://livetiming.formula1.com/static/2026/2026-07-19_Belgian_Grand_Prix/2026-07-17_Practice_2/TeamRadio/VER_3_20260717_171223.mp3,2026-07-26T20:12:36.791576Z
1290,11328,1,2026-07-17T15:28:48.457000+00:00,https://livetiming.formula1.com/static/2026/2026-07-19_Belgian_Grand_Prix/2026-07-17_Practice_2/TeamRadio/NOR_1_20260717_172831.mp3,2026-07-26T20:12:36.791576Z
1290,11328,63,2026-07-17T15:32:50.692000+00:00,https://livetiming.formula1.com/static/2026/2026-07-19_Belgian_Grand_Prix/2026-07-17_Practice_2/TeamRadio/RUS_63_20260717_173211.mp3,2026-07-26T20:12:36.791576Z
1290,11328,10,2026-07-17T15:46:32.764000+00:00,https://livetiming.formula1.com/static/2026/2026-07-19_Belgian_Grand_Prix/2026-07-17_Practice_2/TeamRadio/GAS_10_20260717_174611.mp3,2026-07-26T20:12:36.791576Z
1290,11329,16,2026-07-18T10:22:32.065000+00:00,https://livetiming.formula1.com/static/2026/2026-07-19_Belgian_Grand_Prix/2026-07-18_Practice_3/TeamRadio/LEC_16_20260718_122203.mp3,2026-07-26T20:13:05.792409Z
1290,11329,11,2026-07-18T10:35:44.393000+00:00,https://livetiming.formula1.com/static/2026/2026-07-19_Belgian_Grand_Prix/2026-07-18_Practice_3/TeamRadio/PER_11_20260718_123513.mp3,2026-07-26T20:13:05.792409Z
1290,11329,6,2026-07-18T10:54:29.225000+00:00,https://livetiming.formula1.com/static/2026/2026-07-19_Belgian_Grand_Prix/2026-07-18_Practice_3/TeamRadio/HAD_6_20260718_125403.mp3,2026-07-26T20:13:05.792409Z
1290,11329,30,2026-07-18T11:06:09.748000+00:00,https://livetiming.formula1.com/static/2026/2026-07-19_Belgian_Grand_Prix/2026-07-18_Practice_3/TeamRadio/LAW_30_20260718_130549.mp3,2026-07-26T20:13:05.792409Z
1290,11329,6,2026-07-18T11:09:42.759000+00:00,https://livetiming.formula1.com/static/2026/2026-07-19_Belgian_Grand_Prix/2026-07-18_Practice_3/TeamRadio/HAD_6_20260718_130916.mp3,2026-07-26T20:13:05.792409Z
1290,11329,6,2026-07-18T11:13:16.091000+00:00,https://livetiming.formula1.com/static/2026/2026-07-19_Belgian_Grand_Prix/2026-07-18_Practice_3/TeamRadio/HAD_6_20260718_131236.mp3,2026-07-26T20:13:05.792409Z
1290,11329,23,2026-07-18T11:20:52.735000+00:00,https://livetiming.formula1.com/static/2026/2026-07-19_Belgian_Grand_Prix/2026-07-18_Practice_3/TeamRadio/ALB_23_20260718_132025.mp3,2026-07-26T20:13:05.792409Z
1290,11329,44,2026-07-18T11:31:01.484000+00:00,https://livetiming.formula1.com/static/2026/2026-07-19_Belgian_Grand_Prix/2026-07-18_Practice_3/TeamRadio/HAM_44_20260718_133030.mp3,2026-07-26T20:13:05.792409Z
1290,11329,55,2026-07-18T11:37:06.938000+00:00,https://livetiming.formula1.com/static/2026/2026-07-19_Belgian_Grand_Prix/2026-07-18_Practice_3/TeamRadio/SAI_55_20260718_133654.mp3,2026-07-26T20:13:05.792409Z
1290,11329,3,2026-07-18T11:37:37.583000+00:00,https://livetiming.formula1.com/static/2026/2026-07-19_Belgian_Grand_Prix/2026-07-18_Practice_3/TeamRadio/VER_3_20260718_133708.mp3,2026-07-26T20:13:05.792409Z
1290,11330,12,2026-07-18T15:11:27.190000+00:00,https://livetiming.formula1.com/static/2026/2026-07-19_Belgian_Grand_Prix/2026-07-18_Qualifying/TeamRadio/ANT_12_20260718_171053.mp3,2026-07-26T20:13:24.476960Z
1290,11330,3,2026-07-18T15:12:27.342000+00:00,https://livetiming.formula1.com/static/2026/2026-07-19_Belgian_Grand_Prix/2026-07-18_Qualifying/TeamRadio/VER_3_20260718_171140.mp3,2026-07-26T20:13:24.476960Z
1290,11330,5,2026-07-18T15:16:24.251000+00:00,https://livetiming.formula1.com/static/2026/2026-07-19_Belgian_Grand_Prix/2026-07-18_Qualifying/TeamRadio/BOR_5_20260718_171633.mp3,2026-07-26T20:13:24.476960Z
1290,11330,41,2026-07-18T15:17:15.549000+00:00,https://livetiming.formula1.com/static/2026/2026-07-19_Belgian_Grand_Prix/2026-07-18_Qualifying/TeamRadio/LIN_41_20260718_171709.mp3,2026-07-26T20:13:24.476960Z
1290,11330,3,2026-07-18T15:18:46.574000+00:00,https://livetiming.formula1.com/static/2026/2026-07-19_Belgian_Grand_Prix/2026-07-18_Qualifying/TeamRadio/VER_3_20260718_172101.mp3,2026-07-26T20:13:24.476960Z
1290,11334,31,2026-07-19T12:54:09.219000+00:00,https://livetiming.formula1.com/static/2026/2026-07-19_Belgian_Grand_Prix/2026-07-19_Race/TeamRadio/OCO_31_20260719_145336.mp3,2026-07-26T20:13:46.627981Z
1290,11334,55,2026-07-19T12:55:40.626000+00:00,https://livetiming.formula1.com/static/2026/2026-07-19_Belgian_Grand_Prix/2026-07-19_Race/TeamRadio/SAI_55_20260719_145529.mp3,2026-07-26T20:13:46.627981Z
1290,11334,44,2026-07-19T13:08:52.688000+00:00,https://livetiming.formula1.com/static/2026/2026-07-19_Belgian_Grand_Prix/2026-07-19_Race/TeamRadio/HAM_44_20260719_150827.mp3,2026-07-26T20:13:46.627981Z
1290,11334,81,2026-07-19T13:21:05.206000+00:00,https://livetiming.formula1.com/static/2026/2026-07-19_Belgian_Grand_Prix/2026-07-19_Race/TeamRadio/PIA_81_20260719_152048.mp3,2026-07-26T20:13:46.627981Z
1290,11334,27,2026-07-19T13:22:05.412000+00:00,https://livetiming.formula1.com/static/2026/2026-07-19_Belgian_Grand_Prix/2026-07-19_Race/TeamRadio/HUL_27_20260719_152201.mp3,2026-07-26T20:13:46.627981Z
1290,11334,27,2026-07-19T13:22:35.527000+00:00,https://livetiming.formula1.com/static/2026/2026-07-19_Belgian_Grand_Prix/2026-07-19_Race/TeamRadio/HUL_27_20260719_152208.mp3,2026-07-26T20:13:46.627981Z
1290,11334,44,2026-07-19T13:30:12.462000+00:00,https://livetiming.formula1.com/static/2026/2026-07-19_Belgian_Grand_Prix/2026-07-19_Race/TeamRadio/HAM_44_20260719_152954.mp3,2026-07-26T20:13:46.627981Z
1290,11334,12,2026-07-19T13:37:49.572000+00:00,https://livetiming.formula1.com/static/2026/2026-07-19_Belgian_Grand_Prix/2026-07-19_Race/TeamRadio/ANT_12_20260719_153716.mp3,2026-07-26T20:13:46.627981Z
1290,11334,44,2026-07-19T13:39:50.721000+00:00,https://livetiming.formula1.com/static/2026/2026-07-19_Belgian_Grand_Prix/2026-07-19_Race/TeamRadio/HAM_44_20260719_153914.mp3,2026-07-26T20:13:46.627981Z
1290,11334,44,2026-07-19T13:42:55.819000+00:00,https://livetiming.formula1.com/static/2026/2026-07-19_Belgian_Grand_Prix/2026-07-19_Race/TeamRadio/HAM_44_20260719_154223.mp3,2026-07-26T20:13:46.627981Z
1290,11334,44,2026-07-19T13:45:56.495000+00:00,https://livetiming.formula1.com/static/2026/2026-07-19_Belgian_Grand_Prix/2026-07-19_Race/TeamRadio/HAM_44_20260719_154537.mp3,2026-07-26T20:13:46.627981Z
1290,11334,44,2026-07-19T13:52:02.668000+00:00,https://livetiming.formula1.com/static/2026/2026-07-19_Belgian_Grand_Prix/2026-07-19_Race/TeamRadio/HAM_44_20260719_155123.mp3,2026-07-26T20:13:46.627981Z
1290,11334,1,2026-07-19T14:01:41.051000+00:00,https://livetiming.formula1.com/static/2026/2026-07-19_Belgian_Grand_Prix/2026-07-19_Race/TeamRadio/NOR_1_20260719_160127.mp3,2026-07-26T20:13:46.627981Z
1290,11334,16,2026-07-19T14:04:45.366000+00:00,https://livetiming.formula1.com/static/2026/2026-07-19_Belgian_Grand_Prix/2026-07-19_Race/TeamRadio/LEC_16_20260719_160412.mp3,2026-07-26T20:13:46.627981Z
1290,11334,12,2026-07-19T14:20:58.099000+00:00,https://livetiming.formula1.com/static/2026/2026-07-19_Belgian_Grand_Prix/2026-07-19_Race/TeamRadio/ANT_12_20260719_162042.mp3,2026-07-26T20:13:46.627981Z
1290,11334,81,2026-07-19T14:22:00.900000+00:00,https://livetiming.formula1.com/static/2026/2026-07-19_Belgian_Grand_Prix/2026-07-19_Race/TeamRadio/PIA_81_20260719_162145.mp3,2026-07-26T20:13:46.627981Z
1290,11334,12,2026-07-19T14:29:37.957000+00:00,https://livetiming.formula1.com/static/2026/2026-07-19_Belgian_Grand_Prix/2026-07-19_Race/TeamRadio/ANT_12_20260719_162911.mp3,2026-07-26T20:13:46.627981Z
1290,11334,16,2026-07-19T14:30:38.212000+00:00,https://livetiming.formula1.com/static/2026/2026-07-19_Belgian_Grand_Prix/2026-07-19_Race/TeamRadio/LEC_16_20260719_163006.mp3,2026-07-26T20:13:46.627981Z
1290,11334,3,2026-07-19T14:31:08.454000+00:00,https://livetiming.formula1.com/static/2026/2026-07-19_Belgian_Grand_Prix/2026-07-19_Race/TeamRadio/VER_3_20260719_163033.mp3,2026-07-26T20:13:46.627981Z
1290,11334,55,2026-07-19T14:32:09.424000+00:00,https://livetiming.formula1.com/static/2026/2026-07-19_Belgian_Grand_Prix/2026-07-19_Race/TeamRadio/SAI_55_20260719_163145.mp3,2026-07-26T20:13:46.627981Z
1290,11334,44,2026-07-19T14:32:09.604000+00:00,https://livetiming.formula1.com/static/2026/2026-07-19_Belgian_Grand_Prix/2026-07-19_Race/TeamRadio/HAM_44_20260719_163152.mp3,2026-07-26T20:13:46.627981Z
1290,11334,44,2026-07-19T14:32:40.246000+00:00,https://livetiming.formula1.com/static/2026/2026-07-19_Belgian_Grand_Prix/2026-07-19_Race/TeamRadio/HAM_44_20260719_163216.mp3,2026-07-26T20:13:46.627981Z
1290,11334,16,2026-07-19T14:32:40.449000+00:00,https://livetiming.formula1.com/static/2026/2026-07-19_Belgian_Grand_Prix/2026-07-19_Race/TeamRadio/LEC_16_20260719_163216.mp3,2026-07-26T20:13:46.627981Z
1290,11334,44,2026-07-19T14:32:40.449000+00:00,https://livetiming.formula1.com/static/2026/2026-07-19_Belgian_Grand_Prix/2026-07-19_Race/TeamRadio/HAM_44_20260719_163219.mp3,2026-07-26T20:13:46.627981Z
1290,11334,12,2026-07-19T14:33:43.766000+00:00,https://livetiming.formula1.com/static/2026/2026-07-19_Belgian_Grand_Prix/2026-07-19_Race/TeamRadio/ANT_12_20260719_163325.mp3,2026-07-26T20:13:46.627981Z
1290,11334,6,2026-07-19T14:34:05.928000+00:00,https://livetiming.formula1.com/static/2026/2026-07-19_Belgian_Grand_Prix/2026-07-19_Race/TeamRadio/HAD_6_20260719_163403.mp3,2026-07-26T20:13:46.627981Z
1290,11334,5,2026-07-19T14:34:05.928000+00:00,https://livetiming.formula1.com/static/2026/2026-07-19_Belgian_Grand_Prix/2026-07-19_Race/TeamRadio/BOR_5_20260719_163412.mp3,2026-07-26T20:13:46.627981Z
1290,11334,41,2026-07-19T14:34:05.928000+00:00,https://livetiming.formula1.com/static/2026/2026-07-19_Belgian_Grand_Prix/2026-07-19_Race/TeamRadio/LIN_41_20260719_163621.mp3,2026-07-26T20:13:46.627981Z
1290,11334,87,2026-07-19T14:34:05.928000+00:00,https://livetiming.formula1.com/static/2026/2026-07-19_Belgian_Grand_Prix/2026-07-19_Race/TeamRadio/BEA_87_20260719_163702.mp3,2026-07-26T20:13:46.627981Z
1291,11335,10,2026-07-24T11:25:35.092000+00:00,https://livetiming.formula1.com/static/2026/2026-07-26_Hungarian_Grand_Prix/2026-07-24_Practice_1/TeamRadio/GAS_10_20260724_132506.mp3,2026-07-26T20:14:14.450149Z
1291,11335,3,2026-07-24T11:36:45.382000+00:00,https://livetiming.formula1.com/static/2026/2026-07-26_Hungarian_Grand_Prix/2026-07-24_Practice_1/TeamRadio/VER_3_20260724_133616.mp3,2026-07-26T20:14:14.450149Z
1291,11335,5,2026-07-24T11:39:17.883000+00:00,https://livetiming.formula1.com/static/2026/2026-07-26_Hungarian_Grand_Prix/2026-07-24_Practice_1/TeamRadio/BOR_5_20260724_133845.mp3,2026-07-26T20:14:14.450149Z
1291,11335,3,2026-07-24T11:41:20.641000+00:00,https://livetiming.formula1.com/static/2026/2026-07-26_Hungarian_Grand_Prix/2026-07-24_Practice_1/TeamRadio/VER_3_20260724_134100.mp3,2026-07-26T20:14:14.450149Z
1291,11335,30,2026-07-24T11:44:53.386000+00:00,https://livetiming.formula1.com/static/2026/2026-07-26_Hungarian_Grand_Prix/2026-07-24_Practice_1/TeamRadio/LAW_30_20260724_134428.mp3,2026-07-26T20:14:14.450149Z
1291,11335,44,2026-07-24T11:51:59.645000+00:00,https://livetiming.formula1.com/static/2026/2026-07-26_Hungarian_Grand_Prix/2026-07-24_Practice_1/TeamRadio/HAM_44_20260724_135123.mp3,2026-07-26T20:14:14.450149Z
1291,11335,67,2026-07-24T12:02:09.078000+00:00,https://livetiming.formula1.com/static/2026/2026-07-26_Hungarian_Grand_Prix/2026-07-24_Practice_1/TeamRadio/FOR_67_20260724_140146.mp3,2026-07-26T20:14:14.450149Z
1291,11335,3,2026-07-24T12:04:10.651000+00:00,https://livetiming.formula1.com/static/2026/2026-07-26_Hungarian_Grand_Prix/2026-07-24_Practice_1/TeamRadio/VER_3_20260724_140344.mp3,2026-07-26T20:14:14.450149Z
1291,11335,44,2026-07-24T12:09:45.465000+00:00,https://livetiming.formula1.com/static/2026/2026-07-26_Hungarian_Grand_Prix/2026-07-24_Practice_1/TeamRadio/HAM_44_20260724_140939.mp3,2026-07-26T20:14:14.450149Z
1291,11335,44,2026-07-24T12:10:15.690000+00:00,https://livetiming.formula1.com/static/2026/2026-07-26_Hungarian_Grand_Prix/2026-07-24_Practice_1/TeamRadio/HAM_44_20260724_141006.mp3,2026-07-26T20:14:14.450149Z
1291,11335,44,2026-07-24T12:10:46.446000+00:00,https://livetiming.formula1.com/static/2026/2026-07-26_Hungarian_Grand_Prix/2026-07-24_Practice_1/TeamRadio/HAM_44_20260724_141008.mp3,2026-07-26T20:14:14.450149Z
1291,11335,16,2026-07-24T12:22:27.657000+00:00,https://livetiming.formula1.com/static/2026/2026-07-26_Hungarian_Grand_Prix/2026-07-24_Practice_1/TeamRadio/LEC_16_20260724_142207.mp3,2026-07-26T20:14:14.450149Z
1291,11335,67,2026-07-24T12:35:39.980000+00:00,https://livetiming.formula1.com/static/2026/2026-07-26_Hungarian_Grand_Prix/2026-07-24_Practice_1/TeamRadio/FOR_67_20260724_143523.mp3,2026-07-26T20:14:14.450149Z
1291,11335,50,2026-07-24T12:36:10.068000+00:00,https://livetiming.formula1.com/static/2026/2026-07-26_Hungarian_Grand_Prix/2026-07-24_Practice_1/TeamRadio/HIR_50_20260724_143541.mp3,2026-07-26T20:14:14.450149Z
1291,11335,72,2026-07-24T12:37:32.697000+00:00,https://livetiming.formula1.com/static/2026/2026-07-26_Hungarian_Grand_Prix/2026-07-24_Practice_1/TeamRadio/VES_72_20260724_143701.mp3,2026-07-26T20:14:14.450149Z
1291,11336,11,2026-07-24T14:55:50.617000+00:00,https://livetiming.formula1.com/static/2026/2026-07-26_Hungarian_Grand_Prix/2026-07-24_Practice_2/TeamRadio/PER_11_20260724_165532.mp3,2026-07-26T20:14:35.039975Z
1291,11336,10,2026-07-24T15:05:59.593000+00:00,https://livetiming.formula1.com/static/2026/2026-07-26_Hungarian_Grand_Prix/2026-07-24_Practice_2/TeamRadio/GAS_10_20260724_170511.mp3,2026-07-26T20:14:35.039975Z
1291,11336,63,2026-07-24T15:08:02.975000+00:00,https://livetiming.formula1.com/static/2026/2026-07-26_Hungarian_Grand_Prix/2026-07-24_Practice_2/TeamRadio/RUS_63_20260724_170745.mp3,2026-07-26T20:14:35.039975Z
1291,11336,12,2026-07-24T15:10:34.206000+00:00,https://livetiming.formula1.com/static/2026/2026-07-26_Hungarian_Grand_Prix/2026-07-24_Practice_2/TeamRadio/ANT_12_20260724_170957.mp3,2026-07-26T20:14:35.039975Z
1291,11336,6,2026-07-24T15:27:19.549000+00:00,https://livetiming.formula1.com/static/2026/2026-07-26_Hungarian_Grand_Prix/2026-07-24_Practice_2/TeamRadio/HAD_6_20260724_172657.mp3,2026-07-26T20:14:35.039975Z
1291,11336,12,2026-07-24T15:38:29.920000+00:00,https://livetiming.formula1.com/static/2026/2026-07-26_Hungarian_Grand_Prix/2026-07-24_Practice_2/TeamRadio/ANT_12_20260724_173756.mp3,2026-07-26T20:14:35.039975Z
1291,11336,41,2026-07-24T15:50:40.127000+00:00,https://livetiming.formula1.com/static/2026/2026-07-26_Hungarian_Grand_Prix/2026-07-24_Practice_2/TeamRadio/LIN_41_20260724_175028.mp3,2026-07-26T20:14:35.039975Z
1291,11337,63,2026-07-25T10:26:40.693000+00:00,https://livetiming.formula1.com/static/2026/2026-07-26_Hungarian_Grand_Prix/2026-07-25_Practice_3/TeamRadio/RUS_63_20260725_122617.mp3,2026-07-26T20:14:51.484892Z
1291,11337,77,2026-07-25T10:43:25.081000+00:00,https://livetiming.formula1.com/static/2026/2026-07-26_Hungarian_Grand_Prix/2026-07-25_Practice_3/TeamRadio/BOT_77_20260725_124254.mp3,2026-07-26T20:14:51.484892Z
1291,11337,77,2026-07-25T10:48:00.678000+00:00,https://livetiming.formula1.com/static/2026/2026-07-26_Hungarian_Grand_Prix/2026-07-25_Practice_3/TeamRadio/BOT_77_20260725_124737.mp3,2026-07-26T20:14:51.484892Z
1291,11337,11,2026-07-25T10:52:03.517000+00:00,https://livetiming.formula1.com/static/2026/2026-07-26_Hungarian_Grand_Prix/2026-07-25_Practice_3/TeamRadio/PER_11_20260725_125126.mp3,2026-07-26T20:14:51.484892Z
1291,11337,6,2026-07-25T11:03:44.054000+00:00,https://livetiming.formula1.com/static/2026/2026-07-26_Hungarian_Grand_Prix/2026-07-25_Practice_3/TeamRadio/HAD_6_20260725_130333.mp3,2026-07-26T20:14:51.484892Z
1291,11337,6,2026-07-25T11:21:58.639000+00:00,https://livetiming.formula1.com/static/2026/2026-07-26_Hungarian_Grand_Prix/2026-07-25_Practice_3/TeamRadio/HAD_6_20260725_132131.mp3,2026-07-26T20:14:51.484892Z
1291,11337,55,2026-07-25T11:32:07.343000+00:00,https://livetiming.formula1.com/static/2026/2026-07-26_Hungarian_Grand_Prix/2026-07-25_Practice_3/TeamRadio/SAI_55_20260725_133152.mp3,2026-07-26T20:14:51.484892Z
1291,11338,43,2026-07-25T13:55:27.208000+00:00,https://livetiming.formula1.com/static/2026/2026-07-26_Hungarian_Grand_Prix/2026-07-25_Qualifying/TeamRadio/COL_43_20260725_155521.mp3,2026-07-26T20:15:18.260005Z
1291,11338,23,2026-07-25T14:05:04.733000+00:00,https://livetiming.formula1.com/static/2026/2026-07-26_Hungarian_Grand_Prix/2026-07-25_Qualifying/TeamRadio/ALB_23_20260725_160444.mp3,2026-07-26T20:15:18.260005Z
1291,11338,14,2026-07-25T14:19:17+00:00,https://livetiming.formula1.com/static/2026/2026-07-26_Hungarian_Grand_Prix/2026-07-25_Qualifying/TeamRadio/ALO_14_20260725_161846.mp3,2026-07-26T20:15:18.260005Z
1291,11338,23,2026-07-25T14:19:47.786000+00:00,https://livetiming.formula1.com/static/2026/2026-07-26_Hungarian_Grand_Prix/2026-07-25_Qualifying/TeamRadio/ALB_23_20260725_161929.mp3,2026-07-26T20:15:18.260005Z
1291,11338,55,2026-07-25T14:20:18.453000+00:00,https://livetiming.formula1.com/static/2026/2026-07-26_Hungarian_Grand_Prix/2026-07-25_Qualifying/TeamRadio/SAI_55_20260725_161955.mp3,2026-07-26T20:15:18.260005Z
1291,11338,12,2026-07-25T14:32:59.624000+00:00,https://livetiming.formula1.com/static/2026/2026-07-26_Hungarian_Grand_Prix/2026-07-25_Qualifying/TeamRadio/ANT_12_20260725_163217.mp3,2026-07-26T20:15:18.260005Z
1291,11338,6,2026-07-25T14:33:00.115000+00:00,https://livetiming.formula1.com/static/2026/2026-07-26_Hungarian_Grand_Prix/2026-07-25_Qualifying/TeamRadio/HAD_6_20260725_163239.mp3,2026-07-26T20:15:18.260005Z
1291,11338,44,2026-07-25T14:34:31.425000+00:00,https://livetiming.formula1.com/static/2026/2026-07-26_Hungarian_Grand_Prix/2026-07-25_Qualifying/TeamRadio/HAM_44_20260725_163405.mp3,2026-07-26T20:15:18.260005Z
1291,11338,30,2026-07-25T14:40:36.875000+00:00,https://livetiming.formula1.com/static/2026/2026-07-26_Hungarian_Grand_Prix/2026-07-25_Qualifying/TeamRadio/LAW_30_20260725_164017.mp3,2026-07-26T20:15:18.260005Z
1291,11338,31,2026-07-25T14:41:38.002000+00:00,https://livetiming.formula1.com/static/2026/2026-07-26_Hungarian_Grand_Prix/2026-07-25_Qualifying/TeamRadio/OCO_31_20260725_164119.mp3,2026-07-26T20:15:18.260005Z
1291,11338,41,2026-07-25T14:42:10.414000+00:00,https://livetiming.formula1.com/static/2026/2026-07-26_Hungarian_Grand_Prix/2026-07-25_Qualifying/TeamRadio/LIN_41_20260725_164152.mp3,2026-07-26T20:15:18.260005Z
1291,11338,10,2026-07-25T14:42:40.506000+00:00,https://livetiming.formula1.com/static/2026/2026-07-26_Hungarian_Grand_Prix/2026-07-25_Qualifying/TeamRadio/GAS_10_20260725_164210.mp3,2026-07-26T20:15:18.260005Z
1291,11338,1,2026-07-25T15:02:56.068000+00:00,https://livetiming.formula1.com/static/2026/2026-07-26_Hungarian_Grand_Prix/2026-07-25_Qualifying/TeamRadio/NOR_1_20260725_170219.mp3,2026-07-26T20:15:18.260005Z
1291,11338,81,2026-07-25T15:09:42.958000+00:00,https://livetiming.formula1.com/static/2026/2026-07-26_Hungarian_Grand_Prix/2026-07-25_Qualifying/TeamRadio/PIA_81_20260725_171144.mp3,2026-07-26T20:15:18.260005Z
1291,11338,3,2026-07-25T15:09:42.958000+00:00,https://livetiming.formula1.com/static/2026/2026-07-26_Hungarian_Grand_Prix/2026-07-25_Qualifying/TeamRadio/VER_3_20260725_171229.mp3,2026-07-26T20:15:18.260005Z
1291,11338,44,2026-07-25T15:09:42.958000+00:00,https://livetiming.formula1.com/static/2026/2026-07-26_Hungarian_Grand_Prix/2026-07-25_Qualifying/TeamRadio/HAM_44_20260725_171239.mp3,2026-07-26T20:15:18.260005Z
1291,11338,63,2026-07-25T15:09:42.958000+00:00,https://livetiming.formula1.com/static/2026/2026-07-26_Hungarian_Grand_Prix/2026-07-25_Qualifying/TeamRadio/RUS_63_20260725_171310.mp3,2026-07-26T20:15:18.260005Z
1291,11342,87,2026-07-26T12:53:19.413000+00:00,https://livetiming.formula1.com/static/2026/2026-07-26_Hungarian_Grand_Prix/2026-07-26_Race/TeamRadio/BEA_87_20260726_145310.mp3,2026-07-26T20:15:49.695714Z
1291,11342,81,2026-07-26T12:53:19.413000+00:00,https://livetiming.formula1.com/static/2026/2026-07-26_Hungarian_Grand_Prix/2026-07-26_Race/TeamRadio/PIA_81_20260726_145312.mp3,2026-07-26T20:15:49.695714Z
1291,11342,63,2026-07-26T13:05:31.014000+00:00,https://livetiming.formula1.com/static/2026/2026-07-26_Hungarian_Grand_Prix/2026-07-26_Race/TeamRadio/RUS_63_20260726_150501.mp3,2026-07-26T20:15:49.695714Z
1291,11342,3,2026-07-26T13:12:07.090000+00:00,https://livetiming.formula1.com/static/2026/2026-07-26_Hungarian_Grand_Prix/2026-07-26_Race/TeamRadio/VER_3_20260726_151141.mp3,2026-07-26T20:15:49.695714Z
1291,11342,1,2026-07-26T13:17:11.055000+00:00,https://livetiming.formula1.com/static/2026/2026-07-26_Hungarian_Grand_Prix/2026-07-26_Race/TeamRadio/NOR_1_20260726_151629.mp3,2026-07-26T20:15:49.695714Z
1291,11342,81,2026-07-26T13:18:13.281000+00:00,https://livetiming.formula1.com/static/2026/2026-07-26_Hungarian_Grand_Prix/2026-07-26_Race/TeamRadio/PIA_81_20260726_151736.mp3,2026-07-26T20:15:49.695714Z
1291,11342,3,2026-07-26T13:18:43.355000+00:00,https://livetiming.formula1.com/static/2026/2026-07-26_Hungarian_Grand_Prix/2026-07-26_Race/TeamRadio/VER_3_20260726_151824.mp3,2026-07-26T20:15:49.695714Z
1291,11342,44,2026-07-26T13:19:13.874000+00:00,https://livetiming.formula1.com/static/2026/2026-07-26_Hungarian_Grand_Prix/2026-07-26_Race/TeamRadio/HAM_44_20260726_151851.mp3,2026-07-26T20:15:49.695714Z
1291,11342,3,2026-07-26T13:27:21.132000+00:00,https://livetiming.formula1.com/static/2026/2026-07-26_Hungarian_Grand_Prix/2026-07-26_Race/TeamRadio/VER_3_20260726_152648.mp3,2026-07-26T20:15:49.695714Z
1291,11342,81,2026-07-26T13:40:02.618000+00:00,https://livetiming.formula1.com/static/2026/2026-07-26_Hungarian_Grand_Prix/2026-07-26_Race/TeamRadio/PIA_81_20260726_153950.mp3,2026-07-26T20:15:49.695714Z
1291,11342,16,2026-07-26T13:41:04.113000+00:00,https://livetiming.formula1.com/static/2026/2026-07-26_Hungarian_Grand_Prix/2026-07-26_Race/TeamRadio/LEC_16_20260726_154053.mp3,2026-07-26T20:15:49.695714Z
1291,11342,1,2026-07-26T13:45:38.374000+00:00,https://livetiming.formula1.com/static/2026/2026-07-26_Hungarian_Grand_Prix/2026-07-26_Race/TeamRadio/NOR_1_20260726_154526.mp3,2026-07-26T20:15:49.695714Z
1291,11342,1,2026-07-26T13:49:13.621000+00:00,https://livetiming.formula1.com/static/2026/2026-07-26_Hungarian_Grand_Prix/2026-07-26_Race/TeamRadio/NOR_1_20260726_154842.mp3,2026-07-26T20:15:49.695714Z
1291,11342,1,2026-07-26T13:50:13.785000+00:00,https://livetiming.formula1.com/static/2026/2026-07-26_Hungarian_Grand_Prix/2026-07-26_Race/TeamRadio/NOR_1_20260726_154941.mp3,2026-07-26T20:15:49.695714Z
1291,11342,1,2026-07-26T13:50:43.883000+00:00,https://livetiming.formula1.com/static/2026/2026-07-26_Hungarian_Grand_Prix/2026-07-26_Race/TeamRadio/NOR_1_20260726_155006.mp3,2026-07-26T20:15:49.695714Z
1291,11342,44,2026-07-26T13:53:46.817000+00:00,https://livetiming.formula1.com/static/2026/2026-07-26_Hungarian_Grand_Prix/2026-07-26_Race/TeamRadio/HAM_44_20260726_155318.mp3,2026-07-26T20:15:49.695714Z
1291,11342,81,2026-07-26T13:58:21.067000+00:00,https://livetiming.formula1.com/static/2026/2026-07-26_Hungarian_Grand_Prix/2026-07-26_Race/TeamRadio/PIA_81_20260726_155750.mp3,2026-07-26T20:15:49.695714Z
1291,11342,81,2026-07-26T13:58:51.627000+00:00,https://livetiming.formula1.com/static/2026/2026-07-26_Hungarian_Grand_Prix/2026-07-26_Race/TeamRadio/PIA_81_20260726_155835.mp3,2026-07-26T20:15:49.695714Z
1291,11342,81,2026-07-26T14:01:55.886000+00:00,https://livetiming.formula1.com/static/2026/2026-07-26_Hungarian_Grand_Prix/2026-07-26_Race/TeamRadio/PIA_81_20260726_160114.mp3,2026-07-26T20:15:49.695714Z
1291,11342,1,2026-07-26T14:04:27.342000+00:00,https://livetiming.formula1.com/static/2026/2026-07-26_Hungarian_Grand_Prix/2026-07-26_Race/TeamRadio/NOR_1_20260726_160406.mp3,2026-07-26T20:15:49.695714Z
1291,11342,12,2026-07-26T14:13:05.126000+00:00,https://livetiming.formula1.com/static/2026/2026-07-26_Hungarian_Grand_Prix/2026-07-26_Race/TeamRadio/ANT_12_20260726_161227.mp3,2026-07-26T20:15:49.695714Z
1291,11342,16,2026-07-26T14:14:38.140000+00:00,https://livetiming.formula1.com/static/2026/2026-07-26_Hungarian_Grand_Prix/2026-07-26_Race/TeamRadio/LEC_16_20260726_161356.mp3,2026-07-26T20:15:49.695714Z
1291,11342,3,2026-07-26T14:15:08.231000+00:00,https://livetiming.formula1.com/static/2026/2026-07-26_Hungarian_Grand_Prix/2026-07-26_Race/TeamRadio/VER_3_20260726_161437.mp3,2026-07-26T20:15:49.695714Z
1291,11342,12,2026-07-26T14:19:43.968000+00:00,https://livetiming.formula1.com/static/2026/2026-07-26_Hungarian_Grand_Prix/2026-07-26_Race/TeamRadio/ANT_12_20260726_161904.mp3,2026-07-26T20:15:49.695714Z
1291,11342,1,2026-07-26T14:20:14.054000+00:00,https://livetiming.formula1.com/static/2026/2026-07-26_Hungarian_Grand_Prix/2026-07-26_Race/TeamRadio/NOR_1_20260726_161945.mp3,2026-07-26T20:15:49.695714Z
1291,11342,12,2026-07-26T14:22:15.416000+00:00,https://livetiming.formula1.com/static/2026/2026-07-26_Hungarian_Grand_Prix/2026-07-26_Race/TeamRadio/ANT_12_20260726_162136.mp3,2026-07-26T20:15:49.695714Z
1291,11342,12,2026-07-26T14:25:50.055000+00:00,https://livetiming.formula1.com/static/2026/2026-07-26_Hungarian_Grand_Prix/2026-07-26_Race/TeamRadio/ANT_12_20260726_162520.mp3,2026-07-26T20:15:49.695714Z
1291,11342,1,2026-07-26T14:38:32.217000+00:00,https://livetiming.formula1.com/static/2026/2026-07-26_Hungarian_Grand_Prix/2026-07-26_Race/TeamRadio/NOR_1_20260726_163816.mp3,2026-07-26T20:15:49.695714Z
1291,11342,44,2026-07-26T14:40:32.676000+00:00,https://livetiming.formula1.com/static/2026/2026-07-26_Hungarian_Grand_Prix/2026-07-26_Race/TeamRadio/HAM_44_20260726_164018.mp3,2026-07-26T20:15:49.695714Z
1291,11342,1,2026-07-26T14:44:38.202000+00:00,https://livetiming.formula1.com/static/2026/2026-07-26_Hungarian_Grand_Prix/2026-07-26_Race/TeamRadio/NOR_1_20260726_164359.mp3,2026-07-26T20:15:49.695714Z
1291,11342,3,2026-07-26T14:45:38.412000+00:00,https://livetiming.formula1.com/static/2026/2026-07-26_Hungarian_Grand_Prix/2026-07-26_Race/TeamRadio/VER_3_20260726_164505.mp3,2026-07-26T20:15:49.695714Z
1291,11342,1,2026-07-26T14:46:18.522000+00:00,https://livetiming.formula1.com/static/2026/2026-07-26_Hungarian_Grand_Prix/2026-07-26_Race/TeamRadio/NOR_1_20260726_164736.mp3,2026-07-26T20:15:49.695714Z
1291,11342,43,2026-07-26T14:46:18.522000+00:00,https://livetiming.formula1.com/static/2026/2026-07-26_Hungarian_Grand_Prix/2026-07-26_Race/TeamRadio/COL_43_20260726_164802.mp3,2026-07-26T20:15:49.695714Z
1291,11342,31,2026-07-26T14:46:18.522000+00:00,https://livetiming.formula1.com/static/2026/2026-07-26_Hungarian_Grand_Prix/2026-07-26_Race/TeamRadio/OCO_31_20260726_164834.mp3,2026-07-26T20:15:49.695714Z
1291,11342,30,2026-07-26T14:46:18.522000+00:00,https://livetiming.formula1.com/static/2026/2026-07-26_Hungarian_Grand_Prix/2026-07-26_Race/TeamRadio/LAW_30_20260726_164928.mp3,2026-07-26T20:15:49.695714Z
1291,11342,12,2026-07-26T14:46:18.522000+00:00,https://livetiming.formula1.com/static/2026/2026-07-26_Hungarian_Grand_Prix/2026-07-26_Race/TeamRadio/ANT_12_20260726_165018.mp3,2026-07-26T20:15:49.695714Z
