date,session_key,pit_duration,meeting_key,driver_number,stop_duration,lane_duration,lap_number,source_closure_retrieved_utc
2026-03-08T04:17:09.480000+00:00,11234,27.7,1279,43,,27.7,9,2026-07-31T14:38:29.208386Z
2026-03-08T04:19:40.861000+00:00,11234,18.2,1279,1,,18.2,11,2026-07-31T14:38:29.208386Z
2026-03-08T04:19:45.997000+00:00,11234,18.5,1279,31,,18.5,11,2026-07-31T14:38:29.208386Z
2026-03-08T04:19:46.650000+00:00,11234,18.6,1279,10,,18.6,11,2026-07-31T14:38:29.208386Z
2026-03-08T04:19:56.659000+00:00,11234,19.8,1279,55,,19.8,11,2026-07-31T14:38:29.208386Z
2026-03-08T04:20:02.746000+00:00,11234,19.1,1279,30,,19.1,11,2026-07-31T14:38:29.208386Z
2026-03-08T04:20:48.545000+00:00,11234,25.895,1279,14,10.0,25.895,11,2026-07-31T14:38:29.208386Z
2026-03-08T04:20:37.821000+00:00,11234,36.686,1279,18,16.9,36.686,11,2026-07-31T14:38:29.208386Z
2026-03-08T04:21:15.981000+00:00,11234,17.794,1279,63,2.3,17.794,12,2026-07-31T14:38:29.208386Z
2026-03-08T04:22:00.272000+00:00,11234,20.985,1279,12,2.5,20.985,12,2026-07-31T14:38:29.208386Z
2026-03-08T04:22:01.303000+00:00,11234,18.118,1279,23,2.7,18.118,12,2026-07-31T14:38:29.208386Z
2026-03-08T04:23:57.952000+00:00,11234,30.387,1279,77,12.5,30.387,12,2026-07-31T14:38:29.208386Z
2026-03-08T04:31:07.099000+00:00,11234,18.506,1279,41,2.4,18.506,18,2026-07-31T14:38:29.208386Z
2026-03-08T04:31:12.593000+00:00,11234,19.07,1279,3,,19.07,18,2026-07-31T14:38:29.208386Z
2026-03-08T04:30:50.106000+00:00,11234,18.774,1279,87,3.3,18.774,18,2026-07-31T14:38:29.208386Z
2026-03-08T04:53:09.209000+00:00,11234,22.619,1279,5,5.2,22.619,18,2026-07-31T14:38:29.208386Z
2026-03-08T04:31:56.620000+00:00,11234,21.371,1279,11,5.5,21.371,18,2026-07-31T14:38:29.208386Z
2026-03-08T04:40:09.040000+00:00,11234,972.3,1279,14,,972.3,13,2026-07-31T14:38:29.208386Z
2026-03-08T04:40:48.354000+00:00,11234,17.6,1279,16,,17.6,25,2026-07-31T14:38:29.208386Z
2026-03-08T04:40:49.682000+00:00,11234,17.664,1279,16,2.2,17.664,18,2026-07-31T14:38:29.208386Z
2026-03-08T04:44:26.700000+00:00,11234,33.1,1279,18,,33.1,26,2026-07-31T14:38:29.208386Z
2026-03-08T04:44:40.626000+00:00,11234,33.182,1279,18,16.4,33.182,18,2026-07-31T14:38:29.208386Z
2026-03-08T04:45:03.940000+00:00,11234,17.7,1279,44,,17.7,28,2026-07-31T14:38:29.208386Z
2026-03-08T04:45:19.036000+00:00,11234,17.741,1279,44,2.3,17.741,18,2026-07-31T14:38:29.208386Z
2026-03-08T04:52:53.935000+00:00,11234,22.6,1279,5,,22.6,33,2026-07-31T14:38:29.208386Z
2026-03-08T04:53:24.013000+00:00,11234,18.404,1279,23,2.5,18.404,33,2026-07-31T14:38:29.208386Z
2026-03-08T04:54:27.845000+00:00,11234,18.19,1279,30,2.8,18.19,33,2026-07-31T14:38:29.208386Z
2026-03-08T04:54:41.807000+00:00,11234,25.939,1279,55,8.0,25.939,33,2026-07-31T14:38:29.208386Z
2026-03-08T04:54:07.060000+00:00,11234,17.6,1279,1,,17.6,34,2026-07-31T14:38:29.208386Z
2026-03-08T05:03:56.712000+00:00,11234,18.0,1279,3,,18.0,41,2026-07-31T14:38:29.208386Z
2026-03-08T05:09:13.750000+00:00,11234,18.951,1279,11,3.2,18.951,43,2026-07-31T14:38:29.208386Z
2026-03-08T05:11:24.061000+00:00,11234,34.615,1279,55,19.8,34.615,45,2026-07-31T14:38:29.208386Z
2026-03-08T05:12:34.739000+00:00,11234,18.561,1279,43,2.9,18.561,46,2026-07-31T14:38:29.208386Z
2026-03-08T05:14:27.249000+00:00,11234,1081.5,1279,18,,1081.5,34,2026-07-31T14:38:29.208386Z
2026-03-08T05:22:06.866000+00:00,11234,22.4,1279,18,,22.4,39,2026-07-31T14:38:29.208386Z
2026-03-08T05:22:16.614000+00:00,11234,22.469,1279,18,5.6,22.469,46,2026-07-31T14:38:29.208386Z
2026-03-14T03:25:32.321000+00:00,11240,23.373,1280,63,3.5,23.373,13,2026-07-31T14:39:10.901823Z
2026-03-14T03:25:41.542000+00:00,11240,23.2,1280,16,2.8,23.2,13,2026-07-31T14:39:10.901823Z
2026-03-14T03:25:43.698000+00:00,11240,22.529,1280,1,2.4,22.529,13,2026-07-31T14:39:10.901823Z
2026-03-14T03:25:47.088000+00:00,11240,27.854,1280,44,2.7,27.854,13,2026-07-31T14:39:10.901823Z
2026-03-14T03:25:51.182000+00:00,11240,33.682,1280,12,13.7,33.682,13,2026-07-31T14:39:10.901823Z
2026-03-14T03:25:51.495000+00:00,11240,23.514,1280,81,2.7,23.514,13,2026-07-31T14:39:10.901823Z
2026-03-14T03:26:18.339000+00:00,11240,24.1,1280,3,,24.1,13,2026-07-31T14:39:10.901823Z
2026-03-14T03:26:21.813000+00:00,11240,23.554,1280,43,2.8,23.554,13,2026-07-31T14:39:10.901823Z
2026-03-14T03:26:23.218000+00:00,11240,24.34,1280,23,4.3,24.34,13,2026-07-31T14:39:10.901823Z
2026-03-14T03:26:27.213000+00:00,11240,31.17,1280,6,5.5,31.17,13,2026-07-31T14:39:10.901823Z
2026-03-14T03:26:33.855000+00:00,11240,23.059,1280,18,2.7,23.059,13,2026-07-31T14:39:10.901823Z
2026-03-14T03:26:42.810000+00:00,11240,25.793,1280,11,5.0,25.793,13,2026-07-31T14:39:10.901823Z
2026-03-15T07:06:25.125000+00:00,11245,23.062,1280,6,2.7,23.062,1,2026-07-31T14:39:24.912973Z
2026-03-15T07:19:30.772000+00:00,11245,22.721,1280,30,2.5,22.721,9,2026-07-31T14:39:24.912973Z
2026-03-15T07:19:31.880000+00:00,11245,23.678,1280,3,3.4,23.678,9,2026-07-31T14:39:24.912973Z
2026-03-15T07:19:34.317000+00:00,11245,23.106,1280,55,3.1,23.106,9,2026-07-31T14:39:24.912973Z
2026-03-15T07:20:48.777000+00:00,11245,23.005,1280,12,2.9,23.005,10,2026-07-31T14:39:24.912973Z
2026-03-15T07:20:56.454000+00:00,11245,23.39,1280,63,3.2,23.39,10,2026-07-31T14:39:24.912973Z
2026-03-15T07:20:56.799000+00:00,11245,22.433,1280,44,2.4,22.433,10,2026-07-31T14:39:24.912973Z
2026-03-15T07:21:02.954000+00:00,11245,25.633,1280,16,3.5,25.633,10,2026-07-31T14:39:24.912973Z
2026-03-15T07:21:06.329000+00:00,11245,23.539,1280,10,2.8,23.539,10,2026-07-31T14:39:24.912973Z
2026-03-15T07:21:23.314000+00:00,11245,22.967,1280,87,,22.967,10,2026-07-31T14:39:24.912973Z
2026-03-15T07:21:49.224000+00:00,11245,27.795,1280,77,7.4,27.795,10,2026-07-31T14:39:24.912973Z
2026-03-15T07:22:06.849000+00:00,11245,25.748,1280,6,5.7,25.748,10,2026-07-31T14:39:24.912973Z
2026-03-15T07:24:08.630000+00:00,11245,26.213,1280,11,5.5,26.213,11,2026-07-31T14:39:24.912973Z
2026-03-15T07:55:08.164000+00:00,11245,25.997,1280,31,5.7,25.997,29,2026-07-31T14:39:24.912973Z
2026-03-15T07:58:53.861000+00:00,11245,23.291,1280,14,2.8,23.291,31,2026-07-31T14:39:24.912973Z
2026-03-15T07:59:58.613000+00:00,11245,23.195,1280,43,2.6,23.195,32,2026-07-31T14:39:24.912973Z
2026-03-15T08:05:10.947000+00:00,11245,37.358,1280,27,16.1,37.358,35,2026-07-31T14:39:24.912973Z
2026-03-15T08:16:43.743000+00:00,11245,23.29,1280,41,2.9,23.29,42,2026-07-31T14:39:24.912973Z
2026-03-15T08:23:53.817000+00:00,11245,47.067,1280,31,26.9,47.067,46,2026-07-31T14:39:24.912973Z
2026-03-29T05:39:55.436000+00:00,11253,23.316,1281,1,2.5,23.316,16,2026-07-31T14:40:25.788667Z
2026-03-29T05:40:25.536000+00:00,11253,25.0,1281,87,,25.0,16,2026-07-31T14:40:25.788667Z
2026-03-29T05:41:28.501000+00:00,11253,22.992,1281,16,2.1,22.992,17,2026-07-31T14:40:25.788667Z
2026-03-29T05:41:59.154000+00:00,11253,23.649,1281,43,2.9,23.649,17,2026-07-31T14:40:25.788667Z
2026-03-29T05:42:58.405000+00:00,11253,23.444,1281,81,2.4,23.444,18,2026-07-31T14:40:25.788667Z
2026-03-29T05:43:35.557000+00:00,11253,26.3,1281,41,,26.3,18,2026-07-31T14:40:25.788667Z
2026-03-29T05:45:07.194000+00:00,11253,24.629,1281,31,3.4,24.629,19,2026-07-31T14:40:25.788667Z
2026-03-29T05:45:09.104000+00:00,11253,23.698,1281,6,2.8,23.698,19,2026-07-31T14:40:25.788667Z
2026-03-29T05:45:58.890000+00:00,11253,25.129,1281,77,4.0,25.129,19,2026-07-31T14:40:25.788667Z
2026-03-29T05:47:43.226000+00:00,11253,22.937,1281,63,3.0,22.937,21,2026-07-31T14:40:25.788667Z
2026-03-29T05:49:05.815000+00:00,11253,27.307,1281,11,6.6,27.307,21,2026-07-31T14:40:25.788667Z
2026-03-29T05:49:15.293000+00:00,11253,25.083,1281,18,4.2,25.083,21,2026-07-31T14:40:25.788667Z
2026-03-29T05:49:24.243000+00:00,11253,26.458,1281,14,4.3,26.458,21,2026-07-31T14:40:25.788667Z
2026-03-29T05:49:36.575000+00:00,11253,23.288,1281,12,2.4,23.288,22,2026-07-31T14:40:25.788667Z
2026-03-29T05:49:45.182000+00:00,11253,22.891,1281,44,2.0,22.891,22,2026-07-31T14:40:25.788667Z
2026-03-29T05:50:01.959000+00:00,11253,24.304,1281,10,3.5,24.304,22,2026-07-31T14:40:25.788667Z
2026-03-29T05:50:06.296000+00:00,11253,24.49,1281,3,3.3,24.49,22,2026-07-31T14:40:25.788667Z
2026-03-29T05:50:28.632000+00:00,11253,24.1,1281,30,,24.1,22,2026-07-31T14:40:25.788667Z
2026-03-29T05:50:29.968000+00:00,11253,24.63,1281,5,2.6,24.63,22,2026-07-31T14:40:25.788667Z
2026-03-29T05:50:36.919000+00:00,11253,24.396,1281,55,3.5,24.396,22,2026-07-31T14:40:25.788667Z
2026-03-29T05:50:44.394000+00:00,11253,24.6,1281,23,2.9,24.6,22,2026-07-31T14:40:25.788667Z
2026-03-29T05:52:37.648000+00:00,11253,23.9,1281,27,,23.9,23,2026-07-31T14:40:25.788667Z
2026-03-29T05:53:39.693000+00:00,11253,24.014,1281,14,,24.014,23,2026-07-31T14:40:25.788667Z
2026-03-29T05:55:13.349000+00:00,11253,23.501,1281,18,2.6,23.501,24,2026-07-31T14:40:25.788667Z
2026-03-29T06:30:59.545000+00:00,11253,23.072,1281,23,2.7,23.072,45,2026-07-31T14:40:25.788667Z
2026-03-29T06:32:57.159000+00:00,11253,24.1,1281,23,,24.1,46,2026-07-31T14:40:25.788667Z
2026-03-29T06:34:56.701000+00:00,11253,26.0,1281,23,,26.0,47,2026-07-31T14:40:25.788667Z
2026-03-29T06:37:02.998000+00:00,11253,32.7,1281,23,,32.7,48,2026-07-31T14:40:25.788667Z
2026-03-29T06:39:01.736000+00:00,11253,24.3,1281,23,,24.3,49,2026-07-31T14:40:25.788667Z
2026-05-22T20:30:02.910000+00:00,11282,,1285,44,,,1,2026-07-31T14:45:04.878665Z
2026-05-22T20:30:05.973000+00:00,11282,,1285,16,,,1,2026-07-31T14:45:04.878665Z
2026-05-22T20:30:09.738000+00:00,11282,,1285,55,,,1,2026-07-31T14:45:04.878665Z
2026-05-22T20:30:11.722000+00:00,11282,,1285,77,,,1,2026-07-31T14:45:04.878665Z
2026-05-22T20:30:17.538000+00:00,11282,,1285,87,,,1,2026-07-31T14:45:04.878665Z
2026-05-22T20:30:23.269000+00:00,11282,,1285,1,,,1,2026-07-31T14:45:04.878665Z
2026-05-22T20:30:26.738000+00:00,11282,,1285,31,,,1,2026-07-31T14:45:04.878665Z
2026-05-22T20:30:33.327000+00:00,11282,,1285,41,,,1,2026-07-31T14:45:04.878665Z
2026-05-22T20:30:49.632000+00:00,11282,,1285,14,,,1,2026-07-31T14:45:04.878665Z
2026-05-22T20:30:55.491000+00:00,11282,,1285,18,,,1,2026-07-31T14:45:04.878665Z
2026-05-22T20:31:03.710000+00:00,11282,,1285,5,,,1,2026-07-31T14:45:04.878665Z
2026-05-22T20:31:07.684000+00:00,11282,,1285,11,,,1,2026-07-31T14:45:04.878665Z
2026-05-22T20:31:14.348000+00:00,11282,,1285,81,,,1,2026-07-31T14:45:04.878665Z
2026-05-22T20:31:26.839000+00:00,11282,,1285,27,,,1,2026-07-31T14:45:04.878665Z
2026-05-22T20:31:46.701000+00:00,11282,,1285,63,,,1,2026-07-31T14:45:04.878665Z
2026-05-22T20:31:53.635000+00:00,11282,,1285,12,,,1,2026-07-31T14:45:04.878665Z
2026-05-22T20:32:09.595000+00:00,11282,,1285,43,,,1,2026-07-31T14:45:04.878665Z
2026-05-22T20:32:10.517000+00:00,11282,,1285,10,,,1,2026-07-31T14:45:04.878665Z
2026-05-22T20:32:15.745000+00:00,11282,,1285,6,,,1,2026-07-31T14:45:04.878665Z
2026-05-22T20:32:35.164000+00:00,11282,,1285,3,,,1,2026-07-31T14:45:04.878665Z
2026-05-22T20:59:02.559000+00:00,11282,,1285,55,,,8,2026-07-31T14:45:04.878665Z
2026-05-22T20:59:04.047000+00:00,11282,,1285,18,,,8,2026-07-31T14:45:04.878665Z
2026-05-22T20:59:14.187000+00:00,11282,,1285,44,,,9,2026-07-31T14:45:04.878665Z
2026-05-22T20:59:17.156000+00:00,11282,,1285,87,,,8,2026-07-31T14:45:04.878665Z
2026-05-22T20:59:18.177000+00:00,11282,,1285,31,,,8,2026-07-31T14:45:04.878665Z
2026-05-22T20:59:21.459000+00:00,11282,,1285,27,,,7,2026-07-31T14:45:04.878665Z
2026-05-22T20:59:23.459000+00:00,11282,,1285,5,,,7,2026-07-31T14:45:04.878665Z
2026-05-22T20:59:24.224000+00:00,11282,,1285,77,,,8,2026-07-31T14:45:04.878665Z
2026-05-22T20:59:24.599000+00:00,11282,,1285,10,,,7,2026-07-31T14:45:04.878665Z
2026-05-22T20:59:26.050000+00:00,11282,,1285,11,,,8,2026-07-31T14:45:04.878665Z
2026-05-22T20:59:29.459000+00:00,11282,,1285,43,,,7,2026-07-31T14:45:04.878665Z
2026-05-22T21:08:03.099000+00:00,11282,,1285,63,,,7,2026-07-31T14:45:04.878665Z
2026-05-22T21:08:07.349000+00:00,11282,,1285,12,,,7,2026-07-31T14:45:04.878665Z
2026-05-22T21:08:15.099000+00:00,11282,349.9,1285,43,,349.9,9,2026-07-31T14:45:04.878665Z
2026-05-22T21:08:19.168000+00:00,11282,370.8,1285,87,,370.8,10,2026-07-31T14:45:04.878665Z
2026-05-22T21:08:21.897000+00:00,11282,367.3,1285,31,,367.3,10,2026-07-31T14:45:04.878665Z
2026-05-22T21:08:29.658000+00:00,11282,458.2,1285,5,,458.2,8,2026-07-31T14:45:04.878665Z
2026-05-22T21:08:40.595000+00:00,11282,,1285,1,,,8,2026-07-31T14:45:04.878665Z
2026-05-22T21:08:45.945000+00:00,11282,,1285,41,,,8,2026-07-31T14:45:04.878665Z
2026-05-22T21:08:48.367000+00:00,11282,328.1,1285,55,,328.1,11,2026-07-31T14:45:04.878665Z
2026-05-22T21:09:00.585000+00:00,11282,338.9,1285,44,,338.9,12,2026-07-31T14:45:04.878665Z
2026-05-22T21:09:05.582000+00:00,11282,,1285,16,,,8,2026-07-31T14:45:04.878665Z
2026-05-22T21:09:11.421000+00:00,11282,,1285,6,,,7,2026-07-31T14:45:04.878665Z
2026-05-22T21:09:21.150000+00:00,11282,511.9,1285,27,,511.9,8,2026-07-31T14:45:04.878665Z
2026-05-22T21:09:26.195000+00:00,11282,,1285,81,,,7,2026-07-31T14:45:04.878665Z
2026-05-22T21:11:54.235000+00:00,11282,,1285,3,,,7,2026-07-31T14:45:04.878665Z
2026-05-22T21:25:36.056000+00:00,11282,483.7,1285,44,,483.7,18,2026-07-31T14:45:04.878665Z
2026-05-22T21:25:41.322000+00:00,11282,553.2,1285,6,,553.2,12,2026-07-31T14:45:04.878665Z
2026-05-22T21:25:48.259000+00:00,11282,311.6,1285,55,,311.6,19,2026-07-31T14:45:04.878665Z
2026-05-22T21:26:22.741000+00:00,11282,514.1,1285,63,,514.1,14,2026-07-31T14:45:04.878665Z
2026-05-22T21:26:33.875000+00:00,11282,537.4,1285,16,,537.4,14,2026-07-31T14:45:04.878665Z
2026-05-22T21:27:16.991000+00:00,11282,593.1,1285,3,,593.1,11,2026-07-31T14:45:04.878665Z
2026-05-22T21:27:24.420000+00:00,11282,871.3,1285,1,,871.3,11,2026-07-31T14:45:04.878665Z
2026-05-22T21:27:29.142000+00:00,11282,529.2,1285,41,,529.2,15,2026-07-31T14:45:04.878665Z
2026-05-22T21:27:32.869000+00:00,11282,729.3,1285,81,,729.3,11,2026-07-31T14:45:04.878665Z
2026-05-22T21:28:00.754000+00:00,11282,763.0,1285,12,,763.0,12,2026-07-31T14:45:04.878665Z
2026-05-23T16:15:39.227000+00:00,11286,155.1,1285,6,,155.1,7,2026-07-31T14:45:15.381293Z
2026-05-23T16:18:32.832000+00:00,11286,23.5,1285,6,,23.5,9,2026-07-31T14:45:15.381293Z
2026-05-23T16:22:01.414000+00:00,11286,24.0,1285,23,,24.0,14,2026-07-31T14:45:15.381293Z
2026-05-23T16:23:24.074000+00:00,11286,24.6,1285,14,,24.6,15,2026-07-31T14:45:15.381293Z
2026-05-23T16:27:20.351000+00:00,11286,38.4,1285,87,,38.4,18,2026-07-31T14:45:15.381293Z
2026-05-23T16:29:03.467000+00:00,11286,70.6,1285,10,,70.6,19,2026-07-31T14:45:15.381293Z
2026-06-07T13:05:11.097000+00:00,11299,26.7,1286,77,,26.7,1,2026-07-31T14:47:18.262995Z
2026-06-07T13:05:11.753000+00:00,11299,25.9,1286,5,,25.9,1,2026-07-31T14:47:18.262995Z
2026-06-07T13:05:15.738000+00:00,11299,32.1,1286,87,,32.1,1,2026-07-31T14:47:18.262995Z
2026-06-07T13:07:51.620000+00:00,11299,24.9,1286,14,,24.9,3,2026-07-31T14:47:18.262995Z
2026-06-07T13:09:10.136000+00:00,11299,27.1,1286,11,,27.1,4,2026-07-31T14:47:18.262995Z
2026-06-07T13:09:14.620000+00:00,11299,24.8,1286,18,,24.8,4,2026-07-31T14:47:18.262995Z
2026-06-07T13:15:47.335000+00:00,11299,25.4,1286,31,,25.4,9,2026-07-31T14:47:18.262995Z
2026-06-07T13:15:59.835000+00:00,11299,19.7,1286,11,,19.7,9,2026-07-31T14:47:18.262995Z
2026-06-07T13:19:39.858000+00:00,11299,24.8,1286,27,,24.8,12,2026-07-31T14:47:18.262995Z
2026-06-07T13:39:40.204000+00:00,11299,24.1,1286,44,,24.1,28,2026-07-31T14:47:18.262995Z
2026-06-07T13:44:09.388000+00:00,11299,24.0,1286,63,,24.0,31,2026-07-31T14:47:18.262995Z
2026-06-07T13:45:28.474000+00:00,11299,24.7,1286,6,,24.7,32,2026-07-31T14:47:18.262995Z
2026-06-07T13:48:48.285000+00:00,11299,25.3,1286,16,,25.3,35,2026-07-31T14:47:18.262995Z
2026-06-07T13:50:05.535000+00:00,11299,25.7,1286,43,,25.7,35,2026-07-31T14:47:18.262995Z
2026-06-07T13:50:58.679000+00:00,11299,24.1,1286,12,,24.1,37,2026-07-31T14:47:18.262995Z
2026-06-07T14:00:37.472000+00:00,11299,25.5,1286,23,,25.5,43,2026-07-31T14:47:18.262995Z
2026-06-07T14:01:33.347000+00:00,11299,24.6,1286,5,,24.6,43,2026-07-31T14:47:18.262995Z
2026-06-07T14:01:42.457000+00:00,11299,25.6,1286,30,,25.6,44,2026-07-31T14:47:18.262995Z
2026-06-07T14:02:41.495000+00:00,11299,25.5,1286,10,,25.5,45,2026-07-31T14:47:18.262995Z
2026-06-07T14:06:31.029000+00:00,11299,24.2,1286,81,,24.2,48,2026-07-31T14:47:18.262995Z
2026-06-07T14:12:46.971000+00:00,11299,25.6,1286,55,,25.6,52,2026-07-31T14:47:18.262995Z
2026-06-07T14:21:17.307000+00:00,11299,20.5,1286,27,,20.5,58,2026-07-31T14:47:18.262995Z
2026-06-07T14:21:25.635000+00:00,11299,31.4,1286,81,,31.4,59,2026-07-31T14:47:18.262995Z
2026-06-07T14:21:26.073000+00:00,11299,31.2,1286,44,,31.2,60,2026-07-31T14:47:18.262995Z
2026-06-07T14:21:34.338000+00:00,11299,26.3,1286,14,,26.3,58,2026-07-31T14:47:18.262995Z
2026-06-07T14:21:34.463000+00:00,11299,34.9,1286,16,,34.9,60,2026-07-31T14:47:18.262995Z
2026-06-07T14:22:10.057000+00:00,11299,20.3,1286,5,,20.3,58,2026-07-31T14:47:18.262995Z
2026-06-07T14:22:39.778000+00:00,11299,26.8,1286,12,,26.8,61,2026-07-31T14:47:18.262995Z
2026-06-07T14:22:46.086000+00:00,11299,19.6,1286,6,,19.6,60,2026-07-31T14:47:18.262995Z
2026-06-07T14:22:50.085000+00:00,11299,35.2,1286,63,,35.2,60,2026-07-31T14:47:18.262995Z
2026-06-07T14:22:51.100000+00:00,11299,20.2,1286,41,,20.2,59,2026-07-31T14:47:18.262995Z
2026-06-07T14:22:52.596000+00:00,11299,19.7,1286,23,,19.7,59,2026-07-31T14:47:18.262995Z
2026-06-07T14:22:54.064000+00:00,11299,19.8,1286,55,,19.8,59,2026-07-31T14:47:18.262995Z
2026-06-07T14:23:09.338000+00:00,11299,19.9,1286,31,,19.9,59,2026-07-31T14:47:18.262995Z
2026-06-07T14:23:11.197000+00:00,11299,19.9,1286,27,,19.9,59,2026-07-31T14:47:18.262995Z
2026-06-07T14:23:14.713000+00:00,11299,21.9,1286,43,,21.9,59,2026-07-31T14:47:18.262995Z
2026-06-07T14:23:15.900000+00:00,11299,19.8,1286,10,,19.8,60,2026-07-31T14:47:18.262995Z
2026-06-07T14:23:20.338000+00:00,11299,20.1,1286,81,,20.1,60,2026-07-31T14:47:18.262995Z
2026-06-07T14:23:26.682000+00:00,11299,24.2,1286,44,,24.2,61,2026-07-31T14:47:18.262995Z
2026-06-07T14:23:27.510000+00:00,11299,20.2,1286,14,,20.2,59,2026-07-31T14:47:18.262995Z
2026-06-07T14:23:29.885000+00:00,11299,20.0,1286,16,,20.0,61,2026-07-31T14:47:18.262995Z
2026-06-07T14:23:41.002000+00:00,11299,19.9,1286,30,,19.9,60,2026-07-31T14:47:18.262995Z
2026-06-07T14:23:51.502000+00:00,11299,26.0,1286,11,,26.0,59,2026-07-31T14:47:18.262995Z
2026-06-07T14:24:06.813000+00:00,11299,24.8,1286,5,,24.8,59,2026-07-31T14:47:18.262995Z
2026-06-07T14:32:43.844000+00:00,11299,20.7,1286,12,,20.7,66,2026-07-31T14:47:18.262995Z
2026-06-07T14:32:47.250000+00:00,11299,22.5,1286,44,,22.5,66,2026-07-31T14:47:18.262995Z
2026-06-07T14:32:48.418000+00:00,11299,22.3,1286,6,,22.3,66,2026-07-31T14:47:18.262995Z
2026-06-07T14:32:50.457000+00:00,11299,22.5,1286,63,,22.5,66,2026-07-31T14:47:18.262995Z
2026-06-07T14:32:52.040000+00:00,11299,22.7,1286,41,,22.7,65,2026-07-31T14:47:18.262995Z
2026-06-07T14:32:53.440000+00:00,11299,22.7,1286,23,,22.7,65,2026-07-31T14:47:18.262995Z
2026-06-07T14:32:54.289000+00:00,11299,22.1,1286,55,,22.1,65,2026-07-31T14:47:18.262995Z
2026-06-07T14:32:55.584000+00:00,11299,21.4,1286,31,,21.4,65,2026-07-31T14:47:18.262995Z
2026-06-07T14:32:57.280000+00:00,11299,22.3,1286,27,,22.3,65,2026-07-31T14:47:18.262995Z
2026-06-07T14:33:01.288000+00:00,11299,23.3,1286,10,,23.3,66,2026-07-31T14:47:18.262995Z
2026-06-07T14:33:02.693000+00:00,11299,23.3,1286,43,,23.3,65,2026-07-31T14:47:18.262995Z
2026-06-07T14:33:03.979000+00:00,11299,23.4,1286,81,,23.4,66,2026-07-31T14:47:18.262995Z
2026-06-07T14:33:05.205000+00:00,11299,24.0,1286,14,,24.0,65,2026-07-31T14:47:18.262995Z
2026-06-07T14:33:06.706000+00:00,11299,23.8,1286,11,,23.8,65,2026-07-31T14:47:18.262995Z
2026-06-07T14:33:07.685000+00:00,11299,22.7,1286,5,,22.7,65,2026-07-31T14:47:18.262995Z
2026-06-07T14:33:11.784000+00:00,11299,20.3,1286,30,,20.3,66,2026-07-31T14:47:18.262995Z
2026-06-07T15:10:07.188000+00:00,11299,2023.0,1286,41,,2023.0,67,2026-07-31T14:47:18.262995Z
2026-06-07T15:10:09.758000+00:00,11299,2024.1,1286,23,,2024.1,67,2026-07-31T14:47:18.262995Z
2026-06-07T15:10:12.693000+00:00,11299,2025.7,1286,55,,2025.7,67,2026-07-31T14:47:18.262995Z
2026-06-07T15:10:14.530000+00:00,11299,2025.9,1286,31,,2025.9,67,2026-07-31T14:47:18.262995Z
2026-06-07T15:10:17.140000+00:00,11299,2027.0,1286,27,,2027.0,67,2026-07-31T14:47:18.262995Z
2026-06-07T15:10:18.492000+00:00,11299,2025.8,1286,43,,2025.8,67,2026-07-31T14:47:18.262995Z
2026-06-07T15:10:21.680000+00:00,11299,2024.7,1286,14,,2024.7,67,2026-07-31T14:47:18.262995Z
2026-06-07T15:10:25.367000+00:00,11299,2026.8,1286,11,,2026.8,67,2026-07-31T14:47:18.262995Z
2026-06-07T15:10:29.774000+00:00,11299,2029.9,1286,5,,2029.9,67,2026-07-31T14:47:18.262995Z
2026-06-07T15:12:12.024000+00:00,11299,2154.1,1286,12,,2154.1,68,2026-07-31T14:47:18.262995Z
2026-06-07T15:12:15.196000+00:00,11299,2156.2,1286,44,,2156.2,68,2026-07-31T14:47:18.262995Z
2026-06-07T15:12:17.821000+00:00,11299,2156.6,1286,6,,2156.6,68,2026-07-31T14:47:18.262995Z
2026-06-07T15:12:20.728000+00:00,11299,2158.1,1286,63,,2158.1,68,2026-07-31T14:47:18.262995Z
2026-06-07T15:12:23.290000+00:00,11299,2151.5,1286,10,,2151.5,68,2026-07-31T14:47:18.262995Z
2026-06-07T15:12:26.556000+00:00,11299,2151.4,1286,81,,2151.4,68,2026-07-31T14:47:18.262995Z
2026-06-07T15:12:29.165000+00:00,11299,2146.0,1286,30,,2146.0,68,2026-07-31T14:47:18.262995Z
2026-06-07T15:12:32.696000+00:00,11299,62.5,1286,41,,62.5,68,2026-07-31T14:47:18.262995Z
2026-06-07T15:12:34.790000+00:00,11299,62.2,1286,23,,62.2,68,2026-07-31T14:47:18.262995Z
2026-06-07T15:12:37.618000+00:00,11299,61.9,1286,55,,61.9,68,2026-07-31T14:47:18.262995Z
2026-06-07T15:12:39.884000+00:00,11299,62.6,1286,31,,62.6,68,2026-07-31T14:47:18.262995Z
2026-06-07T15:12:42.993000+00:00,11299,61.9,1286,27,,61.9,68,2026-07-31T14:47:18.262995Z
2026-06-07T15:12:48.759000+00:00,11299,64.4,1286,43,,64.4,68,2026-07-31T14:47:18.262995Z
2026-06-07T15:12:51.994000+00:00,11299,64.9,1286,14,,64.9,68,2026-07-31T14:47:18.262995Z
2026-06-07T15:12:54.552000+00:00,11299,65.8,1286,11,,65.8,68,2026-07-31T14:47:18.262995Z
2026-06-07T15:12:56.029000+00:00,11299,63.9,1286,5,,63.9,68,2026-07-31T14:47:18.262995Z
2026-06-07T15:19:38.018000+00:00,11299,19.7,1286,63,,19.7,72,2026-07-31T14:47:18.262995Z
2026-06-14T13:19:06.289000+00:00,11307,22.48,1287,44,2.5,22.48,11,2026-07-31T14:48:24.615025Z
2026-06-14T13:19:32.167000+00:00,11307,25.983,1287,30,6.3,25.983,11,2026-07-31T14:48:24.615025Z
2026-06-14T13:20:25.691000+00:00,11307,22.08,1287,63,2.4,22.08,12,2026-07-31T14:48:24.615025Z
2026-06-14T13:20:38.434000+00:00,11307,22.273,1287,3,2.5,22.273,12,2026-07-31T14:48:24.615025Z
2026-06-14T13:21:02.197000+00:00,11307,22.983,1287,43,3.3,22.983,12,2026-07-31T14:48:24.615025Z
2026-06-14T13:21:18.159000+00:00,11307,24.805,1287,11,4.2,24.805,12,2026-07-31T14:48:24.615025Z
2026-06-14T13:21:56.796000+00:00,11307,21.7,1287,1,,21.7,13,2026-07-31T14:48:24.615025Z
2026-06-14T13:22:21.978000+00:00,11307,22.869,1287,27,2.6,22.869,13,2026-07-31T14:48:24.615025Z
2026-06-14T13:22:36.805000+00:00,11307,23.256,1287,31,3.4,23.256,13,2026-07-31T14:48:24.615025Z
2026-06-14T13:22:40.415000+00:00,11307,24.005,1287,23,5.0,24.005,13,2026-07-31T14:48:24.615025Z
2026-06-14T13:23:17.696000+00:00,11307,22.038,1287,12,2.6,22.038,14,2026-07-31T14:48:24.615025Z
2026-06-14T13:23:29.775000+00:00,11307,21.776,1287,81,2.2,21.776,14,2026-07-31T14:48:24.615025Z
2026-06-14T13:23:54.707000+00:00,11307,22.682,1287,10,3.0,22.682,14,2026-07-31T14:48:24.615025Z
2026-06-14T13:23:58.472000+00:00,11307,22.977,1287,55,3.4,22.977,14,2026-07-31T14:48:24.615025Z
2026-06-14T13:24:22.993000+00:00,11307,23.28,1287,77,2.9,23.28,14,2026-07-31T14:48:24.615025Z
2026-06-14T13:25:11.329000+00:00,11307,22.444,1287,6,2.7,22.444,15,2026-07-31T14:48:24.615025Z
2026-06-14T13:25:30.323000+00:00,11307,22.783,1287,5,2.6,22.783,15,2026-07-31T14:48:24.615025Z
2026-06-14T13:26:14.211000+00:00,11307,22.249,1287,16,,22.249,16,2026-07-31T14:48:24.615025Z
2026-06-14T13:29:49.096000+00:00,11307,23.118,1287,87,3.6,23.118,18,2026-07-31T14:48:24.615025Z
2026-06-14T13:34:34.480000+00:00,11307,22.22,1287,14,2.4,22.22,21,2026-07-31T14:48:24.615025Z
2026-06-14T13:35:21.209000+00:00,11307,22.476,1287,41,2.7,22.476,22,2026-07-31T14:48:24.615025Z
2026-06-14T13:41:28.951000+00:00,11307,22.477,1287,44,2.6,22.477,27,2026-07-31T14:48:24.615025Z
2026-06-14T13:44:29.360000+00:00,11307,24.189,1287,3,4.5,24.189,29,2026-07-31T14:48:24.615025Z
2026-06-14T13:45:56.713000+00:00,11307,22.027,1287,23,2.1,22.027,29,2026-07-31T14:48:24.615025Z
2026-06-14T13:46:59.052000+00:00,11307,22.595,1287,55,3.1,22.595,30,2026-07-31T14:48:24.615025Z
2026-06-14T13:49:02.396000+00:00,11307,24.432,1287,11,4.0,24.432,31,2026-07-31T14:48:24.615025Z
2026-06-14T13:49:09.615000+00:00,11307,22.528,1287,6,2.9,22.528,32,2026-07-31T14:48:24.615025Z
2026-06-14T13:51:21.181000+00:00,11307,22.285,1287,5,2.1,22.285,33,2026-07-31T14:48:24.615025Z
2026-06-14T13:52:24.989000+00:00,11307,22.29,1287,43,2.6,22.29,34,2026-07-31T14:48:24.615025Z
2026-06-14T13:52:36.546000+00:00,11307,22.0,1287,1,,22.0,35,2026-07-31T14:48:24.615025Z
2026-06-14T13:53:02.214000+00:00,11307,26.449,1287,31,6.7,26.449,34,2026-07-31T14:48:24.615025Z
2026-06-14T13:53:49.609000+00:00,11307,23.172,1287,30,3.8,23.172,35,2026-07-31T14:48:24.615025Z
2026-06-14T13:53:54.451000+00:00,11307,21.677,1287,63,2.8,21.677,36,2026-07-31T14:48:24.615025Z
2026-06-14T13:54:19.600000+00:00,11307,22.661,1287,81,3.2,22.661,36,2026-07-31T14:48:24.615025Z
2026-06-14T13:55:16.919000+00:00,11307,22.21,1287,12,2.8,22.21,37,2026-07-31T14:48:24.615025Z
2026-06-14T13:56:55.952000+00:00,11307,24.01,1287,41,4.3,24.01,37,2026-07-31T14:48:24.615025Z
2026-06-14T13:58:21.402000+00:00,11307,22.125,1287,16,2.5,22.125,39,2026-07-31T14:48:24.615025Z
2026-06-14T13:59:59.158000+00:00,11307,22.786,1287,3,3.0,22.786,40,2026-07-31T14:48:24.615025Z
2026-06-14T14:00:06.515000+00:00,11307,23.901,1287,87,4.0,23.901,39,2026-07-31T14:48:24.615025Z
2026-06-14T14:01:08.272000+00:00,11307,23.912,1287,11,3.3,23.912,39,2026-07-31T14:48:24.615025Z
2026-06-14T14:01:13.428000+00:00,11307,22.837,1287,44,2.8,22.837,41,2026-07-31T14:48:24.615025Z
2026-06-14T14:01:19.722000+00:00,11307,23.31,1287,10,3.8,23.31,40,2026-07-31T14:48:24.615025Z
2026-06-14T14:05:58.019000+00:00,11307,777.7,1287,23,,777.7,34,2026-07-31T14:48:24.615025Z
2026-06-14T14:20:20.533000+00:00,11307,25.915,1287,5,5.8,25.915,53,2026-07-31T14:48:24.615025Z
2026-06-14T14:23:04.365000+00:00,11307,22.772,1287,55,3.3,22.772,55,2026-07-31T14:48:24.615025Z
2026-06-14T14:25:54.289000+00:00,11307,21.949,1287,6,2.3,21.949,58,2026-07-31T14:48:24.615025Z
2026-06-14T14:27:44.973000+00:00,11307,22.9,1287,31,,22.9,58,2026-07-31T14:48:24.615025Z
2026-06-14T14:28:47.306000+00:00,11307,22.703,1287,23,3.2,22.703,50,2026-07-31T14:48:24.615025Z
2026-06-28T13:18:16+00:00,11315,21.3,1288,44,,21.3,12,2026-07-31T14:50:01.443255Z
2026-06-28T13:19:34.611000+00:00,11315,21.7,1288,16,,21.7,13,2026-07-31T14:50:01.443255Z
2026-06-28T13:19:57.672000+00:00,11315,21.6,1288,10,,21.6,13,2026-07-31T14:50:01.443255Z
2026-06-28T13:21:15.449000+00:00,11315,21.3,1288,55,,21.3,14,2026-07-31T14:50:01.443255Z
2026-06-28T13:24:47.179000+00:00,11315,22.6,1288,5,,22.6,17,2026-07-31T14:50:01.443255Z
2026-06-28T13:25:32.461000+00:00,11315,21.3,1288,3,,21.3,18,2026-07-31T14:50:01.443255Z
2026-06-28T13:25:46.069000+00:00,11315,21.7,1288,6,,21.7,18,2026-07-31T14:50:01.443255Z
2026-06-28T13:25:56.802000+00:00,11315,21.4,1288,41,,21.4,18,2026-07-31T14:50:01.443255Z
2026-06-28T13:26:14.833000+00:00,11315,21.8,1288,31,,21.8,18,2026-07-31T14:50:01.443255Z
2026-06-28T13:26:17.113000+00:00,11315,21.2,1288,23,,21.2,18,2026-07-31T14:50:01.443255Z
2026-06-28T13:26:40.718000+00:00,11315,21.2,1288,63,,21.2,19,2026-07-31T14:50:01.443255Z
2026-06-28T13:26:56.641000+00:00,11315,22.0,1288,81,,22.0,19,2026-07-31T14:50:01.443255Z
2026-06-28T13:27:09.009000+00:00,11315,22.0,1288,30,,22.0,19,2026-07-31T14:50:01.443255Z
2026-06-28T13:28:48.729000+00:00,11315,21.5,1288,43,,21.5,20,2026-07-31T14:50:01.443255Z
2026-06-28T13:29:25.824000+00:00,11315,21.5,1288,1,,21.5,21,2026-07-31T14:50:01.443255Z
2026-06-28T13:29:55.706000+00:00,11315,21.5,1288,27,,21.5,21,2026-07-31T14:50:01.443255Z
2026-06-28T13:32:54.499000+00:00,11315,21.4,1288,12,,21.4,24,2026-07-31T14:50:01.443255Z
2026-06-28T13:33:53.795000+00:00,11315,21.5,1288,87,,21.5,24,2026-07-31T14:50:01.443255Z
2026-06-28T13:34:21.799000+00:00,11315,22.3,1288,14,,22.3,24,2026-07-31T14:50:01.443255Z
2026-06-28T13:34:30.473000+00:00,11315,23.5,1288,18,,23.5,24,2026-07-31T14:50:01.443255Z
2026-06-28T13:34:41.205000+00:00,11315,21.2,1288,44,,21.2,25,2026-07-31T14:50:01.443255Z
2026-06-28T13:45:46.672000+00:00,11315,25.4,1288,31,,25.4,33,2026-07-31T14:50:01.443255Z
2026-06-28T13:49:36.347000+00:00,11315,21.0,1288,16,,21.0,37,2026-07-31T14:50:01.443255Z
2026-06-28T13:50:46.204000+00:00,11315,21.2,1288,23,,21.2,37,2026-07-31T14:50:01.443255Z
2026-06-28T13:51:34.103000+00:00,11315,21.2,1288,10,,21.2,38,2026-07-31T14:50:01.443255Z
2026-06-28T13:53:16.481000+00:00,11315,21.2,1288,6,,21.2,40,2026-07-31T14:50:01.443255Z
2026-06-28T13:55:35.812000+00:00,11315,21.2,1288,81,,21.2,42,2026-07-31T14:50:01.443255Z
2026-06-28T13:55:37.472000+00:00,11315,21.2,1288,44,,21.2,42,2026-07-31T14:50:01.443255Z
2026-06-28T13:56:31.785000+00:00,11315,21.2,1288,63,,21.2,43,2026-07-31T14:50:01.443255Z
2026-06-28T13:58:47.094000+00:00,11315,21.8,1288,5,,21.8,44,2026-07-31T14:50:01.443255Z
2026-06-28T13:59:53.792000+00:00,11315,21.5,1288,30,,21.5,45,2026-07-31T14:50:01.443255Z
2026-06-28T14:00:09.488000+00:00,11315,22.5,1288,27,,22.5,45,2026-07-31T14:50:01.443255Z
2026-06-28T14:00:27.963000+00:00,11315,22.0,1288,87,,22.0,45,2026-07-31T14:50:01.443255Z
2026-06-28T14:01:06.281000+00:00,11315,21.5,1288,41,,21.5,46,2026-07-31T14:50:01.443255Z
2026-06-28T14:01:44.351000+00:00,11315,21.8,1288,1,,21.8,47,2026-07-31T14:50:01.443255Z
2026-06-28T14:01:49.515000+00:00,11315,21.4,1288,43,,21.4,46,2026-07-31T14:50:01.443255Z
2026-06-28T14:03:48.538000+00:00,11315,21.2,1288,3,,21.2,49,2026-07-31T14:50:01.443255Z
2026-06-28T14:06:14.731000+00:00,11315,21.5,1288,12,,21.5,51,2026-07-31T14:50:01.443255Z
2026-06-28T14:06:29.094000+00:00,11315,28.7,1288,14,,28.7,49,2026-07-31T14:50:01.443255Z
2026-06-28T14:07:41.166000+00:00,11315,21.5,1288,10,,21.5,51,2026-07-31T14:50:01.443255Z
2026-06-28T14:16:33.840000+00:00,11315,22.7,1288,16,,22.7,59,2026-07-31T14:50:01.443255Z
2026-07-03T15:30:14.714000+00:00,11317,,1289,11,,,1,2026-07-31T14:50:17.647829Z
2026-07-03T15:30:20.299000+00:00,11317,,1289,77,,,1,2026-07-31T14:50:17.647829Z
2026-07-03T15:30:43.565000+00:00,11317,,1289,31,,,1,2026-07-31T14:50:17.647829Z
2026-07-03T15:30:47.676000+00:00,11317,,1289,87,,,1,2026-07-31T14:50:17.647829Z
2026-07-03T15:31:20.441000+00:00,11317,,1289,12,,,1,2026-07-31T14:50:17.647829Z
2026-07-03T15:31:26.105000+00:00,11317,,1289,63,,,1,2026-07-31T14:50:17.647829Z
2026-07-03T15:31:30.514000+00:00,11317,,1289,16,,,1,2026-07-31T14:50:17.647829Z
2026-07-03T15:31:35.738000+00:00,11317,,1289,44,,,1,2026-07-31T14:50:17.647829Z
2026-07-03T15:31:41.437000+00:00,11317,,1289,5,,,1,2026-07-31T14:50:17.647829Z
2026-07-03T15:31:51.388000+00:00,11317,,1289,27,,,1,2026-07-31T14:50:17.647829Z
2026-07-03T15:31:58.181000+00:00,11317,,1289,30,,,1,2026-07-31T14:50:17.647829Z
2026-07-03T15:32:02.555000+00:00,11317,,1289,55,,,1,2026-07-31T14:50:17.647829Z
2026-07-03T15:32:09.313000+00:00,11317,,1289,23,,,1,2026-07-31T14:50:17.647829Z
2026-07-03T15:32:15.533000+00:00,11317,,1289,41,,,1,2026-07-31T14:50:17.647829Z
2026-07-03T15:32:25.695000+00:00,11317,,1289,3,,,1,2026-07-31T14:50:17.647829Z
2026-07-03T15:32:30.481000+00:00,11317,,1289,6,,,1,2026-07-31T14:50:17.647829Z
2026-07-03T15:32:47.754000+00:00,11317,,1289,81,,,1,2026-07-31T14:50:17.647829Z
2026-07-03T15:33:00.221000+00:00,11317,,1289,1,,,1,2026-07-31T14:50:17.647829Z
2026-07-03T15:33:06.606000+00:00,11317,,1289,10,,,1,2026-07-31T14:50:17.647829Z
2026-07-03T15:33:14.292000+00:00,11317,,1289,43,,,1,2026-07-31T14:50:17.647829Z
2026-07-03T15:35:18.699000+00:00,11317,,1289,14,,,1,2026-07-31T14:50:17.647829Z
2026-07-03T15:35:22.626000+00:00,11317,,1289,18,,,1,2026-07-31T14:50:17.647829Z
2026-07-03T15:37:18.315000+00:00,11317,48.6,1289,12,,48.6,4,2026-07-31T14:50:17.647829Z
2026-07-03T15:38:03.502000+00:00,11317,76.3,1289,63,,76.3,4,2026-07-31T14:50:17.647829Z
2026-07-03T15:38:19.306000+00:00,11317,67.3,1289,5,,67.3,4,2026-07-31T14:50:17.647829Z
2026-07-03T15:38:28.897000+00:00,11317,68.2,1289,27,,68.2,4,2026-07-31T14:50:17.647829Z
2026-07-03T15:38:34.860000+00:00,11317,155.5,1289,31,,155.5,4,2026-07-31T14:50:17.647829Z
2026-07-03T15:38:38.322000+00:00,11317,151.5,1289,87,,151.5,4,2026-07-31T14:50:17.647829Z
2026-07-03T15:38:40.355000+00:00,11317,194.4,1289,77,,194.4,4,2026-07-31T14:50:17.647829Z
2026-07-03T15:38:43.485000+00:00,11317,208.2,1289,11,,208.2,4,2026-07-31T14:50:17.647829Z
2026-07-03T15:39:01.603000+00:00,11317,40.9,1289,1,,40.9,4,2026-07-31T14:50:17.647829Z
2026-07-03T15:49:06.393000+00:00,11317,323.6,1289,27,,323.6,7,2026-07-31T14:50:17.647829Z
2026-07-03T15:49:08.539000+00:00,11317,260.1,1289,55,,260.1,8,2026-07-31T14:50:17.647829Z
2026-07-03T15:49:13.725000+00:00,11317,338.9,1289,3,,338.9,7,2026-07-31T14:50:17.647829Z
2026-07-03T15:49:19.467000+00:00,11317,262.3,1289,23,,262.3,8,2026-07-31T14:50:17.647829Z
2026-07-03T15:49:25.120000+00:00,11317,415.0,1289,6,,415.0,6,2026-07-31T14:50:17.647829Z
2026-07-03T15:49:36.543000+00:00,11317,305.0,1289,1,,305.0,7,2026-07-31T14:50:17.647829Z
2026-07-03T15:49:41.543000+00:00,11317,364.6,1289,5,,364.6,7,2026-07-31T14:50:17.647829Z
2026-07-03T15:49:49.229000+00:00,11317,697.5,1289,81,,697.5,4,2026-07-31T14:50:17.647829Z
2026-07-03T15:50:08.120000+00:00,11317,586.1,1289,16,,586.1,6,2026-07-31T14:50:17.647829Z
2026-07-03T15:50:11.894000+00:00,11317,457.7,1289,44,,457.7,7,2026-07-31T14:50:17.647829Z
2026-07-03T15:50:29.268000+00:00,11317,470.3,1289,12,,470.3,7,2026-07-31T14:50:17.647829Z
2026-07-03T15:50:36.741000+00:00,11317,443.3,1289,63,,443.3,7,2026-07-31T14:50:17.647829Z
2026-07-03T15:54:15.614000+00:00,11317,678.8,1289,30,,678.8,7,2026-07-31T14:50:17.647829Z
2026-07-03T15:54:19.893000+00:00,11317,632.5,1289,41,,632.5,7,2026-07-31T14:50:17.647829Z
2026-07-03T15:54:24.358000+00:00,11317,622.8,1289,10,,622.8,7,2026-07-31T14:50:17.647829Z
2026-07-03T15:54:26.968000+00:00,11317,579.8,1289,43,,579.8,7,2026-07-31T14:50:17.647829Z
2026-07-03T15:55:28.130000+00:00,11317,32.8,1289,1,,32.8,10,2026-07-31T14:50:17.647829Z
2026-07-03T15:55:50.842000+00:00,11317,107.1,1289,55,,107.1,11,2026-07-31T14:50:17.647829Z
2026-07-03T15:55:58.126000+00:00,11317,108.6,1289,27,,108.6,10,2026-07-31T14:50:17.647829Z
2026-07-03T15:56:10.106000+00:00,11317,65.6,1289,5,,65.6,10,2026-07-31T14:50:17.647829Z
2026-07-03T15:56:33.648000+00:00,11317,54.7,1289,12,,54.7,10,2026-07-31T14:50:17.647829Z
2026-07-03T15:56:40.495000+00:00,11317,122.5,1289,23,,122.5,11,2026-07-31T14:50:17.647829Z
2026-07-03T16:10:49.149000+00:00,11317,616.5,1289,81,,616.5,10,2026-07-31T14:50:17.647829Z
2026-07-03T16:10:53.933000+00:00,11317,667.3,1289,41,,667.3,10,2026-07-31T14:50:17.647829Z
2026-07-03T16:10:58.546000+00:00,11317,621.4,1289,1,,621.4,13,2026-07-31T14:50:17.647829Z
2026-07-03T16:11:01.956000+00:00,11317,695.4,1289,30,,695.4,10,2026-07-31T14:50:17.647829Z
2026-07-03T16:11:07.006000+00:00,11317,566.6,1289,12,,566.6,13,2026-07-31T14:50:17.647829Z
2026-07-03T16:11:10.107000+00:00,11317,611.4,1289,16,,611.4,12,2026-07-31T14:50:17.647829Z
2026-07-03T16:11:22.166000+00:00,11317,731.6,1289,44,,731.6,12,2026-07-31T14:50:17.647829Z
2026-07-03T16:11:32.581000+00:00,11317,1023.8,1289,3,,1023.8,10,2026-07-31T14:50:17.647829Z
2026-07-03T16:11:42.276000+00:00,11317,677.0,1289,6,,677.0,12,2026-07-31T14:50:17.647829Z
2026-07-03T16:11:55.242000+00:00,11317,642.0,1289,63,,642.0,13,2026-07-31T14:50:17.647829Z
2026-07-04T11:08:06.286000+00:00,11321,48.6,1289,11,,48.6,2,2026-07-31T14:50:27.913585Z
2026-07-04T11:27:18.703000+00:00,11321,30.9,1289,18,,30.9,14,2026-07-31T14:50:27.913585Z
2026-07-19T13:06:46.970000+00:00,11334,24.156,1290,6,3.6,24.156,1,2026-07-31T14:53:17.538180Z
2026-07-19T13:06:48.812000+00:00,11334,26.554,1290,87,5.6,26.554,1,2026-07-31T14:53:17.538180Z
2026-07-19T13:06:49.762000+00:00,11334,25.372,1290,11,3.5,25.372,1,2026-07-31T14:53:17.538180Z
2026-07-19T13:06:58.031000+00:00,11334,30.594,1290,77,5.1,30.594,1,2026-07-31T14:53:17.538180Z
2026-07-19T13:07:06.712000+00:00,11334,33.74,1290,31,10.8,33.74,1,2026-07-31T14:53:17.538180Z
2026-07-19T13:09:26.425000+00:00,11334,22.997,1290,6,3.0,22.997,2,2026-07-31T14:53:17.538180Z
2026-07-19T13:30:09.549000+00:00,11334,27.617,1290,11,5.9,27.617,12,2026-07-31T14:53:17.538180Z
2026-07-19T13:33:19.807000+00:00,11334,24.177,1290,10,3.4,24.177,14,2026-07-31T14:53:17.538180Z
2026-07-19T13:33:42.400000+00:00,11334,34.841,1290,55,14.4,34.841,14,2026-07-31T14:53:17.538180Z
2026-07-19T13:35:10.555000+00:00,11334,23.722,1290,30,3.1,23.722,15,2026-07-31T14:53:17.538180Z
2026-07-19T13:35:14.306000+00:00,11334,24.146,1290,43,3.7,24.146,15,2026-07-31T14:53:17.538180Z
2026-07-19T13:37:02.469000+00:00,11334,24.81,1290,41,4.1,24.81,16,2026-07-31T14:53:17.538180Z
2026-07-19T13:37:26.226000+00:00,11334,24.124,1290,31,3.4,24.124,16,2026-07-31T14:53:17.538180Z
2026-07-19T13:38:36.203000+00:00,11334,23.128,1290,3,2.5,23.128,17,2026-07-31T14:53:17.538180Z
2026-07-19T13:40:00.392000+00:00,11334,31.649,1290,18,11.0,31.649,17,2026-07-31T14:53:17.538180Z
2026-07-19T13:40:35.827000+00:00,11334,23.093,1290,12,2.6,23.093,18,2026-07-31T14:53:17.538180Z
2026-07-19T13:41:12.806000+00:00,11334,22.638,1290,23,2.5,22.638,18,2026-07-31T14:53:17.538180Z
2026-07-19T13:43:52.834000+00:00,11334,23.19,1290,14,2.7,23.19,19,2026-07-31T14:53:17.538180Z
2026-07-19T13:44:36.129000+00:00,11334,23.164,1290,16,2.3,23.164,20,2026-07-31T14:53:17.538180Z
2026-07-19T13:44:45.881000+00:00,11334,23.292,1290,81,2.8,23.292,20,2026-07-31T14:53:17.538180Z
2026-07-19T13:44:50.764000+00:00,11334,32.201,1290,44,10.6,32.201,20,2026-07-31T14:53:17.538180Z
2026-07-19T13:45:02.530000+00:00,11334,24.727,1290,6,4.4,24.727,20,2026-07-31T14:53:17.538180Z
2026-07-19T13:45:05.930000+00:00,11334,23.127,1290,5,2.5,23.127,20,2026-07-31T14:53:17.538180Z
2026-07-19T13:45:12.467000+00:00,11334,26.098,1290,27,3.5,26.098,20,2026-07-31T14:53:17.538180Z
2026-07-19T13:45:28.693000+00:00,11334,28.982,1290,87,8.5,28.982,20,2026-07-31T14:53:17.538180Z
2026-07-19T14:03:34.566000+00:00,11334,28.314,1290,1,7.8,28.314,30,2026-07-31T14:53:17.538180Z
2026-07-19T14:07:43.290000+00:00,11334,24.746,1290,14,3.2,24.746,31,2026-07-31T14:53:17.538180Z
2026-07-19T14:08:56.694000+00:00,11334,25.91,1290,77,5.1,25.91,32,2026-07-31T14:53:17.538180Z
