source_name,found,row_count,path
drivers,True,1561,latest/openf1_lightweight_source_closure/data/openf1_drivers.csv
intervals,True,273593,latest/openf1_lightweight_source_closure/data/openf1_intervals.csv
pit,True,673,latest/openf1_lightweight_source_closure/data/openf1_pit.csv
position,True,39820,latest/openf1_lightweight_source_closure/data/openf1_position.csv
race_control,True,5092,latest/openf1_lightweight_source_closure/data/openf1_race_control.csv
source_readiness,True,9,latest/openf1_lightweight_source_closure/source_readiness_summary.csv
starting_grid,True,330,latest/openf1_lightweight_source_closure/data/openf1_starting_grid.csv
stints,True,5774,latest/openf1_lightweight_source_closure/data/openf1_stints.csv
weather,True,8443,latest/openf1_lightweight_source_closure/data/openf1_weather.csv
