meeting_key,session_key,driver_number,lap_number,date_start,duration_sector_1,duration_sector_2,duration_sector_3,i1_speed,i2_speed,is_pit_out_lap,lap_duration,segments_sector_1,segments_sector_2,segments_sector_3,st_speed
1287,11303,77,1,,,39.91,27.524,175,208,True,,"[2064, 2064, 2051, 2049, 2049, 2049, 2049]","[2049, 2049, 2051, 2051, 2049, 2049, 2049, 2049]","[2049, 2051, 2051, 2051, 2051, 2051, 2051]",196
1287,11303,31,1,2026-06-13T14:00:08.645000+00:00,,43.001,27.967,168,220,True,,"[2064, 2064, 2049, 2049, 2049, 2049, 2049]","[2049, 2049, 2049, 2049, 2049, 2049, 2049, 2051]","[2049, 2049, 2049, 2051, 2049, 2051, 2051]",130
1287,11303,87,1,2026-06-13T14:00:17.467000+00:00,,41.511,27.359,181,206,True,,"[2064, 2064, 2049, 2049, 2049, 2049, 2049]","[2049, 2049, 2049, 2049, 2049, 2049, 2049, 2049]","[2051, 2051, 2049, 2049, 2049, 2051, 2051]",155
1287,11303,55,1,2026-06-13T14:00:21.492000+00:00,,41.868,28.48,203,205,True,,"[2064, 2064, 2049, 2049, 2049, 2049, 2049]","[2049, 2051, 2049, 2049, 2049, 2051, 2051, 2049]","[2049, 2049, 2049, 2049, 2051, 2051, 2051]",112
1287,11303,23,1,2026-06-13T14:00:29.289000+00:00,,41.488,27.548,224,229,True,,"[2064, 2064, 2049, 2049, 2049, 2049, 2049]","[2049, 2049, 2049, 2049, 2051, 2049, 2049, 2049]","[2049, 2049, 2051, 2051, 2051, 2051, 2051]",126
1287,11303,18,1,2026-06-13T14:00:34.285000+00:00,,44.613,29.723,207,243,True,,"[2064, 2064, 2049, 2049, 2049, 2049, 2049]","[2049, 2049, 2049, 2049, 2049, 2049, 2049, 2051]","[2049, 2049, 2049, 2049, 2049, 2049, 2049]",120
1287,11303,14,1,2026-06-13T14:00:40.670000+00:00,,40.869,29.817,217,237,True,,"[2064, 2064, 2049, 2049, 2049, 2049, 2049]","[2049, 2049, 2049, 2049, 2049, 2049, 2049, 2049]","[2049, 2049, 2049, 2049, 2049, 2049, 2049]",127
1287,11303,77,2,2026-06-13T14:01:44.837000+00:00,23.054,31.818,24.233,267,283,False,79.105,"[2049, 2049, 2049, 2049, 2049, 2049, 2049]","[2049, 2049, 2051, 2049, 2049, 2049, 2049, 2051]","[2049, 2051, 2051, 2051, 2049, 2051, 2048]",326
1287,11303,31,2,2026-06-13T14:01:58.035000+00:00,22.734,31.659,23.778,272,278,False,78.171,"[2049, 2049, 2051, 2049, 2051, 2049, 2049]","[2049, 2051, 2049, 2049, 2051, 2051, 2049, 2049]","[2051, 2049, 2051, 2051, 2051, 2051, 2048]",332
1287,11303,87,2,2026-06-13T14:02:03.315000+00:00,22.802,31.712,23.702,275,278,False,78.216,"[2049, 2051, 2049, 2049, 2049, 2049, 2049]","[2049, 2049, 2049, 2049, 2049, 2049, 2051, 2049]","[2049, 2051, 2049, 2051, 2049, 2051]",334
1287,11303,55,2,2026-06-13T14:02:10.578000+00:00,22.8,31.686,23.621,275,282,False,78.107,"[2049, 2049, 2049, 2049, 2049, 2051, 2049]","[2049, 2049, 2049, 2049, 2049, 2049, 2049, 2049]","[2049, 2049, 2051, 2051, 2051, 2051, 2048]",323
1287,11303,23,2,2026-06-13T14:02:20.031000+00:00,22.748,31.776,23.728,278,279,False,78.252,"[2051, 2049, 2049, 2049, 2049, 2049, 2051]","[2051, 2049, 2049, 2051, 2049, 2049, 2049, 2049]","[2049, 2049, 2049, 2051, 2051, 2049]",324
1287,11303,18,2,2026-06-13T14:02:33.908000+00:00,23.318,32.211,24.467,276,280,False,79.996,"[2049, 2049, 2049, 2049, 2049, 2049, 2049]","[2049, 2049, 2049, 2049, 2049, 2049, 2049, 2049]","[2049, 2049, 2049, 2049, 2048, 2049]",323
1287,11303,14,2,2026-06-13T14:02:42.172000+00:00,23.003,32.132,24.151,269,264,False,79.286,"[2049, 2049, 2049, 2051, 2049, 2049, 2049]","[2049, 2049, 2049, 2049, 2049, 2049, 2049, 2049]","[2049, 2049, 2049, 2049, 2049, 2049, 2048]",323
1287,11303,77,3,2026-06-13T14:03:04.001000+00:00,26.665,34.997,34.783,219,226,False,96.445,"[2048, 2048, 2048, 2048, 2048, 2048, 2048]","[2048, 2048, 2048, 2048, 2048, 2048, 2048, 2048]","[2048, 2048, 2048, 2048, 2064, 2064, 2064]",274
1287,11303,31,3,2026-06-13T14:03:16.090000+00:00,29.64,39.942,74.683,200,187,False,144.265,"[2048, 2048, 2048, 2048, 2048, 2048, 2048]","[2048, 2048, 2048, 2048, 2048, 2048, 2048, 2048]","[2048, 2048, 2048, 2048, 2064, 2064, 2064]",217
1287,11303,87,3,2026-06-13T14:03:21.448000+00:00,32.044,41.462,35.51,180,185,False,109.016,"[2048, 2048, 2048, 2048, 2048, 2048, 2048]","[2048, 2048, 2048, 2048, 2048, 2048, 2048, 2048]","[2048, 2048, 2048, 2048, 2064, 2064, 2064]",198
1287,11303,55,3,2026-06-13T14:03:28.590000+00:00,33.292,38.939,34.923,182,199,False,107.154,"[2048, 2048, 2048, 2048, 2048, 2048, 2048]","[2048, 2048, 2048, 2048, 2048, 2048, 2048, 2048]","[2048, 2048, 2048, 2048, 2064, 2064, 2064]",190
1287,11303,23,3,2026-06-13T14:03:38.256000+00:00,31.476,38.306,38.677,185,232,False,108.459,"[2048, 2048, 2048, 2048, 2048, 2048, 2048]","[2048, 2048, 2048, 2048, 2048, 2048, 2048, 2048]","[2048, 2048, 2048, 2048, 2064, 2064, 2064]",235
1287,11303,18,3,2026-06-13T14:03:53.806000+00:00,28.458,35.628,32.049,214,220,False,96.135,"[2048, 2048, 2048, 2048, 2048, 2048, 2048]","[2048, 2048, 2048, 2048, 2048, 2048, 2048, 2048]","[2048, 2048, 2048, 2048, 2064, 2064, 2064]",218
1287,11303,14,3,2026-06-13T14:04:01.370000+00:00,32.257,38.666,38.61,185,172,False,109.533,"[2048, 2048, 2048, 2048, 2048, 2048, 2048]","[2048, 2048, 2048, 2048, 2048, 2048, 2048, 2048]","[2048, 2048, 2048, 2048, 2064, 2064, 2064]",159
1287,11303,27,1,2026-06-13T14:05:03.538000+00:00,,40.3,28.13,203,213,True,,"[2064, 2064, 2049, 2049, 2049, 2049, 2049]","[2049, 2049, 2049, 2049, 2049, 2049, 2049, 2049]","[2049, 2049, 2049, 2049, 2049, 2049, 2049]",210
1287,11303,3,1,2026-06-13T14:05:08.819000+00:00,,40.66,25.922,203,242,True,,"[2064, 2064, 2049, 2049, 2049, 2049, 2049]","[2049, 2049, 2049, 2049, 2049, 2049, 2049, 2049]","[2049, 2049, 2049, 2049, 2049, 2049, 2049]",203
1287,11303,10,1,2026-06-13T14:05:12.231000+00:00,,42.181,27.479,192,224,True,,"[2064, 2064, 2049, 2049, 2049, 2049, 2049]","[2049, 2049, 2049, 2049, 2049, 2049, 2049, 2049]","[2049, 2049, 2049, 2049, 2049, 2049, 2049]",132
1287,11303,43,1,2026-06-13T14:05:14.446000+00:00,,41.858,27.982,202,226,True,,"[2064, 2064, 2049, 2049, 2049, 2049, 2049]","[2049, 2049, 2049, 2049, 2049, 2049, 2049, 2049]","[2049, 2049, 2049, 2049, 2049, 2049, 2049]",106
1287,11303,16,1,2026-06-13T14:05:17.780000+00:00,,40.018,29.995,180,221,True,,"[2064, 2064, 2049, 2049, 2049, 2049, 2049]","[2049, 2049, 2049, 2049, 2049, 2049, 2049, 2049]","[2049, 2049, 2049, 2049, 2049, 2049, 2049]",100
1287,11303,11,1,2026-06-13T14:05:22.645000+00:00,,36.431,34.387,216,198,True,,"[2064, 2064, 2049, 2049, 2049, 2049, 2049]","[2049, 2049, 2049, 2049, 2049, 2049, 2049, 2049]","[2049, 2049, 2049, 2049, 2049, 2049, 2049]",127
1287,11303,6,1,2026-06-13T14:05:44.002000+00:00,,38.795,29.978,207,259,True,,"[2064, 2064, 2049, 2049, 2049, 2049, 2049]","[2049, 2049, 2049, 2049, 2049, 2049, 2049, 2049]","[2049, 2049, 2049, 2049, 2049, 2049, 2049]",158
1287,11303,12,1,2026-06-13T14:05:53.233000+00:00,,40.499,26.942,197,237,True,,"[2064, 2064, 2049, 2049, 2049, 2049, 2049]","[2049, 2049, 2049, 2049, 2049, 2049, 2049, 2049]","[2049, 2049, 2049, 2049, 2049, 2049, 2049]",161
1287,11303,63,1,2026-06-13T14:06:03.283000+00:00,,43.956,26.866,208,219,True,,"[2064, 2064, 2049, 2049, 2049, 2049, 2049]","[2049, 2049, 2049, 2049, 2049, 2049, 2049, 2049]","[2049, 2049, 2049, 2049, 2049, 2049, 2049]",157
1287,11303,44,1,2026-06-13T14:06:19.172000+00:00,,44.951,28.542,189,108,True,,"[2064, 2064, 2049, 2049, 2049, 2049, 2049]","[2049, 2049, 2049, 2049, 2049, 2049, 2049, 2049]","[2049, 2049, 2049, 2049, 2049, 2049, 2049]",176
1287,11303,41,1,2026-06-13T14:06:25.803000+00:00,,42.484,29.662,203,164,True,,"[2064, 2064, 2049, 2049, 2049, 2049, 2049]","[2049, 2049, 2049, 2049, 2049, 2049, 2049, 2049]","[2049, 2049, 2049, 2049, 2049, 2049, 2049]",164
1287,11303,5,1,2026-06-13T14:06:32.197000+00:00,,35.884,28.933,90,227,True,,"[2064, 2064, 2049, 2049, 2049, 2049, 2049]","[2049, 2049, 2049, 2049, 2049, 2049, 2049, 2049]","[2049, 2049, 2049, 2049, 2049, 2049, 2049]",137
1287,11303,30,1,2026-06-13T14:06:37.925000+00:00,,43.887,27.969,190,111,True,,"[2064, 2064, 2049, 2049, 2049, 2049, 2049]","[2049, 2049, 2049, 2049, 2049, 2049, 2049, 2049]","[2049, 2049, 2049, 2049, 2049, 2049, 2049]",99
1287,11303,55,4,2026-06-13T14:06:42.131000+00:00,,45.958,31.719,217,148,True,210.742,"[2064, 2064, 2048, 2048, 2048, 2048, 2048]","[2048, 2048, 2048, 2048, 2048, 2048, 2048, 2048]","[2048, 2048, 2048, 2048, 2048, 2048, 2049]",67
1287,11303,27,2,2026-06-13T14:06:42.745000+00:00,22.455,31.322,23.177,277,284,False,76.954,"[2049, 2049, 2049, 2049, 2049, 2049, 2049]","[2049, 2049, 2049, 2049, 2049, 2051, 2051, 2049]","[2051, 2049, 2049, 2051, 2051, 2051, 2048]",328
1287,11303,23,4,2026-06-13T14:06:48.585000+00:00,,46.634,28.954,221,77,True,206.654,"[2064, 2064, 2048, 2048, 2048, 2048, 2048]","[2048, 2048, 2048, 2048, 2048, 2048, 2048, 2048]","[2048, 2048, 2048, 2048, 2048, 2049, 2051]",154
1287,11303,3,2,2026-06-13T14:06:50.531000+00:00,22.037,30.966,23.349,277,285,False,76.352,"[2049, 2049, 2049, 2049, 2051, 2049, 2049]","[2049, 2051, 2049, 2051, 2049, 2049, 2049, 2049]","[2049, 2051, 2051, 2049, 2049, 2049, 2048]",333
1287,11303,1,1,2026-06-13T14:06:54.508000+00:00,,40.762,32.526,208,53,True,,"[2064, 2064, 2049, 2049, 2049, 2049, 2049]","[2049, 2049, 2049, 2049, 2049, 2049, 2049, 2049]","[2049, 2049, 2049, 2049, 2049, 2049, 2049]",168
1287,11303,81,1,2026-06-13T14:06:59.532000+00:00,,45.054,32.124,222,75,True,,"[2064, 2064, 2049, 2049, 2049, 2049, 2049]","[2049, 2049, 2049, 2049, 2049, 2049, 2049, 2049]","[2049, 2049, 2049, 2049, 2049, 2049, 2049]",136
1287,11303,10,2,2026-06-13T14:07:02.645000+00:00,22.251,31.338,23.491,285,276,False,77.08,"[2049, 2051, 2049, 2049, 2049, 2049, 2051]","[2049, 2049, 2049, 2049, 2049, 2049, 2049, 2049]","[2049, 2051, 2049, 2049, 2049, 2049]",339
1287,11303,87,4,2026-06-13T14:07:07.664000+00:00,,45.467,27.48,157,205,True,245.975,"[2064, 2064, 2048, 2048, 2048, 2048, 2048]","[2048, 2048, 2048, 2048, 2048, 2048, 2048, 2048]","[2048, 2048, 2048, 2048, 2048, 2048, 2049]",126
1287,11303,43,2,2026-06-13T14:07:10.946000+00:00,22.416,31.37,23.439,280,283,False,77.225,"[2049, 2049, 2049, 2049, 2049, 2049, 2049]","[2049, 2049, 2049, 2049, 2049, 2049, 2049, 2049]","[2049, 2049, 2049, 2049, 2049, 2049]",335
1287,11303,16,2,2026-06-13T14:07:18.946000+00:00,22.209,30.719,23.036,268,287,False,75.964,"[2049, 2049, 2049, 2049, 2049, 2049, 2049]","[2049, 2049, 2049, 2049, 2049, 2051, 2049, 2049]","[2051, 2051, 2051, 2049, 2051, 2049, 2048]",329
1287,11303,31,4,2026-06-13T14:07:22.946000+00:00,,46.166,28.598,159,131,True,225.581,"[2064, 2064, 2048, 2048, 2048, 2048, 2048]","[2048, 2048, 2048, 2048, 2048, 2048, 2048, 2048]","[2048, 2048, 2048, 2048, 2048, 2048, 2048]",97
1287,11303,11,2,2026-06-13T14:07:23.542000+00:00,22.729,31.605,23.796,266,276,False,78.13,"[2049, 2049, 2049, 2049, 2049, 2049, 2049]","[2049, 2049, 2049, 2049, 2049, 2049, 2049, 2051]","[2049, 2049, 2049, 2049, 2049, 2051, 2051]",334
1287,11303,77,4,2026-06-13T14:07:26.720000+00:00,,44.345,31.351,115,181,True,289.904,"[2064, 2064, 2048, 2048, 2048, 2048, 2048]","[2048, 2048, 2048, 2048, 2048, 2048, 2048, 2048]","[2048, 2048, 2048, 2048, 2048, 2048, 2049]",147
1287,11303,6,2,2026-06-13T14:07:31.302000+00:00,22.177,30.899,23.351,280,291,False,76.427,"[2049, 2049, 2049, 2049, 2049, 2049, 2049]","[2049, 2049, 2049, 2049, 2049, 2049, 2049, 2049]","[2049, 2049, 2049, 2049, 2049, 2049]",335
1287,11303,18,4,2026-06-13T14:07:35.746000+00:00,,44.586,31.116,212,179,True,251.545,"[2064, 2064, 2048, 2048, 2048, 2048, 2048]","[2048, 2048, 2048, 2048, 2048, 2048, 2048, 2048]","[2048, 2048, 2048, 2048, 2048, 2048, 2049]",119
1287,11303,12,2,2026-06-13T14:07:40.640000+00:00,22.179,30.624,23.174,270,282,False,75.977,"[2049, 2049, 2049, 2049, 2049, 2049, 2049]","[2049, 2049, 2049, 2049, 2049, 2049, 2051, 2049]","[2049, 2049, 2049, 2049, 2049, 2049, 2049]",332
1287,11303,14,4,2026-06-13T14:07:45.885000+00:00,,43.276,30.275,224,258,True,236.839,"[2064, 2064, 2048, 2048, 2048, 2048, 2048]","[2048, 2048, 2048, 2048, 2048, 2048, 2048, 2048]","[2048, 2048, 2048, 2048, 2048, 2048, 2049]",176
1287,11303,63,2,2026-06-13T14:07:52.466000+00:00,22.063,30.563,23.091,275,277,False,75.717,"[2049, 2049, 2049, 2049, 2049, 2049, 2049]","[2049, 2049, 2051, 2049, 2051, 2051, 2049, 2049]","[2049, 2049, 2051, 2049, 2049, 2049, 2049]",334
1287,11303,27,3,2026-06-13T14:07:59.539000+00:00,28.107,38.397,72.36,213,250,False,138.864,"[2048, 2048, 2048, 2048, 2048, 2048, 2048]","[2048, 2048, 2048, 2048, 2048, 2048, 2048, 2048]","[2048, 2048, 2048, 2048, 2064, 2064, 2064]",282
1287,11303,44,2,2026-06-13T14:08:05.179000+00:00,22.018,30.596,23.011,266,297,False,75.625,"[2049, 2049, 2049, 2051, 2049, 2049, 2049]","[2051, 2049, 2049, 2049, 2049, 2049, 2049, 2051]","[2051, 2051, 2049, 2049, 2049, 2049, 2048]",332
1287,11303,3,3,2026-06-13T14:08:06.885000+00:00,37.343,41.987,32.655,174,156,False,111.985,"[2048, 2048, 2048, 2048, 2048, 2048, 2048]","[2048, 2048, 2048, 2048, 2048, 2048, 2048, 2048]","[2048, 2048, 2048, 2048, 2064, 2064, 2064]",163
1287,11303,41,2,2026-06-13T14:08:10.972000+00:00,22.198,30.923,23.304,282,292,False,76.425,"[2049, 2049, 2051, 2049, 2049, 2049, 2049]","[2049, 2049, 2049, 2049, 2049, 2049, 2049, 2049]","[2049, 2049, 2049, 2049, 2049, 2049, 2048]",334
1287,11303,5,2,2026-06-13T14:08:17.373000+00:00,22.225,31.043,23.348,281,284,False,76.616,"[2049, 2049, 2049, 2049, 2049, 2049, 2049]","[2049, 2049, 2049, 2049, 2049, 2049, 2049, 2049]","[2049, 2049, 2049, 2049, 2049, 2049]",334
1287,11303,10,3,2026-06-13T14:08:19.654000+00:00,29.101,42.957,37.659,201,197,False,109.717,"[2048, 2048, 2048, 2048, 2048, 2048, 2048]","[2048, 2048, 2048, 2048, 2048, 2048, 2048, 2048]","[2048, 2048, 2048, 2048, 2064, 2064, 2064]",281
1287,11303,43,3,2026-06-13T14:08:28.029000+00:00,32.073,42.71,35.269,198,186,False,110.052,"[2048, 2048, 2048, 2048, 2048, 2048, 2048]","[2048, 2048, 2048, 2048, 2048, 2048, 2048, 2048]","[2048, 2048, 2048, 2048, 2064, 2064, 2064]",169
1287,11303,30,2,2026-06-13T14:08:32.576000+00:00,22.421,30.995,23.257,274,293,False,76.673,"[2049, 2049, 2049, 2049, 2049, 2049, 2049]","[2049, 2049, 2049, 2049, 2049, 2049, 2049, 2049]","[2049, 2049, 2049, 2049, 2049, 2049, 2048]",332
1287,11303,16,3,2026-06-13T14:08:34.952000+00:00,29.454,40.551,37.703,211,221,False,107.708,"[2048, 2048, 2048, 2048, 2048, 2048, 2048]","[2048, 2048, 2048, 2048, 2048, 2048, 2048, 2048]","[2048, 2048, 2048, 2048, 2064, 2064, 2064]",249
1287,11303,11,3,2026-06-13T14:08:41.607000+00:00,28.565,40.149,36.054,191,200,False,104.768,"[2048, 2048, 2048, 2048, 2048, 2048, 2048]","[2048, 2048, 2048, 2048, 2048, 2048, 2048, 2048]","[2048, 2048, 2048, 2048, 2064, 2064, 2064]",213
1287,11303,55,5,2026-06-13T14:08:46.609000+00:00,23.019,31.672,23.482,266,286,False,78.173,"[2049, 2048, 2048, 2049, 2048, 2048, 2048]","[2048, 2048, 2049, 2049, 2049, 2049, 2048, 2048]","[2049, 2049, 2048, 2048, 2049, 2048, 2048]",317
1287,11303,6,3,2026-06-13T14:08:47.657000+00:00,31.454,39.077,31.441,226,238,False,101.972,"[2048, 2048, 2048, 2048, 2048, 2048, 2048]","[2048, 2048, 2048, 2048, 2048, 2048, 2048, 2048]","[2048, 2048, 2048, 2048, 2064, 2064, 2064]",224
1287,11303,23,5,2026-06-13T14:08:53.488000+00:00,22.643,33.682,23.944,277,254,False,80.269,"[2051, 2048, 2048, 2049, 2049, 2049, 2049]","[2048, 2049, 2049, 2049, 2048, 2049, 2048, 2048]","[2048, 2049, 2048, 2048, 2048, 2048, 2048]",322
1287,11303,12,3,2026-06-13T14:08:56.483000+00:00,37.327,40.529,70.758,53,233,False,148.614,"[2048, 2048, 2048, 2048, 2048, 2048, 2048]","[2048, 2048, 2048, 2048, 2048, 2048, 2048, 2048]","[2048, 2048, 2048, 2048, 2064, 2064, 2064]",153
1287,11303,1,2,2026-06-13T14:09:00.442000+00:00,22.048,31.021,23.218,278,282,False,76.287,"[2049, 2051, 2049, 2049, 2049, 2051, 2049]","[2049, 2049, 2049, 2049, 2049, 2049, 2049, 2049]","[2049, 2049, 2049, 2049, 2049, 2051]",334
1287,11303,63,3,2026-06-13T14:09:08.067000+00:00,34.623,45.388,34.854,171,203,False,114.865,"[2048, 2048, 2048, 2048, 2048, 2048, 2048]","[2048, 2048, 2048, 2048, 2048, 2048, 2048, 2048]","[2048, 2048, 2048, 2048, 2064, 2064, 2064]",158
1287,11303,81,2,2026-06-13T14:09:11.768000+00:00,22.256,30.923,22.959,282,292,False,76.138,"[2049, 2049, 2049, 2049, 2049, 2049, 2049]","[2049, 2049, 2049, 2049, 2049, 2049, 2049, 2049]","[2049, 2049, 2049, 2051, 2049, 2049]",333
1287,11303,87,5,2026-06-13T14:09:16.609000+00:00,22.406,31.53,23.508,283,280,False,77.444,"[2049, 2049, 2049, 2049, 2049, 2049, 2049]","[2048, 2048, 2049, 2049, 2049, 2049, 2049, 2049]","[2049, 2049, 2049, 2049, 2049, 2048, 2048]",336
1287,11303,44,3,2026-06-13T14:09:20.799000+00:00,38.058,40.958,33.921,219,219,False,112.937,"[2048, 2048, 2048, 2048, 2048, 2048, 2048]","[2048, 2048, 2048, 2048, 2048, 2048, 2048, 2048]","[2048, 2048, 2048, 2048, 2064, 2064, 2064]",187
1287,11303,31,5,2026-06-13T14:09:26.048000+00:00,23.288,31.328,23.52,278,281,False,78.136,"[2048, 2048, 2048, 2049, 2049, 2049, 2049]","[2049, 2049, 2049, 2049, 2048, 2048, 2049, 2049]","[2049, 2049, 2049, 2048, 2049, 2049, 2049]",329
1287,11303,41,3,2026-06-13T14:09:27.434000+00:00,29.659,36.602,31.826,203,224,False,98.087,"[2048, 2048, 2048, 2048, 2048, 2048, 2048]","[2048, 2048, 2048, 2048, 2048, 2048, 2048, 2048]","[2048, 2048, 2048, 2048, 2064, 2064, 2064]",187
1287,11303,77,5,2026-06-13T14:09:30.275000+00:00,22.669,31.738,23.83,270,269,False,78.237,"[2049, 2049, 2049, 2049, 2049, 2049, 2049]","[2049, 2049, 2049, 2049, 2048, 2049, 2049, 2048]","[2049, 2049, 2049, 2049, 2049, 2048, 2048]",334
1287,11303,5,3,2026-06-13T14:09:33.920000+00:00,33.533,37.89,37.608,213,213,False,109.031,"[2048, 2048, 2048, 2048, 2048, 2048, 2048]","[2048, 2048, 2048, 2048, 2048, 2048, 2048, 2048]","[2048, 2048, 2048, 2048, 2064, 2064, 2064]",234
1287,11303,18,5,2026-06-13T14:09:41.667000+00:00,23.194,32.125,45.023,273,290,False,100.342,"[2049, 2049, 2049, 2049, 2048, 2049, 2048]","[2049, 2049, 2048, 2048, 2048, 2049, 2049, 2049]","[2048, 2048, 2048, 2048, 2064, 2064, 2064]",325
1287,11303,14,5,2026-06-13T14:09:47.820000+00:00,22.935,32.041,37.065,272,282,False,92.041,"[2049, 2049, 2048, 2049, 2049, 2048, 2049]","[2048, 2049, 2049, 2049, 2048, 2048, 2048, 2049]","[2048, 2048, 2048, 2048, 2064, 2064, 2064]",327
1287,11303,30,3,2026-06-13T14:09:49.063000+00:00,28.117,36.941,32.951,211,159,False,98.009,"[2048, 2048, 2048, 2048, 2048, 2048, 2048]","[2048, 2048, 2048, 2048, 2048, 2048, 2048, 2048]","[2048, 2048, 2048, 2048, 2064, 2064, 2064]",287
1287,11303,55,6,2026-06-13T14:10:04.805000+00:00,28.839,35.712,68.321,221,240,False,132.872,"[2048, 2048, 2048, 2048, 2048, 2048, 2048]","[2048, 2048, 2048, 2048, 2048, 2048, 2048, 2048]","[2048, 2048, 2048, 2048, 2064, 2064, 2064]",201
1287,11303,23,6,2026-06-13T14:10:13.615000+00:00,25.904,35.472,31.814,216,262,False,93.19,"[2048, 2048, 2048, 2048, 2048, 2048, 2048]","[2048, 2048, 2048, 2048, 2048, 2048, 2048, 2048]","[2048, 2048, 2048, 2048, 2064, 2064, 2064]",303
1287,11303,1,3,2026-06-13T14:10:16.533000+00:00,29.32,39.46,35.298,188,177,False,104.078,"[2048, 2048, 2048, 2048, 2048, 2048, 2048]","[2048, 2048, 2048, 2048, 2048, 2048, 2048, 2048]","[2048, 2048, 2048, 2048, 2064, 2064, 2064]",242
1287,11303,81,3,2026-06-13T14:10:27.871000+00:00,30.952,39.879,35.084,196,216,False,105.915,"[2048, 2048, 2048, 2048, 2048, 2048, 2048]","[2048, 2048, 2048, 2048, 2048, 2048, 2048, 2048]","[2048, 2048, 2048, 2048, 2064, 2064, 2064]",222
1287,11303,87,6,2026-06-13T14:10:33.877000+00:00,30.889,39.808,34.373,179,184,False,105.07,"[2048, 2048, 2048, 2048, 2048, 2048, 2048]","[2048, 2048, 2048, 2048, 2048, 2048, 2048, 2048]","[2048, 2048, 2048, 2048, 2064, 2064, 2064]",232
1287,11303,31,6,2026-06-13T14:10:44.110000+00:00,27.164,37.642,34.644,209,218,False,99.45,"[None, 2048, 2048, 2048, 2048, 2048, 2048]","[2048, 2048, 2048, 2048, 2048, 2048, 2048, 2048]","[2048, 2048, 2048, 2048, 2064, 2064, 2064]",239
1287,11303,77,6,2026-06-13T14:10:48.487000+00:00,27.334,36.017,36.062,211,201,False,99.413,"[2048, 2048, 2048, 2048, 2048, 2048, 2048]","[2048, 2048, 2048, 2048, 2048, 2048, 2048, 2048]","[2048, 2048, 2048, 2048, 2064, 2064, 2064]",292
1287,11303,10,4,2026-06-13T14:13:44.115000+00:00,,42.255,27.628,185,225,True,323.323,"[2064, 2064, 2048, 2048, 2048, 2048, 2048]","[2048, 2048, 2048, 2048, 2048, 2048, 2048, 2048]","[2048, 2048, 2048, 2048, 2048, 2048, 2048]",131
1287,11303,43,4,2026-06-13T14:13:45.664000+00:00,,41.919,28.4,198,242,True,322.452,"[2064, 2064, 2048, 2048, 2048, 2048, 2048]","[2048, 2048, 2048, 2048, 2048, 2048, 2048, 2048]","[2048, 2048, 2048, 2048, 2048, 2048, 2048]",110
1287,11303,23,7,2026-06-13T14:13:54.084000+00:00,,44.491,28.063,206,235,True,242.922,"[2064, 2064, 2048, 2048, 2048, 2048, 2048]","[2048, 2048, 2048, 2048, 2048, 2048, 2048, 2048]","[2048, 2048, 2048, 2048, 2048, 2048, 2048]",145
1287,11303,18,6,2026-06-13T14:13:55.977000+00:00,,44.571,29.572,225,223,True,278.435,"[2064, 2064, 2048, 2048, 2048, 2048, 2048]","[2048, 2048, 2048, 2048, 2048, 2048, 2048, 2048]","[2048, 2048, 2048, 2048, 2049, 2048, 2048]",147
1287,11303,27,4,2026-06-13T14:14:00.334000+00:00,,41.711,34.724,195,205,True,349.712,"[2064, 2064, 2048, 2048, 2048, 2048, 2048]","[2048, 2048, 2048, 2048, 2048, 2048, 2048, 2048]","[2048, 2048, 2048, 2048, 2048, 2048, 2049]",180
1287,11303,31,7,2026-06-13T14:14:10.749000+00:00,,43.029,28.32,183,231,True,228.23,"[2064, 2064, 2048, 2048, 2048, 2048, 2048]","[2048, 2048, 2048, 2048, 2048, 2048, 2048, 2048]","[2048, 2048, 2048, 2048, 2048, 2048, 2048]",143
1287,11303,87,7,2026-06-13T14:14:23.025000+00:00,,42.447,27.131,170,215,True,238.393,"[2064, 2064, 2048, 2048, 2048, 2048, 2048]","[2048, 2048, 2048, 2048, 2048, 2048, 2048, 2048]","[2048, 2048, 2048, 2048, 2048, 2048, 2049]",152
1287,11303,14,6,2026-06-13T14:14:29.431000+00:00,,41.527,29.146,216,251,True,308.778,"[2064, 2064, 2048, 2048, 2048, 2048, 2048]","[2048, 2048, 2048, 2048, 2048, 2048, 2048, 2048]","[2048, 2048, 2048, 2048, 2048, 2048, 2048]",131
1287,11303,55,7,2026-06-13T14:14:39.853000+00:00,,39.091,29.902,222,209,True,256.748,"[2064, 2064, 2048, 2048, 2048, 2048, 2048]","[2048, 2048, 2048, 2048, 2048, 2048, 2048, 2048]","[2048, 2048, 2048, 2048, 2048, 2048, 2048]",98
1287,11303,77,7,2026-06-13T14:14:42.704000+00:00,,38.639,27.454,202,204,True,249.799,"[2064, 2064, 2048, 2048, 2048, 2048, 2048]","[2048, 2048, 2048, 2048, 2048, 2048, 2048, 2048]","[2048, 2048, 2048, 2048, 2048, 2048, 2049]",100
1287,11303,11,4,2026-06-13T14:14:50.421000+00:00,,36.837,28.202,207,195,True,377.121,"[2064, 2064, 2048, 2048, 2048, 2048, 2048]","[2048, 2048, 2048, 2048, 2048, 2048, 2048, 2048]","[2048, 2048, 2048, 2048, 2048, 2048, 2048]",120
1287,11303,10,5,2026-06-13T14:15:32.780000+00:00,22.43,30.88,23.289,279,290,False,76.599,"[2048, 2048, 2051, 2048, 2048, 2048, 2048]","[2049, 2049, 2049, 2049, 2049, 2049, 2048, 2049]","[2049, 2049, 2049, 2048, 2048, 2049, 2049]",337
1287,11303,43,5,2026-06-13T14:15:40.717000+00:00,22.32,31.041,23.229,274,283,False,76.59,"[2048, 2048, 2049, 2049, 2049, 2049, 2048]","[2049, 2049, 2049, 2049, 2049, 2049, 2049, 2049]","[2049, 2049, 2049, 2049, 2049, 2049]",336
1287,11303,23,8,2026-06-13T14:15:49.748000+00:00,22.492,31.396,23.536,283,288,False,77.424,"[2048, 2048, 2048, 2049, 2049, 2048, 2051]","[2049, 2048, 2049, 2048, 2049, 2048, 2049, 2049]","[2049, 2049, 2049, 2048, 2049, 2048]",322
1287,11303,18,7,2026-06-13T14:16:00.327000+00:00,22.935,31.922,23.901,277,277,False,78.758,"[2048, 2048, 2048, 2049, 2049, 2049, 2049]","[2049, 2048, 2049, 2048, 2049, 2049, 2049, 2048]","[2049, 2049, 2049, 2049, 2049, 2049, 2048]",323
1287,11303,27,5,2026-06-13T14:16:08.185000+00:00,22.318,30.739,23.009,281,282,False,76.066,"[2049, 2049, 2049, 2048, 2048, 2049, 2049]","[2049, 2049, 2049, 2049, 2049, 2049, 2049, 2048]","[2049, 2049, 2049, 2049, 2048, 2051, 2049]",332
1287,11303,31,8,2026-06-13T14:16:11.912000+00:00,22.395,31.248,23.43,280,279,False,77.073,"[2049, 2051, 2049, 2049, 2049, 2049, 2048]","[2049, 2048, 2049, 2048, 2049, 2049, 2049, 2048]","[2049, 2049, 2049, 2049, 2049, 2048, 2048]",337
1287,11303,87,8,2026-06-13T14:16:17.421000+00:00,22.312,31.023,23.236,281,276,False,76.571,"[2049, 2048, 2049, 2049, 2049, 2049, 2048]","[2049, 2049, 2049, 2049, 2049, 2049, 2049, 2048]","[2049, 2049, 2049, 2049, 2049, 2049, 2048]",335
1287,11303,14,7,2026-06-13T14:16:28.519000+00:00,22.958,31.943,23.914,274,280,False,78.815,"[2048, 2048, 2048, 2049, 2048, 2048, 2049]","[2048, 2049, 2049, 2048, 2049, 2049, 2049, 2048]","[2049, 2049, 2049, 2049, 2048, 2048, 2048]",324
1287,11303,55,8,2026-06-13T14:16:34.305000+00:00,22.325,31.184,23.372,276,284,False,76.881,"[2049, 2049, 2049, 2049, 2049, 2049, 2049]","[2049, 2049, 2049, 2049, 2048, 2048, 2049, 2048]","[2049, 2049, 2049, 2048, 2049, 2048, 2048]",326
1287,11303,77,8,2026-06-13T14:16:37.690000+00:00,22.481,31.46,23.816,272,282,False,77.757,"[2048, 2048, 2049, 2049, 2049, 2049, 2048]","[2049, 2048, 2049, 2049, 2049, 2049, 2049, 2048]","[2049, 2048, 2049, 2048, 2049, 2049, 2049]",334
1287,11303,11,5,2026-06-13T14:16:43.549000+00:00,22.568,31.243,23.734,279,289,False,77.545,"[2048, 2049, 2049, 2049, 2049, 2049, 2049]","[2049, 2049, 2049, 2049, 2049, 2049, 2049, 2049]","[2049, 2049, 2049, 2049, 2048, 2048, 2048]",334
1287,11303,10,6,2026-06-13T14:16:49.315000+00:00,32.458,40.863,35.146,173,205,False,108.467,"[None, 2048, 2048, 2048, 2048, 2048, 2048]","[2048, 2048, 2048, 2048, 2048, 2048, 2048, 2048]","[2048, 2048, 2048, 2048, 2064, 2064, 2064]",252
1287,11303,43,6,2026-06-13T14:16:57.143000+00:00,33.36,42.111,35.937,169,170,False,111.408,"[None, 2048, 2048, 2048, 2048, 2048, 2048]","[2048, 2048, 2048, 2048, 2048, 2048, 2048, 2048]","[2048, 2048, 2048, 2048, 2064, 2064, 2064]",188
1287,11303,23,9,2026-06-13T14:17:07.151000+00:00,34.641,37.445,,199,261,False,,"[None, 2048, 2048, 2048, 2048, 2048, 2048]","[2048, 2048, 2048, 2048, 2048, 2048, 2048, 2048]",[2048],162
1287,11303,18,8,2026-06-13T14:17:19.107000+00:00,27.908,37.262,33.762,185,190,False,98.932,"[None, 2048, 2048, 2048, 2048, 2048, 2048]","[2048, 2048, 2048, 2048, 2048, 2048, 2048, 2048]","[2048, 2048, 2048, 2048, 2064, 2064, 2064]",275
1287,11303,27,6,2026-06-13T14:17:24.273000+00:00,29.255,41.121,36.245,199,179,False,106.621,"[2048, 2048, 2048, 2048, 2048, 2048, 2048]","[2048, 2048, 2048, 2048, 2048, 2048, 2048, 2048]","[2048, 2048, 2048, 2048, 2064, 2064, 2064]",249
1287,11303,31,9,2026-06-13T14:17:28.794000+00:00,29.411,41.458,36.632,183,186,False,107.501,"[2048, 2048, 2048, 2048, 2048, 2048, 2048]","[2048, 2048, 2048, 2048, 2048, 2048, 2048, 2048]","[2048, 2048, 2048, 2048, 2064, 2064, 2064]",291
1287,11303,87,9,2026-06-13T14:17:33.916000+00:00,34.016,42.824,33.504,156,225,False,110.344,"[2048, 2048, 2048, 2048, 2048, 2048, 2048]","[2048, 2048, 2048, 2048, 2048, 2048, 2048, 2048]","[2048, 2048, 2048, 2048, 2064, 2064, 2064]",191
1287,11303,14,8,2026-06-13T14:17:47.428000+00:00,27.776,36.51,34.14,234,192,False,98.426,"[None, 2048, 2048, 2048, 2048, 2048, 2048]","[2048, 2048, 2048, 2048, 2048, 2048, 2048, 2048]","[2048, 2048, 2048, 2048, 2064, 2064, 2064]",219
1287,11303,55,9,2026-06-13T14:17:51.206000+00:00,31.534,39.293,32.819,192,223,False,103.646,"[2048, 2048, 2048, 2048, 2048, 2048, 2048]","[2048, 2048, 2048, 2048, 2048, 2048, 2048, 2048]","[2048, 2048, 2048, 2048, 2064, 2064, 2064]",191
1287,11303,77,9,2026-06-13T14:17:55.466000+00:00,31.02,41.24,37.44,162,169,False,109.7,"[None, 2048, 2048, 2048, 2048, 2048, 2048]","[2048, 2048, 2048, 2048, 2048, 2048, 2048, 2048]","[2048, 2048, 2048, 2048, 2064, 2064, 2064]",233
1287,11303,11,6,2026-06-13T14:18:00.932000+00:00,31.095,38.621,36.666,199,193,False,106.382,"[None, 2048, 2048, 2048, 2048, 2048, 2048]","[2048, 2048, 2048, 2048, 2048, 2048, 2048, 2048]","[2048, 2048, 2048, 2048, 2064, 2064, 2064]",194
1287,11303,10,7,2026-06-13T14:27:32.572000+00:00,,40.958,27.667,187,226,True,642.043,"[2064, 2064, 2049, 2049, 2049, 2049, 2049]","[2049, 2049, 2049, 2049, 2051, 2049, 2049, 2049]","[2049, 2051, 2051, 2051, 2051, 2051, 2051]",124
1287,11303,43,7,2026-06-13T14:27:33.693000+00:00,,41.182,27.888,192,237,True,640.872,"[2064, 2064, 2049, 2049, 2049, 2049, 2049]","[2049, 2049, 2049, 2049, 2049, 2049, 2049, 2049]","[2051, 2049, 2049, 2051, 2051, 2051]",77
1287,11303,27,7,2026-06-13T14:27:38.869000+00:00,,41.031,26.522,184,238,True,628.521,"[2064, 2064, 2049, 2049, 2049, 2049, 2049]","[2049, 2049, 2049, 2049, 2049, 2049, 2049, 2049]","[2049, 2049, 2051, 2051, 2051, 2051, 2051]",114
1287,11303,55,10,2026-06-13T14:27:41.298000+00:00,,40.983,28.759,215,224,True,612.029,"[2064, 2064, 2049, 2049, 2049, 2049, 2049]","[2049, 2051, 2049, 2049, 2049, 2051, 2049, 2049]","[2049, 2049, 2049, 2049, 2049, 2049, 2049]",101
1287,11303,3,4,2026-06-13T14:27:44.435000+00:00,,39.91,27.16,196,235,True,1196.015,"[2064, 2064, 2049, 2049, 2049, 2049, 2049]","[2049, 2049, 2049, 2049, 2049, 2049, 2051, 2049]","[2049, 2049, 2051, 2051, 2051, 2051]",158
1287,11303,41,4,2026-06-13T14:27:46.880000+00:00,,39.022,27.199,199,226,True,1136.432,"[2064, 2064, 2049, 2049, 2049, 2049, 2049]","[2049, 2049, 2049, 2049, 2049, 2049, 2049, 2049]","[2051, 2049, 2049, 2049, 2049, 2051, 2051]",138
1287,11303,30,4,2026-06-13T14:27:52.458000+00:00,,38.843,27.774,202,207,True,1123.725,"[2064, 2064, 2049, 2049, 2049, 2049, 2049]","[2049, 2049, 2049, 2049, 2049, 2049, 2049, 2049]","[2049, 2049, 2049, 2049, 2049, 2049, 2049]",126
1287,11303,6,4,2026-06-13T14:28:34.838000+00:00,,38.872,27.295,203,256,True,1191.455,"[2064, 2064, 2049, 2049, 2049, 2049, 2049]","[2049, 2049, 2049, 2049, 2049, 2049, 2049, 2049]","[2049, 2049, 2049, 2049, 2049, 2049, 2049]",153
1287,11303,16,4,2026-06-13T14:28:38.191000+00:00,,42.289,26.511,180,193,True,1209.022,"[2064, 2064, 2049, 2049, 2049, 2049, 2049]","[2049, 2049, 2049, 2049, 2049, 2049, 2049, 2049]","[2049, 2049, 2049, 2049, 2049, 2049, 2049]",143
1287,11303,12,4,2026-06-13T14:28:42.856000+00:00,,41.159,30.698,199,238,True,1155.362,"[2064, 2064, 2049, 2049, 2049, 2049, 2049]","[2049, 2049, 2049, 2049, 2049, 2049, 2049, 2049]","[2049, 2049, 2049, 2049, 2049, 2049, 2049]",100
1287,11303,5,4,2026-06-13T14:28:47.589000+00:00,,36.706,35.385,202,221,True,1162.944,"[2064, 2064, 2049, 2049, 2049, 2049, 2049]","[2049, 2049, 2049, 2049, 2049, 2049, 2049, 2049]","[2049, 2049, 2049, 2049, 2049, 2049, 2049]",186
1287,11303,63,4,2026-06-13T14:28:56.025000+00:00,,40.458,31.587,204,203,True,1197.621,"[2064, 2064, 2049, 2049, 2049, 2049, 2049]","[2049, 2049, 2049, 2049, 2049, 2049, 2049, 2049]","[2049, 2049, 2049, 2049, 2049, 2049]",118
1287,11303,44,4,2026-06-13T14:29:11.610000+00:00,,41.171,30.469,191,215,True,1194.1,"[2064, 2064, 2049, 2049, 2049, 2049, 2049]","[2049, 2049, 2049, 2049, 2049, 2049, 2049, 2049]","[2049, 2049, 2049, 2049, 2049, 2049]",85
1287,11303,81,4,2026-06-13T14:29:19.329000+00:00,,40.578,31.796,221,122,True,1141.433,"[2064, 2064, 2049, 2049, 2049, 2049, 2049]","[2049, 2049, 2049, 2049, 2049, 2049, 2049, 2049]","[2049, 2049, 2049, 2049, 2049, 2049, 2049]",130
1287,11303,10,8,2026-06-13T14:29:19.860000+00:00,22.758,31.353,23.515,277,287,False,77.626,"[2049, 2049, 2049, 2049, 2049, 2049, 2049]","[2049, 2049, 2049, 2049, 2049, 2049, 2049, 2049]","[2051, 2049, 2051, 2051, 2051, 2051]",337
1287,11303,87,10,2026-06-13T14:29:24.704000+00:00,,44.659,27.074,154,154,True,717.584,"[2064, 2064, 2049, 2049, 2049, 2049, 2049]","[2049, 2049, 2049, 2049, 2049, 2049, 2049, 2049]","[2049, 2049, 2049, 2049, 2049, 2049]",116
1287,11303,43,8,2026-06-13T14:29:29.485000+00:00,22.414,31.496,23.466,275,288,False,77.376,"[2049, 2049, 2049, 2049, 2049, 2049, 2049]","[2049, 2049, 2049, 2049, 2049, 2049, 2049, 2049]","[2049, 2051, 2051, 2051, 2049, 2051]",334
1287,11303,27,8,2026-06-13T14:29:39.389000+00:00,22.33,31.314,23.278,281,288,False,76.922,"[2049, 2049, 2049, 2049, 2049, 2049, 2049]","[2051, 2049, 2049, 2049, 2049, 2049, 2049, 2049]","[2049, 2049, 2049, 2051, 2051, 2051, 2048]",329
1287,11303,1,4,2026-06-13T14:29:41.345000+00:00,,37.651,28.251,81,237,True,1169.155,"[2064, 2064, 2049, 2049, 2049, 2049, 2049]","[2049, 2049, 2049, 2049, 2049, 2049, 2049, 2049]","[2049, 2049, 2049, 2049, 2049, 2049]",140
1287,11303,55,11,2026-06-13T14:29:46.870000+00:00,22.948,31.795,23.652,271,287,False,78.395,"[2049, 2049, 2049, 2049, 2049, 2049, 2049]","[2049, 2049, 2049, 2049, 2049, 2049, 2049, 2049]","[2049, 2049, 2049, 2049, 2049, 2049]",325
1287,11303,3,5,2026-06-13T14:29:54.793000+00:00,21.851,30.517,23.116,279,292,False,75.484,"[2049, 2051, 2051, 2049, 2051, 2049, 2049]","[2049, 2049, 2049, 2051, 2049, 2049, 2051, 2051]","[2049, 2051, 2051, 2049, 2049, 2049]",336
1287,11303,41,5,2026-06-13T14:30:01.840000+00:00,22.015,30.779,23.046,286,289,False,75.84,"[2051, 2049, 2049, 2049, 2049, 2049, 2051]","[2049, 2049, 2049, 2049, 2049, 2049, 2049, 2049]","[2051, 2049, 2049, 2049, 2051, 2051, 2048]",332
1287,11303,30,5,2026-06-13T14:30:10.806000+00:00,22.134,30.872,23.174,283,286,False,76.18,"[2049, 2049, 2049, 2049, 2049, 2049, 2049]","[2049, 2049, 2049, 2049, 2049, 2049, 2049, 2049]","[2049, 2049, 2049, 2049, 2049, 2049, 2048]",331
1287,11303,6,5,2026-06-13T14:30:21.141000+00:00,21.945,30.694,23.115,282,286,False,75.754,"[2049, 2049, 2049, 2049, 2049, 2049, 2049]","[2049, 2051, 2049, 2049, 2049, 2049, 2049, 2049]","[2049, 2049, 2049, 2049, 2049, 2049]",331
1287,11303,16,5,2026-06-13T14:30:31.521000+00:00,21.936,30.493,22.852,266,285,False,75.281,"[2049, 2049, 2049, 2051, 2049, 2051, 2049]","[2049, 2049, 2051, 2049, 2049, 2051, 2049, 2049]","[2051, 2051, 2049, 2049, 2049, 2049]",329
1287,11303,10,9,2026-06-13T14:30:37.460000+00:00,35.428,36.575,77.147,206,218,False,149.15,"[2048, 2048, 2048, 2048, 2048, 2048, 2048]","[2048, 2048, 2048, 2048, 2048, 2048, 2048, 2048]","[2048, 2048, 2048, 2048, 2064, 2064, 2064]",197
1287,11303,12,5,2026-06-13T14:30:40.568000+00:00,22.076,30.339,22.88,271,287,False,75.295,"[2049, 2049, 2049, 2049, 2049, 2049, 2049]","[2049, 2049, 2049, 2049, 2051, 2049, 2051, 2049]","[2049, 2049, 2051, 2049, 2049, 2049]",333
1287,11303,5,5,2026-06-13T14:30:45.971000+00:00,22.266,31.008,23.386,277,277,False,76.66,"[2049, 2049, 2049, 2049, 2049, 2049, 2049]","[2049, 2049, 2049, 2049, 2049, 2049, 2049, 2049]","[2049, 2049, 2049, 2049, 2049, 2049, 2048]",328
1287,11303,43,9,2026-06-13T14:30:46.825000+00:00,32.943,44.438,38.586,195,194,False,115.967,"[2048, 2048, 2048, 2048, 2048, 2048, 2048]","[2048, 2048, 2048, 2048, 2048, 2048, 2048, 2048]","[2048, 2048, 2048, 2048, 2064, 2064, 2064]",178
1287,11303,27,9,2026-06-13T14:30:56.340000+00:00,28.946,37.85,30.505,239,236,False,97.301,"[2048, 2048, 2048, 2048, 2048, 2048, 2048]","[2048, 2048, 2048, 2048, 2048, 2048, 2048, 2048]","[2048, 2048, 2048, 2048, 2064, 2064, 2064]",196
1287,11303,63,5,2026-06-13T14:31:00.465000+00:00,21.965,30.343,22.92,275,288,False,75.228,"[2049, 2049, 2049, 2049, 2049, 2049, 2049]","[2049, 2049, 2049, 2051, 2049, 2049, 2049, 2051]","[2049, 2049, 2049, 2049, 2049, 2051, 2048]",332
1287,11303,55,12,2026-06-13T14:31:05.238000+00:00,36.663,40.281,33.619,191,92,False,110.563,"[2048, 2048, 2048, 2048, 2048, 2048, 2048]","[2048, 2048, 2048, 2048, 2048, 2048, 2048, 2048]","[2048, 2048, 2048, 2048, 2064, 2064, 2064]",177
1287,11303,44,5,2026-06-13T14:31:07.753000+00:00,21.973,30.503,22.942,269,288,False,75.418,"[2049, 2049, 2049, 2049, 2049, 2049, 2049]","[2051, 2049, 2049, 2049, 2049, 2049, 2049, 2049]","[2051, 2049, 2049, 2049, 2049, 2049, 2048]",331
1287,11303,3,6,2026-06-13T14:31:10.271000+00:00,36.153,42.246,31.891,157,184,False,110.29,"[2048, 2048, 2048, 2048, 2048, 2048, 2048]","[2048, 2048, 2048, 2048, 2048, 2048, 2048, 2048]","[2048, 2048, 2048, 2048, 2064, 2064, 2064]",141
1287,11303,81,5,2026-06-13T14:31:15.210000+00:00,22.513,30.799,23.04,281,295,False,76.352,"[2049, 2049, 2049, 2049, 2049, 2049, 2049]","[2049, 2049, 2049, 2049, 2049, 2049, 2049, 2049]","[2049, 2049, 2049, 2051, 2051, 2049, 2049]",326
1287,11303,41,6,2026-06-13T14:31:17.674000+00:00,34.215,37.524,32.436,98,175,False,104.175,"[2048, 2048, 2048, 2048, 2048, 2048, 2048]","[2048, 2048, 2048, 2048, 2048, 2048, 2048, 2048]","[2048, 2048, 2048, 2048, 2064, 2064, 2064]",171
1287,11303,87,11,2026-06-13T14:31:21.871000+00:00,22.566,31.437,23.497,276,288,False,77.5,"[2049, 2049, 2049, 2049, 2049, 2049, 2049]","[2049, 2049, 2049, 2049, 2049, 2049, 2049, 2049]","[2049, 2049, 2049, 2049, 2049, 2049]",334
1287,11303,30,6,2026-06-13T14:31:27.009000+00:00,28.133,37.199,33.63,198,194,False,98.962,"[2048, 2048, 2048, 2048, 2048, 2048, 2048]","[2048, 2048, 2048, 2048, 2048, 2048, 2048, 2048]","[2048, 2048, 2048, 2048, 2064, 2064, 2064]",203
1287,11303,1,5,2026-06-13T14:31:29.789000+00:00,22.126,30.874,23.021,279,290,False,76.021,"[2049, 2051, 2049, 2049, 2049, 2049, 2049]","[2049, 2049, 2049, 2049, 2049, 2049, 2049, 2049]","[2049, 2049, 2049, 2049, 2049, 2049, 2048]",336
1287,11303,6,6,2026-06-13T14:31:36.827000+00:00,29.056,40.053,80.002,192,196,False,149.111,"[2048, 2048, 2048, 2048, 2048, 2048, 2048]","[2048, 2048, 2048, 2048, 2048, 2048, 2048, 2048]","[2048, 2048, 2048, 2048, 2064, 2064, 2064]",238
1287,11303,16,6,2026-06-13T14:31:46.738000+00:00,27.942,37.563,34.098,203,180,False,99.603,"[2048, 2048, 2048, 2048, 2048, 2048, 2048]","[2048, 2048, 2048, 2048, 2048, 2048, 2048, 2048]","[2048, 2048, 2048, 2048, 2064, 2064, 2064]",260
1287,11303,12,6,2026-06-13T14:31:55.703000+00:00,28.496,36.305,32.86,223,211,False,97.661,"[2048, 2048, 2048, 2048, 2048, 2048, 2048]","[2048, 2048, 2048, 2048, 2048, 2048, 2048, 2048]","[2048, 2048, 2048, 2048, 2064, 2064, 2064]",241
1287,11303,5,6,2026-06-13T14:32:02.640000+00:00,30.362,40.501,33.832,189,175,False,104.695,"[2048, 2048, 2048, 2048, 2048, 2048, 2048]","[2048, 2048, 2048, 2048, 2048, 2048, 2048, 2048]","[2048, 2048, 2048, 2048, 2064, 2064, 2064]",251
1287,11303,63,6,2026-06-13T14:32:15.816000+00:00,31.786,40.05,35.982,205,193,False,107.818,"[2048, 2048, 2048, 2048, 2048, 2048, 2048]","[2048, 2048, 2048, 2048, 2048, 2048, 2048, 2048]","[2048, 2048, 2048, 2048, 2064, 2064, 2064]",192
1287,11303,44,6,2026-06-13T14:32:23.210000+00:00,30.203,35.382,32.457,193,216,False,98.042,"[2048, 2048, 2048, 2048, 2048, 2048, 2048]","[2048, 2048, 2048, 2048, 2048, 2048, 2048, 2048]","[2048, 2048, 2048, 2048, 2064, 2064, 2064]",206
1287,11303,81,6,2026-06-13T14:32:31.641000+00:00,27.971,33.687,31.794,234,236,False,93.452,"[2048, 2048, 2048, 2048, 2048, 2048, 2048]","[2048, 2048, 2048, 2048, 2048, 2048, 2048, 2048]","[2048, 2048, 2048, 2048, 2064, 2064, 2064]",206
1287,11303,87,12,2026-06-13T14:32:39.360000+00:00,25.193,34.54,59.713,233,239,False,119.446,"[2048, 2048, 2048, 2048, 2048, 2048, 2048]","[2048, 2048, 2048, 2048, 2048, 2048, 2048, 2048]","[2048, 2048, 2048, 2048, 2064, 2064, 2064]",289
1287,11303,1,6,2026-06-13T14:32:45.861000+00:00,27.569,35.846,31.636,204,204,False,95.051,"[2048, 2048, 2048, 2048, 2048, 2048, 2048]","[2048, 2048, 2048, 2048, 2048, 2048, 2048, 2048]","[2048, 2048, 2048, 2048, 2064, 2064, 2064]",247
1287,11303,81,7,2026-06-13T14:35:42.541000+00:00,,38.166,25.83,235,247,True,192.657,"[2064, 2064, 2048, 2048, 2048, 2048, 2048]","[2048, 2048, 2048, 2048, 2048, 2048, 2048, 2048]","[2048, 2048, 2048, 2048, 2048, 2048, 2049]",165
1287,11303,1,7,2026-06-13T14:35:47.871000+00:00,,36.928,27.317,217,226,True,184.586,"[2064, 2064, 2048, 2048, 2048, 2048, 2048]","[2048, 2048, 2048, 2048, 2048, 2048, 2048, 2048]","[2048, 2048, 2048, 2048, 2048, 2048, 2049]",160
1287,11303,55,13,2026-06-13T14:35:54.996000+00:00,,36.516,27.77,233,224,True,279.838,"[2064, 2064, 2048, 2048, 2048, 2048, 2048]","[2048, 2048, 2048, 2048, 2048, 2048, 2048, 2048]","[2048, 2048, 2048, 2048, 2048, 2048, 2049]",171
1287,11303,41,7,2026-06-13T14:36:38.625000+00:00,,38.654,28.223,190,230,True,316.934,"[2064, 2064, 2048, 2048, 2048, 2048, 2048]","[2048, 2048, 2048, 2048, 2048, 2048, 2048, 2048]","[2048, 2048, 2048, 2048, 2048, 2048, 2048]",151
1287,11303,30,7,2026-06-13T14:36:42.192000+00:00,,38.131,27.559,210,212,True,318.89,"[2064, 2064, 2048, 2048, 2048, 2048, 2048]","[2048, 2048, 2048, 2048, 2048, 2048, 2048, 2048]","[2048, 2048, 2048, 2048, 2048, 2048, 2049]",121
1287,11303,27,10,2026-06-13T14:36:45.206000+00:00,,38.407,28.431,200,242,True,361.19,"[2064, 2064, 2048, 2048, 2048, 2048, 2048]","[2048, 2048, 2048, 2048, 2048, 2048, 2048, 2048]","[2048, 2048, 2048, 2048, 2048, 2048, 2049]",179
1287,11303,87,13,2026-06-13T14:36:47.812000+00:00,,43.64,26.879,187,230,True,249.547,"[2064, 2064, 2048, 2048, 2048, 2048, 2048]","[2048, 2048, 2048, 2048, 2048, 2048, 2048, 2048]","[2048, 2048, 2048, 2048, 2048, 2048, 2049]",128
1287,11303,5,7,2026-06-13T14:37:04.191000+00:00,,37.182,34.745,229,226,True,309.105,"[2064, 2064, 2048, 2048, 2048, 2048, 2048]","[2048, 2048, 2048, 2048, 2048, 2048, 2048, 2048]","[2048, 2048, 2048, 2048, 2048, 2048, 2049]",143
1287,11303,10,10,2026-06-13T14:37:16.463000+00:00,,38.946,26.944,108,228,True,358.073,"[2064, 2064, 2048, 2048, 2048, 2048, 2048]","[2048, 2048, 2048, 2048, 2048, 2048, 2048, 2048]","[2048, 2048, 2048, 2048, 2048, 2048, 2048]",153
1287,11303,43,10,2026-06-13T14:37:17.432000+00:00,,40.882,28.534,178,243,True,392.541,"[2064, 2064, 2048, 2048, 2048, 2048, 2048]","[2048, 2048, 2048, 2048, 2048, 2048, 2048, 2048]","[2048, 2048, 2048, 2048, 2048, 2048, 2049]",100
1287,11303,81,8,2026-06-13T14:37:17.791000+00:00,22.063,30.527,22.928,280,292,False,75.518,"[2049, 2049, 2048, 2049, 2049, 2049, 2049]","[2049, 2049, 2049, 2048, 2049, 2049, 2049, 2048]","[2049, 2049, 2049, 2048, 2051, 2048]",327
1287,11303,1,8,2026-06-13T14:37:25.586000+00:00,22.099,30.425,22.837,273,289,False,75.361,"[2048, 2048, 2048, 2049, 2049, 2049, 2048]","[2048, 2049, 2049, 2049, 2049, 2049, 2049, 2048]","[2049, 2049, 2049, 2051, 2048, 2048, 2048]",329
1287,11303,55,14,2026-06-13T14:37:35.680000+00:00,22.769,31.645,23.413,274,294,False,77.827,"[2049, 2049, 2048, 2049, 2049, 2049, 2049]","[2048, 2049, 2049, 2049, 2049, 2048, 2049, 2049]","[2049, 2049, 2049, 2049, 2049, 2049]",323
1287,11303,41,8,2026-06-13T14:38:18.898000+00:00,28.279,40.887,69.58,142,159,False,138.746,"[2048, 2048, 2048, 2048, 2048, 2048, 2048]","[2048, 2048, 2048, 2048, 2048, 2048, 2048, 2048]","[2048, 2048, 2048, 2048, 2064, 2064, 2064]",287
1287,11303,30,8,2026-06-13T14:38:24.991000+00:00,22.038,30.61,22.937,283,283,False,75.585,"[2049, 2049, 2049, 2049, 2049, 2049, 2048]","[2049, 2051, 2049, 2049, 2049, 2048, 2049, 2048]","[2049, 2049, 2049, 2049, 2051, 2049, 2048]",330
1287,11303,81,9,2026-06-13T14:38:33.240000+00:00,30.037,41.713,32.667,206,215,False,104.417,"[2048, 2048, 2048, 2048, 2048, 2048, 2048]","[2048, 2048, 2048, 2048, 2048, 2048, 2048, 2048]","[2048, 2048, 2048, 2048, 2064, 2064, 2064]",214
1287,11303,27,11,2026-06-13T14:38:34.830000+00:00,22.191,30.655,22.922,278,286,False,75.768,"[2049, 2049, 2049, 2049, 2049, 2049, 2048]","[2049, 2049, 2049, 2049, 2049, 2049, 2049, 2049]","[2049, 2049, 2049, 2049, 2051, 2048, 2048]",330
1287,11303,1,9,2026-06-13T14:38:40.913000+00:00,30.455,38.499,32.794,181,112,False,101.748,"[None, 2048, 2048, 2048, 2048, 2048, 2048]","[2048, 2048, 2048, 2048, 2048, 2048, 2048, 2048]","[2048, 2048, 2048, 2048, 2064, 2064, 2064]",254
1287,11303,87,14,2026-06-13T14:38:48.472000+00:00,22.176,31.004,23.209,279,281,False,76.389,"[2049, 2048, 2049, 2049, 2049, 2049, 2049]","[2049, 2049, 2049, 2048, 2049, 2048, 2049, 2049]","[2049, 2049, 2049, 2049, 2049, 2049, 2048]",334
1287,11303,55,15,2026-06-13T14:38:53.455000+00:00,34.182,40.345,34.288,175,140,False,108.815,"[2048, 2048, 2048, 2048, 2048, 2048, 2048]","[2048, 2048, 2048, 2048, 2048, 2048, 2048, 2048]","[2048, 2048, 2048, 2048, 2064, 2064, 2064]",154
1287,11303,5,8,2026-06-13T14:38:56.482000+00:00,22.111,30.878,23.012,275,281,False,76.001,"[2048, 2049, 2049, 2049, 2048, 2049, 2049]","[2048, 2049, 2049, 2048, 2049, 2049, 2049, 2049]","[2049, 2049, 2049, 2049, 2049, 2051, 2048]",334
1287,11303,10,11,2026-06-13T14:39:04.791000+00:00,22.136,30.906,23.219,282,288,False,76.261,"[2049, 2051, 2051, 2049, 2049, 2049, 2049]","[2049, 2049, 2049, 2048, 2049, 2049, 2049, 2049]","[2049, 2049, 2049, 2049, 2049, 2049]",340
1287,11303,43,11,2026-06-13T14:39:15.422000+00:00,22.156,30.92,23.115,280,285,False,76.191,"[2049, 2049, 2049, 2049, 2049, 2049, 2049]","[2049, 2049, 2049, 2049, 2049, 2049, 2049, 2048]","[2049, 2049, 2049, 2049, 2049, 2049, 2048]",335
1287,11303,30,9,2026-06-13T14:39:40.392000+00:00,28.018,36.849,35.084,212,202,False,99.951,"[2048, 2048, 2048, 2048, 2048, 2048, 2048]","[2048, 2048, 2048, 2048, 2048, 2048, 2048, 2048]","[2048, 2048, 2048, 2048, 2064, 2064, 2064]",275
1287,11303,27,12,2026-06-13T14:39:50.562000+00:00,28.602,39.144,34.241,188,191,False,101.987,"[2048, 2048, 2048, 2048, 2048, 2048, 2048]","[2048, 2048, 2048, 2048, 2048, 2048, 2048, 2048]","[2048, 2048, 2048, 2048, 2064, 2064, 2064]",242
1287,11303,87,15,2026-06-13T14:40:04.869000+00:00,33.64,42.738,35.153,170,176,False,111.531,"[2048, 2048, 2048, 2048, 2048, 2048, 2048]","[2048, 2048, 2048, 2048, 2048, 2048, 2048, 2048]","[2048, 2048, 2048, 2048, 2064, 2064, 2064]",157
1287,11303,5,9,2026-06-13T14:40:12.492000+00:00,31.904,40.382,,163,178,False,,"[None, 2048, 2048, 2048, 2048, 2048, 2048]","[2048, 2048, 2048, 2048, 2048, 2048, 2048, 2048]",[2048],217
1287,11303,10,12,2026-06-13T14:40:20.924000+00:00,32.45,40.085,35.081,174,219,False,107.616,"[2048, 2048, 2048, 2048, 2048, 2048, 2048]","[2048, 2048, 2048, 2048, 2048, 2048, 2048, 2048]","[2048, 2048, 2048, 2048, 2064, 2064, 2064]",223
1287,11303,43,12,2026-06-13T14:40:31.556000+00:00,31.351,38.602,40.443,202,168,False,110.396,"[2048, 2048, 2048, 2048, 2048, 2048, 2048]","[2048, 2048, 2048, 2048, 2048, 2048, 2048, 2048]","[2048, 2048, 2048, 2048, 2064, 2064, 2064]",189
1287,11303,3,7,2026-06-13T14:48:28.758000+00:00,,39.002,25.604,197,248,True,1026.537,"[2064, 2064, 2049, 2049, 2049, 2049, 2049]","[2049, 2049, 2049, 2049, 2049, 2049, 2051, 2051]","[2051, 2049, 2049, 2051, 2051, 2051, 2051]",154
1287,11303,81,10,2026-06-13T14:48:32.513000+00:00,,39.39,25.75,232,237,True,596.922,"[2064, 2064, 2049, 2049, 2049, 2049, 2051]","[2051, 2051, 2049, 2049, 2049, 2051, 2049, 2049]","[2049, 2049, 2049, 2049, 2049, 2049, 2049]",129
1287,11303,1,10,2026-06-13T14:48:35.563000+00:00,,37.99,25.972,215,227,True,599.094,"[2064, 2064, 2049, 2049, 2051, 2049, 2049]","[2049, 2049, 2051, 2049, 2051, 2049, 2049, 2049]","[2049, 2051, 2051, 2049, 2049, 2049]",134
1287,11303,30,10,2026-06-13T14:48:38.676000+00:00,,39.117,27.615,200,216,True,552.668,"[2064, 2064, 2049, 2049, 2049, 2049, 2049]","[2049, 2049, 2049, 2051, 2049, 2049, 2049, 2049]","[2049, 2049, 2049, 2049, 2049, 2049, 2049]",117
1287,11303,16,7,2026-06-13T14:48:44.531000+00:00,,42.005,26.454,168,220,True,1038.105,"[2064, 2064, 2049, 2049, 2049, 2049, 2049]","[2049, 2049, 2049, 2049, 2049, 2049, 2049, 2049]","[2049, 2049, 2049, 2049, 2049, 2049, 2051]",92
1287,11303,6,7,2026-06-13T14:49:08.204000+00:00,,42.533,27.787,200,256,True,1008.0,"[2064, 2064, 2049, 2049, 2049, 2049, 2049]","[2049, 2049, 2049, 2049, 2049, 2049, 2049, 2049]","[2049, 2049, 2049, 2049, 2049, 2049]",159
1287,11303,44,7,2026-06-13T14:49:14.441000+00:00,,42.015,29.392,192,152,True,1019.222,"[2064, 2064, 2049, 2049, 2049, 2049, 2049]","[2049, 2049, 2049, 2049, 2049, 2049, 2049, 2049]","[2049, 2049, 2049, 2049, 2049, 2049, 2051]",144
1287,11303,27,13,2026-06-13T14:49:20.458000+00:00,,42.363,31.061,195,208,True,576.854,"[2064, 2064, 2049, 2049, 2049, 2049, 2049]","[2049, 2049, 2049, 2049, 2049, 2049, 2049, 2049]","[2049, 2049, 2049, 2051, 2049, 2049]",111
1287,11303,12,7,2026-06-13T14:49:44.506000+00:00,,40.367,29.897,200,244,True,1073.648,"[2064, 2064, 2049, 2049, 2049, 2049, 2049]","[2049, 2049, 2049, 2049, 2049, 2049, 2049, 2049]","[2049, 2049, 2049, 2049, 2049, 2049, 2049]",172
1287,11303,63,7,2026-06-13T14:49:55.828000+00:00,,44.43,,182,128,True,,"[2064, 2064, 2049, 2049, 2049, 2049, 2049]","[2049, 2049, 2049, 2049, 2049, 2049, 2049, 2049]",[2049],181
1287,11303,3,8,2026-06-13T14:50:07.243000+00:00,21.921,30.532,22.875,280,291,False,75.328,"[2049, 2049, 2049, 2049, 2051, 2049, 2049]","[2049, 2051, 2049, 2051, 2049, 2049, 2049, 2049]","[2049, 2049, 2051, 2051, 2051, 2051]",329
1287,11303,81,11,2026-06-13T14:50:14.579000+00:00,21.9,30.556,22.72,278,291,False,75.176,"[2049, 2049, 2049, 2049, 2049, 2049, 2049]","[2049, 2049, 2049, 2049, 2049, 2049, 2049, 2049]","[2051, 2051, 2049, 2051, 2049, 2051]",332
1287,11303,1,11,2026-06-13T14:50:21.683000+00:00,21.928,30.34,,272,292,False,,"[2049, 2049, 2049, 2049, 2049, 2049, 2049]","[2049, 2049, 2051, 2049, 2051, 2051, 2051, 2051]",[2049],333
1287,11303,30,11,2026-06-13T14:50:33.118000+00:00,22.425,30.988,,280,290,False,,"[2049, 2049, 2051, 2049, 2049, 2049, 2049]","[2049, 2049, 2049, 2049, 2049, 2049, 2049, 2049]",[2048],331
1287,11303,16,8,2026-06-13T14:50:44.477000+00:00,21.904,42.005,,266,,False,,"[2049, 2049, 2049, 2051, 2049, 2051, 2049]","[2051, 2052]",,331
1287,11303,6,8,2026-06-13T14:50:53.958000+00:00,21.978,,,284,,False,,"[2049, 2049, 2049, 2049, 2049, 2049, 2051]","[2049, 2048, 2048, 2048, 2048, 2048, 2048, 2048]",[2048],330
1287,11303,44,8,2026-06-13T14:51:00.520000+00:00,21.873,,,267,,False,,"[2051, 2051, 2049, 2049, 2049, 2049, 2049]","[2049, 2049, 2048, 2048, 2048, 2048, 2048, 2048]",[2048],333
1287,11303,27,14,2026-06-13T14:51:09.295000+00:00,,,,,,False,,"[2049, 2049, 2049, 2049, 2049, 2049, 2049]","[2049, 2048, 2048, 2048, 2049, 2049, 2048, 2048]",[2049],331
1287,11303,3,9,2026-06-13T14:51:22.496000+00:00,,,,,,False,,"[2048, 2048, 2048, 2048, 2048, 2048, 2048]","[2048, 2048, 2048, 2048, 2048, 2048, 2048, 2048]",[2048],
1287,11303,12,8,2026-06-13T14:51:27.199000+00:00,,,,,,False,,"[2049, 2049, 2048, 2048, 2048, 2048, 2048]","[2048, 2048, 2048, 2048, 2048, 2048, 2048, 2048]",[2049],
1287,11303,81,12,2026-06-13T14:51:29.880000+00:00,,,,,,False,,"[2048, 2048, 2048, 2048, 2048, 2048, 2048]","[2048, 2048, 2048, 2048, 2048, 2048, 2048, 2048]",[2048],
1287,11303,12,9,2026-06-13T15:03:03.721000+00:00,,36.628,25.768,217,248,True,790.276,"[2064, 2064, 2049, 2049, 2049, 2049, 2049]","[2049, 2049, 2049, 2049, 2049, 2049, 2049, 2049]","[2049, 2049, 2049, 2049, 2049, 2049, 2051]",213
1287,11303,6,9,2026-06-13T15:03:11.464000+00:00,,36.351,27.271,224,266,True,832.835,"[2064, 2064, 2048, 2048, 2048, 2048, 2048]","[2048, 2049, 2049, 2049, 2049, 2049, 2049, 2049]","[2049, 2049, 2049, 2049, 2049, 2049, 2049]",191
1287,11303,63,8,2026-06-13T15:03:19.849000+00:00,,36.629,26.082,215,232,True,1857.032,"[None, 2064, 2049, 2049, 2049, 2049, 2049]","[2049, 2049, 2049, 2049, 2049, 2049, 2049, 2049]","[2049, 2049, 2049, 2049, 2049, 2049, 0]",191
1287,11303,44,9,2026-06-13T15:03:32.620000+00:00,,38.512,27.92,204,224,True,852.194,"[2064, 2064, 2048, 2048, 2048, 2048, 2048]","[2048, 2049, 2049, 2049, 2049, 2049, 2049, 2049]","[2049, 2049, 2049, 2049, 2048, 2048, 2048]",205
1287,11303,12,10,2026-06-13T15:04:37.388000+00:00,22.082,30.388,22.944,273,289,False,75.414,"[2049, 2049, 2049, 2049, 2049, 2049, 2049]","[2049, 2049, 2049, 2049, 2049, 2049, 2049, 2049]","[2049, 2051, 2049, 2049, 2049, 2049]",328
1287,11303,6,10,2026-06-13T15:04:46.937000+00:00,22.129,30.482,23.039,283,293,False,75.65,"[2048, 2048, 2048, 2048, 2049, 2048, 2048]","[2049, 2049, 2049, 2049, 2049, 2049, 2049, 2051]","[2049, 2049, 2049, 2049, 2049, 2051, 2048]",324
1287,11303,63,9,2026-06-13T15:05:00.551000+00:00,21.943,30.316,22.886,274,278,False,75.145,"[2051, 2049, 2049, 2049, 2049, 2049, 2049]","[2049, 2049, 2049, 2049, 2049, 2049, 2049, 2049]","[2049, 2049, 2049, 2049, 2049, 2051, 2048]",329
1287,11303,44,10,2026-06-13T15:05:12.735000+00:00,22.157,30.504,23.049,267,294,False,75.71,"[2048, 2048, 2048, 2048, 2048, 2048, 2048]","[2049, 2049, 2049, 2049, 2049, 2051, 2049, 2051]","[2049, 2049, 2049, 2049, 2049, 2049, 2048]",329
1287,11303,12,11,2026-06-13T15:05:52.735000+00:00,27.155,35.885,30.803,219,227,False,93.843,"[2048, 2048, 2048, 2048, 2048, 2048, 2048]","[2048, 2048, 2048, 2048, 2048, 2048, 2048, 2048]","[2048, 2048, 2048, 2048, 2064, 2064, 2064]",256
1287,11303,6,11,2026-06-13T15:06:02.368000+00:00,24.828,34.327,30.918,243,241,False,90.073,"[None, 2048, 2048, 2048, 2048, 2048, 2048]","[2048, 2048, 2048, 2048, 2048, 2048, 2048, 2048]","[2048, 2048, 2048, 2048, 2064, 2064, 2064]",297
1287,11303,63,10,2026-06-13T15:06:15.781000+00:00,27.421,37.868,36.293,215,185,False,101.582,"[2048, 2048, 2048, 2048, 2048, 2048, 2048]","[2048, 2048, 2048, 2048, 2048, 2048, 2048, 2048]","[2048, 2048, 2048, 2048, 2064, 2064, 2064]",292
1287,11303,44,11,2026-06-13T15:06:28.373000+00:00,24.3,32.989,32.14,243,227,False,89.429,"[None, 2048, 2048, 2048, 2048, 2048, 2048]","[2048, 2048, 2048, 2048, 2048, 2048, 2048, 2048]","[2048, 2048, 2048, 2048, 2064, 2064, 2064]",290
1287,11303,12,12,2026-06-13T15:08:11.748000+00:00,78.555,37.815,25.974,208,246,True,142.344,"[2064, 2064, 2048, 2048, 2048, 2048, 2048]","[2048, 2048, 2048, 2048, 2048, 2048, 2048, 2048]","[2048, 2048, 2048, 2048, 2048, 2048, 2049]",155
1287,11303,63,11,2026-06-13T15:08:22.227000+00:00,57.275,40.303,26.225,205,233,True,123.803,"[2064, 2064, 2048, 2048, 2048, 2048, 2048]","[2048, 2048, 2048, 2048, 2048, 2048, 2048, 2048]","[2048, 2048, 2048, 2048, 2048, 2048, 2048]",172
1287,11303,1,12,2026-06-13T15:08:28.463000+00:00,,40.608,27.264,222,211,True,1187.311,"[2064, 2064, 2048, 2048, 2048, 2048, 2048]","[2048, 2048, 2048, 2048, 2048, 2048, 2048, 2048]","[2048, 2048, 2048, 2048, 2048, 2048, 2048]",147
1287,11303,27,15,2026-06-13T15:08:34.651000+00:00,,40.945,30.873,197,199,True,1148.436,"[2064, 2064, 2048, 2048, 2048, 2048, 2048]","[2048, 2048, 2049, 2049, 2049, 2049, 2048, 2048]","[2048, 2048, 2048, 2048, 2049, 2049, 2048]",169
1287,11303,30,12,2026-06-13T15:08:38.663000+00:00,,39.461,29.648,209,214,True,1191.366,"[2064, 2064, 2048, 2048, 2048, 2048, 2048]","[2048, 2048, 2048, 2048, 2048, 2048, 2048, 2048]","[2048, 2048, 2048, 2048, 2048, 2048, 2049]",148
1287,11303,81,13,2026-06-13T15:08:40.899000+00:00,,40.692,28.009,230,109,True,1142.0,"[2064, 2064, 2048, 2048, 2048, 2048, 2048]","[2048, 2048, 2048, 2048, 2048, 2048, 2048, 2048]","[2048, 2048, 2048, 2048, 2048, 2048, 2048]",147
1287,11303,3,10,2026-06-13T15:08:48.392000+00:00,,38.819,28.068,224,252,True,1157.095,"[2064, 2064, 2048, 2048, 2048, 2048, 2048]","[2048, 2048, 2048, 2048, 2048, 2048, 2048, 2048]","[2048, 2048, 2048, 2048, 2048, 2048, 2049]",154
1287,11303,6,12,2026-06-13T15:09:07.949000+00:00,,40.876,28.417,200,272,True,196.702,"[2064, 2064, 2048, 2048, 2048, 2048, 2048]","[2048, 2048, 2048, 2048, 2048, 2048, 2048, 2048]","[2048, 2048, 2048, 2048, 2048, 2048, 2048]",178
1287,11303,44,12,2026-06-13T15:09:14.021000+00:00,,41.239,28.2,207,208,True,178.328,"[2064, 2064, 2048, 2048, 2048, 2048, 2048]","[2048, 2048, 2048, 2048, 2048, 2048, 2048, 2048]","[2048, 2048, 2048, 2048, 2048, 2048, 2049]",208
1287,11303,12,13,2026-06-13T15:09:48.966000+00:00,21.879,30.204,22.915,273,288,False,74.998,"[2049, 2049, 2049, 2049, 2049, 2049, 2049]","[2048, 2049, 2049, 2048, 2049, 2049, 2049, 2048]","[2049, 2048, 2049, 2048, 2049, 2049, 2048]",328
1287,11303,63,12,2026-06-13T15:10:01.229000+00:00,21.849,30.115,22.715,273,281,False,74.679,"[2048, 2049, 2049, 2049, 2049, 2049, 2048]","[2049, 2049, 2051, 2049, 2051, 2049, 2051, 2049]","[2049, 2051, 2051, 2049, 2049, 2051, 2048]",332
1287,11303,1,13,2026-06-13T15:10:09.026000+00:00,21.992,30.237,22.772,274,286,False,75.001,"[2048, 2048, 2048, 2048, 2048, 2049, 2049]","[2049, 2049, 2048, 2049, 2049, 2051, 2048, 2048]","[2048, 2049, 2048, 2048, 2051, 2049, 2048]",329
1287,11303,27,16,2026-06-13T15:10:17.849000+00:00,22.418,31.057,23.182,279,281,False,76.657,"[2048, 2048, 2049, 2048, 2048, 2049, 2049]","[2049, 2049, 2049, 2049, 2049, 2049, 2049, 2049]","[2049, 2049, 2049, 2051, 2049, 2049, 2048]",330
1287,11303,30,13,2026-06-13T15:10:24.572000+00:00,22.438,30.822,23.282,279,291,False,76.542,"[2049, 2049, 2048, 2048, 2048, 2049, 2049]","[2048, 2049, 2049, 2049, 2049, 2048, 2049, 2049]","[2049, 2049, 2049, 2049, 2049, 2049]",331
1287,11303,81,14,2026-06-13T15:10:31.807000+00:00,21.917,30.255,22.918,276,286,False,75.09,"[2049, 2049, 2049, 2048, 2048, 2048, 2048]","[2048, 2049, 2049, 2049, 2049, 2049, 2049, 2048]","[2048, 2048, 2048, 2048, 2049, 2049, 2048]",333
1287,11303,3,11,2026-06-13T15:10:39.696000+00:00,21.828,30.184,23.009,278,290,False,75.021,"[2049, 2049, 2049, 2049, 2051, 2049, 2048]","[2048, 2049, 2049, 2051, 2049, 2049, 2049, 2049]","[2048, 2048, 2048, 2048, 2048, 2049, 2048]",333
1287,11303,6,13,2026-06-13T15:10:49.301000+00:00,21.942,30.212,22.923,282,293,False,75.077,"[2048, 2048, 2051, 2049, 2049, 2049, 2048]","[2049, 2051, 2049, 2048, 2049, 2049, 2049, 2048]","[2049, 2049, 2049, 2049, 2051, 2049, 2048]",328
1287,11303,44,13,2026-06-13T15:10:56.200000+00:00,21.886,30.008,22.849,268,288,False,74.743,"[2049, 2051, 2049, 2048, 2048, 2048, 2049]","[2051, 2049, 2049, 2049, 2051, 2051, 2049, 2048]","[2049, 2051, 2049, 2049, 2049, 2049, 2048]",333
1287,11303,12,14,2026-06-13T15:11:04.049000+00:00,28.776,37.798,38.031,200,213,False,104.605,"[2048, 2048, 2048, 2048, 2048, 2048, 2048]","[2048, 2048, 2048, 2048, 2048, 2048, 2048, 2048]","[2048, 2048, 2048, 2048, 2064, 2064, 2064]",262
1287,11303,63,13,2026-06-13T15:11:15.887000+00:00,33.787,41.815,40.386,183,197,False,115.988,"[None, 2048, 2048, 2048, 2048, 2048, 2048]","[2048, 2048, 2048, 2048, 2048, 2048, 2048, 2048]","[2048, 2048, 2048, 2048, 2064, 2064, 2064]",157
1287,11303,1,14,2026-06-13T15:11:23.971000+00:00,29.846,43.959,,177,150,False,,"[None, 2048, 2048, 2048, 2048, 2048, 2048]","[2048, 2048, 2048, 2048, 2048, 2048, 2048, 2048]",[2048],220
1287,11303,27,17,2026-06-13T15:11:34.522000+00:00,29.76,41.283,,173,220,False,,"[None, 2048, 2048, 2048, 2048, 2048, 2048]","[2048, 2048, 2048, 2048, 2048, 2048, 2048, 2048]",[2048],246
1287,11303,30,14,2026-06-13T15:11:40.939000+00:00,31.261,39.541,,180,166,False,,"[2048, 2048, 2048, 2048, 2048, 2048, 2048]","[2048, 2048, 2048, 2048, 2048, 2048, 2048, 2048]",[2048],236
1287,11303,81,15,2026-06-13T15:11:46.750000+00:00,29.396,40.718,,199,181,False,,"[2048, 2048, 2048, 2048, 2048, 2048, 2048]","[2048, 2048, 2048, 2048, 2048, 2048, 2048, 2048]",[2048],236
1287,11303,3,12,2026-06-13T15:11:54.570000+00:00,33.192,39.21,,188,184,False,,"[2048, 2048, 2048, 2048, 2048, 2048, 2048]","[2048, 2048, 2048, 2048, 2048, 2048, 2048, 2048]",[2048],155
1287,11303,6,14,2026-06-13T15:12:04.305000+00:00,31.426,39.402,,193,201,False,,"[None, 2048, 2048, 2048, 2048, 2048, 2048]","[2048, 2048, 2048, 2048, 2048, 2048, 2048, 2048]",[2048],191
1287,11303,44,14,2026-06-13T15:12:10.830000+00:00,31.086,39.059,40.341,191,196,False,110.486,"[2048, 2048, 2048, 2048, 2048, 2048, 2048]","[2048, 2048, 2048, 2048, 2048, 2048, 2048, 2048]","[2048, 2048, 2048, 2048, 2064, 2064, 2064]",210
